Name,Surname,Phone Number,City,Interested Apartment,Owner PESEL,Start Date of the Selling Process,Status,Buyer First Contact Date
Mikołaj,Czerniakiewicz,+48 116 939 565,Warsaw,Lechitow 17/20,43030898766,2023-06-24,payment,2023-08-22
Borys,Dudkowiak,+48 687 347 396,Krakow,Rzeszowska 79/97,59052309780,2023-07-17,payment,2024-06-03
Albert,Goliszek,+48 473 617 215,Wroclaw,Mickiewicza 62/24,82062371904,2022-11-21,payment,2020-02-27
Michał,Golda,+48 493 994 657,Krakow,Rzeszowska 34/1,67102270092,2022-12-29,payment,2023-05-22
Gustaw,Smolka,+48 675 740 260,Warsaw,Krasinskiego 74/26,62091056694,2023-02-16,payment,2021-07-20
Sara,Patrzałek,+48 919 682 631,Gdansk,Targ Weglowy 59/53,74102504438,2023-02-13,contract signing,2022-01-20
Józef,Siarkiewicz,+48 554 241 297,Krakow,Wielopole 69/95,78060656527,2021-09-18,contract signing,2021-11-20
Norbert,Prokopiak,+48 734 584 486,Poznan,Sienkiewicza 92/24,49070846239,2021-07-21,contract signing,2022-08-26
Tola,Puc,+48 287 599 926,Gdansk,Alei Grunwaldzka 39/3,55061580592,2021-12-29,payment,2022-07-19
Marika,Palak,+48 507 105 947,Poznan,Tory 41/16,86072226388,2022-01-08,payment,2023-11-26
Cyprian,Skonieczka,+48 412 921 807,Gdansk,Piastowska 86/12,72070305420,2020-03-03,payment,2024-07-05
Blanka,Matejczyk,+48 797 833 977,Poznan,Gorzyslawa 15/40,54052858722,2020-11-24,payment,2022-02-20
Maks,Danisz,+48 224 303 871,Poznan,Wiosna 17/4,85051464223,2020-06-02,payment,2021-10-07
Fabian,Serzysko,+48 387 749 771,Warsaw,Limanowskiego 100/34,00061737772,2024-08-19,contract signing,2024-10-30
Rozalia,Dyszy,+48 727 667 507,Wroclaw,Zaodrze 77/2,46082027359,2021-11-12,payment,2023-01-27
Kamila,Szaj,+48 161 585 872,Wroclaw,Grabiszynska 3/44,61021237712,2024-12-06,payment,2020-10-25
Lidia,Piwek,+48 539 536 436,Wroclaw,Ziebicka 37/6,48112485162,2024-06-21,payment,2022-04-09
Olga,Malara,+48 868 288 241,Wroclaw,Sudecka 74/17,74040294536,2022-06-04,contract signing,2022-06-20
Grzegorz,Rudolf,+48 908 826 331,Warsaw,Ludwika Rydygiera 98/81,99082701642,2024-04-20,payment,2022-11-09
Leon,Glica,+48 515 516 139,Warsaw,Stalowa 64/66,54061592316,2024-01-12,contract signing,2022-05-06
Piotr,Sykut,+48 520 900 982,Warsaw,Krakowskie Przedmiescie 84/12,74021068022,2023-02-12,payment,2022-12-28
Eryk,Szłapka,+48 453 767 742,Wroclaw,Obornicka 88/98,44100374614,2021-03-29,payment,2022-04-10
Jerzy,Kudełka,+48 741 726 420,Wroclaw,Polan 23/93,67061915306,2020-04-05,payment,2023-10-18
Róża,Opioła,+48 759 592 474,Wroclaw,Czarnowiejska 18/3,94072413909,2021-07-02,payment,2020-09-27
Tadeusz,Rajman,+48 473 482 855,Krakow,Pilsudskiego 82/91,98030104612,2022-04-19,payment,2021-07-02
Kazimierz,Dryka,+48 918 726 880,Gdansk,Ostroda 80/20,40080569839,2020-04-12,payment,2024-08-20
Angelika,Misiurek,+48 333 920 102,Warsaw,Limanowskiego 3/74,00060508566,2020-10-19,payment,2024-09-12
Monika,Sudak,+48 859 410 220,Krakow,Jozefa 40/34,53091966445,2022-07-05,payment,2020-12-01
Andrzej,Nieszporek,+48 558 454 981,Warsaw,Bialostocka 55/71,93012857450,2020-12-11,payment,2023-09-24
Aleks,Ryndak,+48 909 489 897,Warsaw,Sowinskiego 57/6,92062312869,2023-02-21,payment,2023-11-17
Adrianna,Mikita,+48 584 878 331,Warsaw,Krasinskiego 79/40,51081548813,2022-11-28,payment,2022-04-13
Sandra,Kenig,+48 844 293 671,Warsaw,Powisle 64/15,58011936276,2020-09-05,payment,2023-10-05
Gabriel,Ryfa,+48 906 473 314,Poznan,Staroleka 75/59,93051606219,2021-12-29,payment,2024-10-31
Jerzy,Tyma,+48 657 875 515,Poznan,Wlasnosciowa 19/51,45092287973,2021-03-02,payment,2024-03-23
Borys,Miśkowiec,+48 131 161 782,Gdansk,Gdanska 62/68,89030242952,2021-02-18,payment,2022-02-13
Oskar,Stryjek,+48 479 556 756,Wroclaw,Olawka 86/94,06042468145,2024-09-30,payment,2024-02-05
Emil,Sarota,+48 510 345 856,Warsaw,Krakowskie Przedmiescie 55/86,60121327873,2022-06-09,payment,2022-11-02
Sylwia,Kleina,+48 989 754 602,Krakow,Wielopole 46/98,51021186697,2023-01-26,contract signing,2022-03-05
Gustaw,Niklewicz,+48 167 589 720,Poznan,Wlasnosciowa 80/5,83092830487,2021-05-03,payment,2023-03-26
Kaja,Solich,+48 942 458 378,Poznan,Pieciomorgowa 6/17,80010714160,2024-10-12,contract signing,2024-03-11
Anna Maria,Bodek,+48 660 629 621,Poznan,Poludniowa 72/61,79120757972,2024-11-23,payment,2020-08-12
Przemysław,Kubek,+48 264 256 548,Wroclaw,Sudecka 70/69,05031710863,2024-12-27,payment,2020-04-11
Lidia,Wiraszka,+48 553 546 734,Krakow,Aleja Roz 88/55,72010170419,2022-04-22,payment,2024-02-25
Alan,Markiel,+48 920 321 414,Krakow,Grodzka 64/4,74102404806,2021-11-19,payment,2021-02-14
Piotr,Eckert,+48 221 222 444,Krakow,Podgorki 100/10,00052766693,2020-09-08,contract signing,2024-03-08
Anastazja,Lada,+48 815 586 193,Poznan,Zernickie 33/76,97090474002,2022-10-29,payment,2024-01-02
Jerzy,Bondyra,+48 593 864 183,Gdansk,Nowe Wrota 43/62,70081631323,2024-05-31,payment,2024-07-25
Krystyna,Zinkiewicz,+48 893 746 999,Warsaw,Rakowiecka 58/77,91072784550,2022-03-03,payment,2021-09-23
Jędrzej,Pytlarz,+48 357 679 902,Wroclaw,Sudecka 34/36,65020706846,2022-11-10,payment,2024-03-18
Olgierd,Kocaj,+48 596 950 932,Poznan,Przybyszowska 8/55,51060599382,2022-01-29,payment,2020-05-03
Leon,Friedrich,+48 448 778 143,Wroclaw,Wroclawska 66/52,95060798686,2022-04-13,payment,2023-04-03
Cyprian,Szumny,+48 351 118 116,Wroclaw,Olawska 70/94,48070709052,2021-05-02,contract signing,2020-01-24
Dorota,Bogdał,+48 394 105 929,Wroclaw,Miejska 46/66,89072664042,2021-01-05,payment,2021-11-05
Marianna,Sulich,+48 719 108 112,Gdansk,Alei Grunwaldzka 78/33,80112335368,2023-05-31,contract signing,2022-01-25
Janina,Foremniak,+48 713 398 749,Warsaw,Chmielna 67/99,54041206006,2022-02-08,payment,2020-05-07
Ida,Dudała,+48 246 117 828,Gdansk,Abrahama 82/34,97101279198,2023-06-05,contract signing,2023-09-05
Jacek,Giersz,+48 491 456 510,Krakow,Aleja Roz 95/51,92060763742,2023-02-13,payment,2024-03-02
Adrianna,Wiekiera,+48 369 903 130,Krakow,Plac Nowy 24/40,90121840348,2023-12-25,payment,2023-03-10
Agnieszka,Świt,+48 236 360 507,Warsaw,Rakowiecka 13/42,49101985263,2021-09-17,payment,2024-06-19
Fabian,Tryka,+48 641 206 184,Poznan,Czajkowska 96/76,72092708407,2023-08-06,payment,2023-11-21
Julian,Sidorczuk,+48 256 152 810,Poznan,Laskowicka 57/18,93030619948,2020-05-01,payment,2021-03-15
Tola,Surdyk,+48 545 148 344,Warsaw,Batory 99/92,82012144596,2024-04-29,payment,2021-05-01
Dorota,Chylak,+48 444 958 632,Warsaw,Pulawska 89/63,86082577805,2024-12-25,payment,2023-01-16
Julita,Salach,+48 421 334 635,Poznan,Laskocze 11/21,54122550990,2024-02-01,payment,2023-06-13
Kazimierz,Żuberek,+48 407 480 458,Warsaw,Nowy Swiat 21/12,87072187035,2024-08-07,payment,2022-11-05
Róża,Sudak,+48 550 232 855,Wroclaw,Miejska 40/41,46050966482,2021-02-12,payment,2022-04-19
Antoni,Kucewicz,+48 390 404 430,Poznan,Pieciomorgowa 76/2,65112731253,2022-08-26,payment,2020-01-17
Ksawery,Krysta,+48 242 834 362,Krakow,Plac Nowy 11/72,06092218837,2023-04-09,payment,2021-10-22
Julita,Kolman,+48 960 334 311,Poznan,Staroleka 24/19,98062793383,2023-01-26,payment,2020-11-25
Rafał,Kamela,+48 760 484 917,Warsaw,Chmielna 47/56,69091956580,2024-09-21,contract signing,2020-09-23
Natan,Miękus,+48 593 620 736,Krakow,Centralna 58/51,01120971694,2022-09-04,payment,2022-04-09
Liwia,Jonik,+48 860 632 182,Warsaw,Bialostocka 59/86,02022013154,2024-11-06,payment,2024-03-12
Marcin,Pacewicz,+48 685 348 709,Wroclaw,Olawska 27/87,71032592494,2020-04-23,contract signing,2021-03-08
Lidia,Cherek,+48 263 600 636,Warsaw,Chmielna 6/51,76021386946,2022-03-28,payment,2022-08-14
Bianka,Kucharz,+48 757 813 125,Warsaw,Zabkowska 15/21,46102659944,2024-10-25,payment,2021-08-25
Gaja,Suchta,+48 314 786 938,Poznan,Laskotelna 71/26,58101805332,2020-12-04,payment,2024-12-09
Dariusz,Świgoń,+48 533 899 634,Warsaw,Krakowskie Przedmiescie 43/96,74022351985,2021-06-23,payment,2022-05-30
Janina,Siciarz,+48 807 650 435,Warsaw,Klopot 28/30,01010219998,2024-02-24,payment,2020-03-03
Wiktor,Osada,+48 103 157 517,Krakow,Rzeszowska 20/37,84022043524,2021-08-28,payment,2021-03-29
Mateusz,Krzosek,+48 669 298 609,Poznan,Laskotelna 45/78,72012331489,2024-02-26,payment,2020-10-23
Mateusz,Zbrożek,+48 539 645 161,Krakow,Lobzow 68/10,97091223568,2024-01-04,payment,2020-06-08
Rozalia,Plizga,+48 838 674 626,Warsaw,Bialostocka 79/56,79041986873,2024-07-28,payment,2023-02-21
Agnieszka,Trzmiel,+48 537 239 407,Warsaw,Wilenska 100/35,05091590920,2023-03-17,contract signing,2024-09-12
Aniela,Szaruga,+48 267 426 450,Wroclaw,Sudecka 32/73,57051511984,2022-01-24,contract signing,2023-06-26
Iwo,Zapora,+48 513 328 993,Poznan,Kraszewskiego 63/49,00081494341,2020-07-17,payment,2022-07-16
Witold,Pośnik,+48 304 792 893,Poznan,Polwiejska 18/69,55091228525,2022-08-23,payment,2022-07-04
Tobiasz,Dułak,+48 292 801 536,Gdansk,Podwale Staromiejskie 59/95,83080923409,2023-05-09,payment,2021-09-25
Marcin,Syroka,+48 450 249 847,Poznan,Wiosna 62/31,69082648227,2022-10-13,payment,2024-01-04
Cezary,Łyskawa,+48 379 943 502,Gdansk,Dluga 55/89,85072430313,2021-07-19,payment,2020-10-31
Sebastian,Zeman,+48 743 729 349,Wroclaw,Aleja 1 Maja 24/80,40082356899,2022-10-19,contract signing,2020-01-03
Inga,Kocaj,+48 816 345 234,Krakow,Grodzka 62/54,95081918090,2020-07-13,payment,2024-02-16
Blanka,Świgoń,+48 867 308 716,Wroclaw,Olawska 4/53,87121770135,2022-10-02,payment,2023-03-23
Marcel,Bystroń,+48 383 826 902,Gdansk,Targ Weglowy 54/14,01062566987,2023-07-15,payment,2022-11-09
Konstanty,Wawrzyczek,+48 960 914 300,Krakow,Mysliwska 3/76,78042407242,2024-06-19,payment,2023-08-17
Igor,Elert,+48 131 448 828,Gdansk,Dlugi Targ 95/50,82060953515,2023-11-08,payment,2021-07-05
Karina,Martyka,+48 559 880 700,Poznan,Swiety Marcin 37/51,91062806318,2024-04-03,payment,2020-02-26
Dagmara,Domian,+48 730 785 146,Krakow,Kasprowicza 48/86,82072243222,2021-10-12,payment,2023-05-08
Anna Maria,Niesporek,+48 816 971 909,Krakow,Mysliwska 71/52,41122430072,2021-04-06,payment,2023-05-11
Franciszek,Jankowicz,+48 543 992 486,Wroclaw,Olawska 54/78,65030746955,2023-04-19,contract signing,2020-07-05
Paweł,Świadek,+48 843 866 836,Gdansk,Dluga 16/83,60051635912,2021-04-30,payment,2021-08-10
Gabriel,Apanowicz,+48 181 756 107,Poznan,Staroleka 56/88,55021669857,2023-03-28,contract signing,2024-12-13
Anastazja,Gabara,+48 522 116 515,Poznan,Strzeszynska 35/91,48100620850,2022-04-13,payment,2023-08-29
Urszula,Cegła,+48 835 932 421,Poznan,Laskowicka 26/55,88060926245,2022-05-24,payment,2021-04-13
Julita,Miszkiel,+48 941 260 109,Poznan,Polwiejska 22/4,60011662983,2022-04-26,payment,2020-04-15
Gaja,Kuban,+48 719 757 331,Poznan,Kraszewskiego 86/26,03082071375,2022-06-11,payment,2024-12-04
Anna Maria,Miechowicz,+48 382 352 853,Krakow,Lipowa 85/87,04041331378,2020-01-11,payment,2022-04-30
Przemysław,Paczos,+48 911 189 877,Warsaw,Limanowskiego 10/67,97022833329,2021-11-25,payment,2022-07-17
Marcelina,Graboń,+48 841 560 670,Krakow,Kasprowicza 29/12,64050447387,2020-06-24,payment,2022-03-23
Leonard,Lewek,+48 579 809 342,Gdansk,Trojmiasto 6/64,82060117634,2024-04-27,payment,2021-04-30
Dawid,Rzucidło,+48 153 574 480,Wroclaw,Grabiszynska 99/54,57121644082,2020-09-03,payment,2023-06-14
Monika,Prokopczuk,+48 927 728 671,Gdansk,Dlugi Targ 46/66,63020941829,2022-04-03,contract signing,2020-03-17
Sara,Amanowicz,+48 280 115 162,Gdansk,Zaspa 95/100,61020733790,2024-06-24,payment,2022-08-14
Olgierd,Kotlarek,+48 730 796 108,Krakow,Lipowa 77/2,83070213598,2022-11-03,payment,2024-06-14
Monika,Drygała,+48 102 483 841,Poznan,Tory 72/50,66021882894,2020-04-15,payment,2024-12-19
Jeremi,Zegar,+48 213 471 777,Krakow,Grodzka 99/24,86051796017,2020-07-22,payment,2024-05-18
Ida,Nojman,+48 638 316 399,Gdansk,Polski Czerwony Krzyz 92/73,75102007914,2024-08-30,payment,2024-07-12
Natan,Matyszczak,+48 129 201 384,Wroclaw,Hutnicza 90/79,68021495582,2022-10-07,contract signing,2024-06-23
Mikołaj,Tatarczyk,+48 212 336 589,Warsaw,Pulawska 6/5,43061325318,2022-12-08,contract signing,2020-09-25
Dawid,Czupryn,+48 285 979 731,Poznan,Tory 78/44,53110581321,2020-01-12,payment,2020-02-09
Sandra,Kłoczko,+48 671 727 566,Wroclaw,Osobowicka 9/8,88050775916,2024-12-07,payment,2021-10-23
Robert,Piątkiewicz,+48 478 781 878,Wroclaw,Swietego Mikolaja 9/84,71112733447,2022-07-21,payment,2022-10-11
Anita,Nocek,+48 142 797 627,Gdansk,Podwale Staromiejskie 31/3,65010912039,2021-07-31,payment,2020-12-09
Sonia,Fularczyk,+48 300 554 908,Poznan,Pieciomorgowa 8/38,53032514177,2023-01-16,payment,2022-11-08
Błażej,Pietraszkiewicz,+48 939 768 267,Krakow,Swietokrzyska 57/92,70090507691,2023-07-17,payment,2021-11-01
Sebastian,Armatys,+48 451 639 448,Warsaw,Marszalkowska 62/29,75020309888,2022-12-02,payment,2024-10-13
Gabriel,Gul,+48 865 303 877,Poznan,Sienkiewicza 86/1,42122563139,2023-01-10,payment,2024-06-27
Łukasz,Daniec,+48 914 514 607,Poznan,Laskotelna 28/77,84020998529,2024-05-14,contract signing,2021-01-19
Krystian,Hankiewicz,+48 423 328 975,Wroclaw,Zaodrze 91/96,42112535056,2021-11-27,payment,2024-06-17
Karina,Kott,+48 705 289 332,Krakow,Centralna 71/26,79071768571,2022-09-27,payment,2023-04-25
Wiktor,Nijak,+48 871 314 779,Krakow,Szeroka 21/38,48031795609,2023-04-21,payment,2024-08-04
Oliwier,Mielcarz,+48 750 244 228,Krakow,Florianska 16/4,50062197147,2020-07-27,payment,2024-08-09
Filip,Kaczmar,+48 713 374 417,Krakow,Karmelicka 78/16,70052418739,2020-02-19,payment,2023-03-26
Krzysztof,Mydlak,+48 948 150 655,Gdansk,Bociania 30/59,04012801912,2020-02-02,payment,2021-11-23
Nataniel,Grzelczyk,+48 328 937 904,Poznan,Opolska 37/94,64111976081,2023-03-01,payment,2023-09-17
Klara,Hołubowicz,+48 436 140 445,Poznan,Staroleka 96/69,55081211258,2021-12-25,payment,2022-03-10
Eliza,Nehring,+48 433 626 923,Wroclaw,Mickiewicza 22/89,93040220235,2020-06-16,payment,2022-10-16
Maurycy,Furgał,+48 818 324 436,Poznan,Czajkowska 28/70,58082508970,2020-09-06,payment,2022-09-22
Aurelia,Mały,+48 660 935 700,Gdansk,Nowe Wrota 62/44,48080264082,2021-10-21,payment,2023-05-16
Apolonia,Wyrwał,+48 710 690 124,Warsaw,Narbutta 79/45,97042585587,2022-01-03,payment,2021-12-05
Fryderyk,Kupś,+48 485 639 801,Gdansk,Trojmiasto 35/32,43102173610,2023-08-01,payment,2023-12-26
Adam,Korzekwa,+48 623 557 972,Wroclaw,Swietego Mikolaja 66/37,66012497342,2020-03-15,contract signing,2022-02-11
Jakub,Franc,+48 430 642 134,Wroclaw,Katedralna 59/99,91102575703,2024-05-31,contract signing,2024-07-26
Apolonia,Ciuba,+48 787 278 179,Wroclaw,Olawska 72/85,83040136931,2021-04-11,payment,2020-06-08
Kacper,Nowek,+48 950 195 614,Wroclaw,Legnicka 7/24,64032072471,2021-10-13,contract signing,2023-02-23
Urszula,Saczuk,+48 420 941 867,Krakow,Kasprowicza 85/95,67051924895,2020-05-02,payment,2023-03-03
Adam,Nazar,+48 560 107 556,Gdansk,Aleja Jana Pawla II 74/52,97082456821,2021-07-08,payment,2024-09-01
Jacek,Przybycień,+48 162 557 699,Wroclaw,Aleja 1 Maja 30/30,83020815115,2021-06-25,payment,2021-11-29
Ewa,Lewek,+48 298 334 585,Gdansk,Wielki Mlyn 52/28,43012253213,2022-11-17,payment,2023-09-16
Jerzy,Jarkiewicz,+48 190 941 812,Wroclaw,Aleja 1 Maja 58/77,86010504127,2024-05-05,payment,2024-05-21
Kacper,Bogdał,+48 242 212 678,Poznan,Laskotelna 100/70,76012269876,2021-09-23,payment,2023-11-18
Tymoteusz,Romańczyk,+48 142 222 964,Warsaw,Krakowskie Przedmiescie 32/46,96012798013,2024-08-13,contract signing,2023-11-11
Karol,Żołądź,+48 730 945 394,Krakow,Lobzow 68/9,98082847145,2020-03-07,payment,2022-07-11
Liwia,Klos,+48 611 444 810,Poznan,Grunwaldzka 54/40,42082418036,2024-06-13,payment,2022-09-27
Tomasz,Franków,+48 946 958 452,Warsaw,Lechitow 6/86,59112646987,2022-04-10,payment,2023-04-14
Ksawery,Potyrała,+48 581 621 212,Poznan,Dabrowa 72/73,89010351669,2021-08-02,payment,2022-01-26
Gaja,Citko,+48 354 666 291,Poznan,Mikolajewska 56/42,75071879567,2020-07-04,payment,2020-05-22
Ewelina,Filak,+48 525 298 791,Wroclaw,Rynkowska 16/53,83090737793,2023-04-25,payment,2022-03-03
Dawid,Bochnia,+48 269 995 391,Gdansk,Trojmiasto 92/89,41060621084,2022-05-29,payment,2020-07-16
Sara,Filek,+48 230 681 455,Wroclaw,Czarnowiejska 42/8,88011523125,2022-11-16,payment,2023-12-30
Marianna,Wijata,+48 311 506 849,Gdansk,Targ Weglowy 47/16,83081867575,2020-05-11,payment,2024-06-24
Sylwia,Zdobylak,+48 594 425 152,Poznan,Tory 33/61,49020762529,2021-01-19,payment,2021-03-17
Cezary,Garncarz,+48 124 276 378,Poznan,Tory 73/53,54071519051,2024-04-14,payment,2020-11-02
Marika,Dybał,+48 357 469 442,Krakow,Wiosny Ludow 55/19,75012720774,2022-05-07,payment,2023-06-12
Liwia,Jonczyk,+48 505 220 566,Krakow,Podgorki 17/79,61112633106,2021-01-07,payment,2023-10-09
Leon,Dybka,+48 143 988 371,Wroclaw,Grabiszynska 96/17,79041230422,2024-04-04,payment,2021-12-22
Inga,Cięciwa,+48 179 443 389,Wroclaw,Miejska 87/79,40070358090,2022-10-20,payment,2024-09-30
Julianna,Podleśna,+48 973 133 125,Poznan,Dabrowa 93/45,77071375289,2020-11-02,payment,2022-07-22
Ida,Krysik,+48 694 991 561,Warsaw,Mlynarska 95/6,62011881184,2022-03-18,payment,2022-03-03
Tomasz,Dudko,+48 475 277 186,Krakow,Chorazowka 88/13,44062764368,2023-03-29,payment,2021-02-12
Marcelina,Doliwa,+48 776 199 810,Gdansk,Piastowska 52/59,56052310462,2021-03-27,payment,2020-11-25
Jakub,Szymajda,+48 655 699 626,Warsaw,Stalowa 75/64,91080579292,2020-12-28,payment,2024-07-07
Wiktor,Michniak,+48 507 922 515,Poznan,Dabrowa 99/12,93100762592,2024-02-14,payment,2021-07-16
Leonard,Teter,+48 735 830 469,Gdansk,Trojmiasto 29/67,68010228054,2023-08-29,payment,2022-10-11
Bartek,Gumienny,+48 290 128 306,Gdansk,Targ Weglowy 39/95,81031658938,2020-11-03,payment,2021-12-13
Maciej,Procek,+48 184 624 964,Warsaw,Woronicza 51/1,93092322459,2021-01-13,payment,2023-10-11
Gaja,Mikiciuk,+48 275 183 878,Gdansk,Bociania 36/26,50081734714,2023-06-01,payment,2021-11-27
Anita,Judek,+48 720 939 104,Gdansk,Rynkowska 11/21,98051606078,2021-11-12,payment,2022-03-22
Damian,Materek,+48 376 486 561,Warsaw,Lechitow 21/18,88061572766,2024-05-20,payment,2020-08-19
Malwina,Hudzik,+48 975 310 340,Poznan,Wiosna 31/54,88101664561,2022-04-13,payment,2024-01-15
Daniel,Łaszczyk,+48 457 553 924,Poznan,Pieciomorgowa 44/24,44032397413,2023-02-24,payment,2021-07-28
Elżbieta,Margas,+48 567 871 707,Krakow,Wielopole 56/72,90042252349,2021-08-10,payment,2022-07-18
Eliza,Snoch,+48 600 145 773,Gdansk,Swinoujscie 48/20,98042251269,2020-11-13,payment,2020-02-21
Bianka,Kuczaj,+48 422 792 549,Gdansk,Dlugi Targ 12/6,46050285945,2020-03-25,payment,2024-04-24
Robert,Pachnik,+48 677 720 161,Gdansk,Alei Grunwaldzka 84/67,90020124178,2020-03-17,payment,2023-06-28
Marianna,Wawrzynowicz,+48 744 768 362,Poznan,Staroleka 87/53,45051462768,2023-07-24,payment,2023-05-17
Tymon,Pezda,+48 230 209 337,Wroclaw,Olawska 41/93,67071851278,2022-02-09,payment,2022-12-30
Witold,Żabka,+48 474 617 966,Wroclaw,Wroclawska 37/61,04012488809,2024-03-30,payment,2020-01-29
Elżbieta,Fidos,+48 135 357 544,Warsaw,Stalowa 37/6,47120226228,2020-03-20,payment,2021-04-16
Nikodem,Gałęza,+48 826 921 914,Gdansk,Wielki Mlyn 17/66,77051236180,2023-07-26,payment,2021-10-03
Tola,Kut,+48 840 230 913,Poznan,Zernickie 1/62,71101931784,2023-10-06,payment,2023-06-26
Adrian,Kubieniec,+48 495 623 491,Warsaw,Limanowskiego 53/20,79121541343,2020-08-14,payment,2022-01-27
Lidia,Matraszek,+48 884 696 869,Krakow,Pieciomorgowa 20/49,40122227631,2024-06-08,payment,2022-03-12
Natasza,Kulma,+48 553 902 353,Krakow,Krolowej Jadwigi 48/1,00121680901,2023-10-12,payment,2022-01-14
Roksana,Rup,+48 247 960 556,Wroclaw,Olawska 2/15,85071153947,2023-01-09,payment,2023-05-25
Cyprian,Hus,+48 552 393 122,Warsaw,Krasinskiego 11/28,64072530438,2020-07-04,payment,2023-01-07
Justyna,Stryjek,+48 662 620 995,Poznan,Garbary 11/25,73070460991,2020-10-26,payment,2021-08-26
Miłosz,Dudko,+48 962 916 918,Poznan,Garbary 85/25,67052057008,2020-06-19,payment,2024-05-14
Kornel,Maleszka,+48 189 680 570,Warsaw,Narbutta 65/6,53092246593,2024-01-29,payment,2020-02-08
Kaja,Fijoł,+48 422 285 512,Gdansk,Ostroda 9/37,47070644338,2024-07-25,payment,2023-12-01
Agnieszka,Ryznar,+48 527 447 969,Poznan,Pieciomorgowa 5/61,63051996173,2022-07-02,payment,2021-04-14
Maurycy,Bulczak,+48 741 797 620,Wroclaw,Swidnicka 73/91,47100397195,2024-02-13,payment,2020-10-17
Agnieszka,Liedtke,+48 343 105 644,Gdansk,Polski Czerwony Krzyz 18/31,57052050873,2024-01-22,payment,2022-02-19
Elżbieta,Galik,+48 667 456 389,Warsaw,Woronicza 91/5,61101935642,2023-03-08,payment,2024-07-02
Inga,Ochał,+48 213 719 262,Poznan,Garbary 1/48,75032495658,2021-11-22,payment,2022-04-29
Karol,Początek,+48 911 626 964,Wroclaw,Sudecka 6/36,94031440711,2020-03-01,payment,2024-03-18
Eliza,Dąbkiewicz,+48 935 439 453,Poznan,Strzeszynska 62/57,67112185780,2023-09-23,payment,2024-10-16
Blanka,Miętka,+48 628 262 351,Krakow,Aleja Roz 50/38,00022723602,2024-05-10,payment,2021-05-11
Kornel,Musiolik,+48 182 437 414,Warsaw,Sowinskiego 50/27,45010166706,2024-10-06,payment,2023-04-06
Michał,Mielke,+48 857 551 511,Wroclaw,Legnicka 64/8,83102367444,2021-08-12,contract signing,2021-01-21
Kajetan,Żabka,+48 108 125 215,Wroclaw,Grabiszynska 22/11,77080268789,2023-04-25,payment,2021-06-16
Juliusz,Ryfa,+48 941 265 954,Krakow,Chorazowka 58/97,56111809142,2021-06-07,payment,2022-08-08
Inga,Job,+48 784 292 974,Wroclaw,Aleja 1 Maja 30/36,99090393127,2023-08-12,contract signing,2024-09-03
Antoni,Kaczmarkiewicz,+48 294 586 322,Poznan,Kraszewskiego 71/20,73081968550,2021-02-03,payment,2022-06-06
Ernest,Citko,+48 754 500 119,Krakow,Mysliwska 46/7,48061492295,2022-07-15,payment,2024-06-12
Natasza,Roskosz,+48 227 758 550,Gdansk,Morska 66/72,86071630261,2021-05-07,payment,2021-03-20
Kamil,Nastaj,+48 428 559 496,Warsaw,Inzynierska 23/87,79041376175,2022-08-10,contract signing,2020-12-14
Jakub,Dziduch,+48 839 156 133,Gdansk,Targ Weglowy 32/56,73071904830,2024-10-10,payment,2020-02-01
Ksawery,Oskroba,+48 405 634 664,Wroclaw,Biskupin 34/50,88092017128,2024-11-21,payment,2020-09-15
Tymoteusz,Jarczak,+48 741 316 812,Warsaw,Narbutta 70/36,78040687655,2020-11-11,payment,2024-11-10
Róża,Mazepa,+48 863 544 195,Poznan,Opolska 88/81,81101180125,2024-08-05,payment,2021-08-10
Gaja,Forysiak,+48 490 780 406,Warsaw,Targowa 31/11,72050245805,2024-07-04,payment,2020-11-03
Natasza,Sulich,+48 260 237 844,Poznan,Czajkowska 95/88,91050694358,2024-10-16,payment,2020-01-01
Mateusz,Piwek,+48 934 641 924,Gdansk,Piastowska 86/57,58052247458,2023-09-29,payment,2022-10-29
Jerzy,Chwedczuk,+48 368 628 787,Poznan,Zernickie 67/98,56102868437,2020-03-01,payment,2024-06-15
Tymoteusz,Neubauer,+48 989 519 457,Wroclaw,Biskupin 63/9,85031392832,2023-01-18,payment,2022-08-12
Józef,Kocurek,+48 905 417 196,Gdansk,Piastowska 19/43,75102092305,2021-11-12,contract signing,2022-06-10
Jacek,Dulemba,+48 959 531 329,Poznan,Laskotelna 33/47,58032766227,2023-07-11,contract signing,2024-06-21
Cyprian,Pietrek,+48 789 262 714,Poznan,Strzeszynska 39/93,80091298092,2020-02-13,contract signing,2022-12-21
Nikodem,Kanik,+48 301 522 624,Krakow,Odrzanska 88/97,04121059648,2021-03-02,payment,2020-04-28
Szymon,Piwowarek,+48 371 815 847,Warsaw,Batory 84/81,75022713508,2022-09-21,contract signing,2024-06-15
Nicole,Ziarek,+48 105 437 260,Warsaw,Stalowa 68/18,57060316239,2022-11-13,contract signing,2020-01-03
Lidia,Straszak,+48 227 400 114,Poznan,Laskotelna 6/84,58022717116,2024-12-13,payment,2021-07-15
Ada,Laszczyk,+48 208 142 849,Poznan,Poludniowa 99/99,56050703264,2024-09-19,payment,2021-04-24
Liwia,Dylong,+48 867 464 417,Poznan,Strzeszynska 65/68,82080429885,2022-12-29,payment,2020-05-31
Ada,Wikło,+48 665 736 862,Gdansk,Wielki Mlyn 86/53,54071346145,2023-06-04,contract signing,2021-01-18
Aurelia,Ważny,+48 806 341 286,Warsaw,Rakowiecka 74/77,71071337867,2020-03-10,payment,2021-03-03
Gaja,Dywan,+48 844 822 613,Krakow,Wielopole 66/76,77102089228,2024-09-09,payment,2023-07-15
Urszula,Bruś,+48 154 302 931,Poznan,Pieciomorgowa 90/23,55092124042,2022-03-29,payment,2023-02-28
Bartek,Roda,+48 235 333 987,Warsaw,Zabkowska 68/13,45070935944,2023-06-10,payment,2024-09-09
Józef,Bojczuk,+48 294 510 412,Warsaw,Krasinskiego 8/29,59032640737,2024-12-22,payment,2022-03-12
Daniel,Zugaj,+48 158 421 470,Wroclaw,Biskupin 12/27,01061200822,2022-01-25,payment,2022-11-02
Ernest,Szajda,+48 696 391 361,Poznan,Laskotelna 66/8,40030792038,2023-08-09,contract signing,2023-11-28
Ernest,Kobza,+48 389 874 600,Warsaw,Limanowskiego 2/38,03062067062,2022-07-14,payment,2023-04-13
Filip,Obuchowicz,+48 475 215 950,Poznan,Polwiejska 73/81,45021212131,2022-12-14,payment,2022-08-18
Daniel,Kręcisz,+48 782 483 571,Warsaw,Targowa 29/75,78022114690,2023-11-18,contract signing,2024-03-12
Kazimierz,Łosiak,+48 978 910 713,Poznan,Przybyszowska 38/27,93110348779,2021-01-23,payment,2020-06-13
Adrianna,Nalazek,+48 780 445 754,Poznan,Tory 57/100,05080532108,2023-03-31,payment,2023-12-10
Ernest,Gierasimiuk,+48 519 800 939,Krakow,Karmelicka 55/80,75031576279,2021-02-10,payment,2021-10-09
Eliza,Bejger,+48 910 455 115,Gdansk,Dlugi Targ 74/89,41050799065,2021-09-17,payment,2024-06-30
Kaja,Bluszcz,+48 653 854 661,Gdansk,Bociania 100/14,40040974770,2020-12-19,contract signing,2023-11-19
Ada,Zach,+48 707 555 149,Poznan,Wlasnosciowa 11/47,40111779435,2021-08-08,payment,2023-05-25
Karol,Rejniak,+48 214 966 934,Poznan,Kraszewskiego 2/1,03060917208,2023-04-09,payment,2020-08-02
Aleksander,Łukowiak,+48 216 630 372,Gdansk,Wielki Mlyn 47/73,65072495257,2021-02-20,payment,2023-05-25
Adrian,Bilik,+48 909 428 200,Wroclaw,Mickiewicza 95/10,96100662664,2024-03-11,payment,2021-08-03
Malwina,Koćwin,+48 562 134 673,Krakow,Karmelicka 30/36,62030968123,2023-01-24,payment,2020-04-06
Eliza,Karnas,+48 893 767 348,Warsaw,Bialostocka 97/57,90042092132,2022-05-19,payment,2023-12-25
Sebastian,Bona,+48 771 114 827,Poznan,Grunwaldzka 91/22,83071203013,2021-02-10,payment,2024-11-21
Borys,Giersz,+48 526 594 710,Warsaw,Narbutta 54/63,91052686140,2022-05-07,payment,2020-08-17
Artur,Kapciak,+48 957 833 757,Poznan,Swiety Marcin 24/13,43050924289,2024-02-21,payment,2021-02-11
Maksymilian,Juras,+48 732 247 767,Poznan,Opolska 47/80,49072298690,2023-07-24,payment,2021-08-28
Inga,Plak,+48 729 731 991,Gdansk,Jaskowa Dolina 92/6,01040167102,2022-06-11,payment,2024-11-21
Miłosz,Dąbkiewicz,+48 137 640 663,Poznan,Kroniki 15/53,58020179086,2022-05-02,payment,2024-04-12
Alex,Kunysz,+48 682 159 401,Wroclaw,Zaodrze 52/85,55061914999,2023-05-20,payment,2023-06-05
Eliza,Chruszcz,+48 829 360 343,Krakow,Wielopole 59/69,05082460977,2020-02-05,payment,2023-12-06
Alex,Soroko,+48 891 123 571,Gdansk,Gdanska 5/40,03011421846,2024-01-29,payment,2021-03-19
Krystian,Klepka,+48 786 814 447,Poznan,Garbary 32/47,54052671604,2024-04-10,payment,2023-03-06
Kamila,Oleszko,+48 968 569 729,Wroclaw,Katedralna 43/19,85080394342,2020-10-20,payment,2020-11-11
Wiktor,Oziębło,+48 334 456 943,Gdansk,Bociania 92/9,52082760729,2020-11-03,payment,2024-05-15
Kaja,Leszczuk,+48 753 290 829,Wroclaw,Polan 21/77,93062870331,2022-03-19,payment,2022-01-24
Maurycy,Startek,+48 292 578 530,Krakow,Dluga 29/16,48051680194,2021-01-19,payment,2021-05-19
Monika,Dulas,+48 770 187 959,Gdansk,Swinoujscie 93/59,75110391582,2023-01-05,payment,2023-07-20
Albert,Czenczek,+48 673 200 111,Wroclaw,Olawska 39/69,78031565085,2023-03-19,payment,2024-04-07
Ida,Rawa,+48 629 641 583,Poznan,Pieciomorgowa 58/69,70031442687,2021-01-18,payment,2022-03-21
Dorota,Kus,+48 136 258 521,Krakow,Jana Pawla II 26/10,66062150699,2021-11-07,payment,2020-03-24
Eliza,Welc,+48 116 346 572,Wroclaw,Miejska 4/66,63042107599,2023-08-20,payment,2021-11-19
Adrian,Martyka,+48 134 165 668,Poznan,Laskowicka 46/79,72112768837,2022-08-12,payment,2024-11-18
Ryszard,Fronczyk,+48 406 223 428,Gdansk,Jaskowa Dolina 56/99,48092201134,2024-03-01,contract signing,2022-07-29
Konstanty,Buk,+48 352 238 820,Poznan,Pieciomorgowa 85/8,45011409169,2022-03-18,payment,2022-03-18
Sara,Bubel,+48 991 529 575,Krakow,Krolowej Jadwigi 37/4,99032649725,2024-12-16,payment,2022-03-09
Iwo,Stawczyk,+48 431 448 418,Gdansk,Aleja Jana Pawla II 40/6,80090830006,2023-03-19,payment,2023-07-20
Tola,Polaszek,+48 764 888 945,Krakow,Lobzow 64/16,60072556678,2020-12-19,payment,2021-12-08
Kaja,Rajch,+48 335 628 313,Wroclaw,Mokotowska 68/2,89051183447,2021-02-12,payment,2020-08-30
Urszula,Pachowicz,+48 725 262 388,Gdansk,Morska 9/94,68080578200,2020-07-12,contract signing,2023-07-24
Krystyna,Dylik,+48 375 399 872,Poznan,Mikolajewska 57/33,45052574912,2022-12-12,payment,2022-02-03
Dawid,Różak,+48 424 965 438,Krakow,Szeroka 71/25,40022433143,2021-11-16,payment,2020-03-12
Igor,Blank,+48 990 112 310,Gdansk,Zaspa 58/39,84081008098,2023-10-26,payment,2024-07-17
Rozalia,Jereczek,+48 934 462 567,Krakow,Chorazowka 61/100,41091312076,2020-02-24,payment,2023-11-24
Adrianna,Gwara,+48 336 756 150,Krakow,Swietokrzyska 32/26,93121955146,2020-01-17,payment,2022-06-18
Apolonia,Lorens,+48 194 276 476,Wroclaw,Olawska 34/80,71080896243,2020-11-18,payment,2022-09-13
Fryderyk,Szkoła,+48 623 521 217,Krakow,Wandy 98/82,61040837793,2022-09-22,payment,2024-04-11
Aleksander,Fiutak,+48 533 114 592,Gdansk,Dlugi Targ 1/24,40050563397,2020-06-16,payment,2023-01-27
Ada,Witaszek,+48 199 638 828,Gdansk,Swinoujscie 11/34,42022364928,2024-04-19,payment,2024-08-25
Albert,Rolak,+48 999 233 435,Warsaw,Jagiellonska 99/57,55031235727,2022-05-31,payment,2024-10-28
Kornelia,Ofiara,+48 634 216 595,Krakow,Karmelicka 10/28,92092548496,2023-03-04,payment,2024-05-08
Patryk,Pacyga,+48 537 402 602,Gdansk,Nowe Wrota 53/12,58022596689,2023-09-24,payment,2021-03-17
Dawid,Kurcz,+48 427 310 276,Krakow,Szeroka 100/76,42011227892,2020-03-07,payment,2021-10-06
Eliza,Biegała,+48 352 550 852,Poznan,Opolska 72/9,97051682729,2020-01-02,payment,2022-03-15
Janina,Madura,+48 301 479 359,Gdansk,Jaskowa Dolina 92/85,62091831538,2021-03-23,payment,2021-06-06
Angelika,Księżyk,+48 357 741 271,Warsaw,Batory 28/45,48032353576,2022-12-20,payment,2023-01-08
Tomasz,Fiedler,+48 503 960 525,Gdansk,Podwale Staromiejskie 57/91,01072489881,2022-04-01,contract signing,2021-11-02
Nikodem,Natanek,+48 461 486 514,Gdansk,Gdanska 91/92,67031461439,2024-10-12,payment,2022-12-19
Tadeusz,Domińczak,+48 413 890 597,Krakow,Chorazowka 90/88,84020927718,2021-06-18,payment,2023-12-26
Adam,Mamcarz,+48 777 875 350,Poznan,Kroniki 10/81,41121034000,2024-01-06,payment,2024-12-12
Antoni,Kwinta,+48 327 603 415,Warsaw,Stalowa 42/22,78082064496,2024-11-22,payment,2021-02-17
Bruno,Szyndler,+48 733 472 712,Wroclaw,Zaodrze 5/80,56081706764,2022-12-17,payment,2024-02-28
Patryk,Borysiewicz,+48 759 837 258,Wroclaw,Osobowicka 78/67,60052734139,2023-09-24,payment,2023-09-03
Borys,Nowrot,+48 813 640 879,Gdansk,Targ Weglowy 37/15,51061053470,2022-01-09,contract signing,2023-04-29
Krystian,Pacura,+48 990 495 146,Wroclaw,Trzmielowice 8/59,92100604332,2024-11-04,payment,2021-07-05
Jerzy,Kott,+48 371 973 473,Poznan,Mikolajewska 62/17,06090860784,2022-03-04,payment,2022-05-07
Agnieszka,Kobryń,+48 834 782 506,Poznan,Blazenkowska 47/98,62011478395,2023-10-06,payment,2020-04-11
Dagmara,Kik,+48 215 998 589,Warsaw,Marszalkowska 4/24,93111344286,2024-03-23,payment,2024-06-30
Klara,Sobstyl,+48 227 426 841,Gdansk,Dluga 20/32,49051922745,2022-01-12,payment,2023-10-04
Urszula,Folga,+48 507 694 571,Warsaw,Mlynarska 53/22,51090571190,2022-09-28,payment,2021-11-09
Adrian,Romejko,+48 749 461 216,Krakow,Lobzow 8/74,58082773987,2022-11-07,payment,2020-08-14
Przemysław,Maszczyk,+48 821 644 173,Gdansk,Podgorna 53/58,87050273073,2020-10-25,payment,2024-02-27
Oliwier,Darul,+48 564 324 200,Gdansk,Dlugi Targ 30/27,75040938262,2021-12-09,payment,2021-01-29
Gabriel,Mirocha,+48 184 824 671,Wroclaw,Swietego Mikolaja 28/89,99070913567,2020-02-09,payment,2023-07-14
Nicole,Smolec,+48 583 767 743,Krakow,Dluga 58/94,47060625585,2024-10-01,payment,2024-09-09
Kamila,Surdyk,+48 611 737 697,Wroclaw,Ziebicka 26/12,89091888124,2020-03-17,contract signing,2024-10-12
Fabian,Przekop,+48 775 141 626,Warsaw,Stalowa 76/41,72092605841,2020-12-11,payment,2022-03-18
Wojciech,Parzyszek,+48 245 804 963,Krakow,Krolowej Jadwigi 51/94,85041554424,2022-11-14,payment,2024-10-22
Krystian,Pachowicz,+48 603 541 836,Wroclaw,Miejska 28/18,55122137129,2022-04-10,payment,2022-11-07
Eliza,Grymuza,+48 885 487 418,Poznan,Dabrowa 51/70,49081445582,2023-07-23,payment,2022-05-11
Marianna,Kosowicz,+48 110 344 797,Gdansk,Rynkowska 6/44,90102402477,2024-10-17,payment,2020-09-14
Patryk,Pabis,+48 360 428 493,Poznan,Strzeszynska 87/54,79032672040,2023-01-08,payment,2020-06-04
Przemysław,Sapeta,+48 153 306 389,Gdansk,Wielki Mlyn 78/61,50121959884,2023-10-03,payment,2023-08-07
Natasza,Miąsik,+48 696 357 401,Wroclaw,Olawska 41/60,75070129052,2021-12-28,payment,2021-03-07
Kamil,Dulewicz,+48 132 578 762,Wroclaw,Piekarska 72/44,74061441885,2024-01-12,payment,2020-11-01
Przemysław,Felisiak,+48 634 848 923,Krakow,Wielopole 3/38,02010783308,2023-07-19,payment,2023-09-19
Anna Maria,Leżoń,+48 568 261 175,Poznan,Dabrowa 1/70,52112207972,2021-07-31,payment,2020-10-19
Julianna,Orwat,+48 813 724 736,Gdansk,Ostroda 49/57,66091224886,2023-05-27,payment,2020-04-24
Gaja,Kapera,+48 120 519 652,Poznan,Pieciomorgowa 11/92,51081150001,2021-05-04,payment,2021-08-17
Angelika,Grębowiec,+48 974 732 367,Poznan,Swiety Marcin 94/62,89121198711,2024-10-20,payment,2020-11-12
Iwo,Pytlarz,+48 408 917 366,Poznan,Grunwaldzka 6/57,74011597604,2022-12-23,payment,2020-01-19
Anita,Kordys,+48 618 292 940,Gdansk,Abrahama 50/90,04121491862,2023-05-16,payment,2024-09-15
Nela,Danilczuk,+48 262 344 216,Krakow,Krolowej Jadwigi 41/34,81040431872,2022-02-09,payment,2023-10-31
Rozalia,Derek,+48 130 962 179,Krakow,Jozefa 29/99,70111787105,2024-01-01,payment,2023-12-29
Tobiasz,Niesporek,+48 962 476 842,Poznan,Wiosna 11/34,45071986475,2023-03-27,payment,2022-09-02
Róża,Kozon,+48 648 698 118,Warsaw,Zabkowska 44/4,95100681686,2024-09-29,payment,2021-04-22
Stanisław,Woszczak,+48 711 154 666,Gdansk,Podgorna 22/8,53060752299,2021-08-24,payment,2023-01-26
Krystyna,Serzysko,+48 479 256 533,Wroclaw,Aleja 1 Maja 18/61,46070169559,2023-05-30,payment,2020-07-20
Kamila,Kopała,+48 400 460 863,Poznan,Laskocze 75/25,72092438825,2023-05-06,payment,2021-07-22
Filip,Semenowicz,+48 523 182 301,Krakow,Szeroka 94/70,40030940363,2021-04-21,payment,2024-03-07
Artur,Morys,+48 325 735 229,Krakow,Szeroka 69/62,60062601926,2021-11-17,payment,2022-12-20
Oliwier,Damian,+48 676 818 635,Krakow,Podgorki 4/40,05101144376,2021-06-19,contract signing,2020-03-20
Blanka,Dębosz,+48 583 739 539,Warsaw,Marszalkowska 31/45,49070408781,2023-04-17,payment,2021-06-20
Kalina,Pela,+48 264 771 271,Warsaw,Batory 18/80,94091856233,2023-05-16,payment,2022-12-26
Cyprian,Walo,+48 604 152 422,Gdansk,Morska 61/52,64110575083,2024-07-13,payment,2024-09-26
Fryderyk,Rozumek,+48 553 688 448,Poznan,Poludniowa 96/28,65091792760,2020-01-10,payment,2020-08-05
Bartek,Kieloch,+48 552 226 922,Krakow,Centralna 78/95,66081720381,2024-08-12,payment,2020-06-30
Maksymilian,Małyszek,+48 788 795 600,Warsaw,Sowinskiego 86/25,48110496014,2022-08-25,payment,2022-01-01
Aurelia,Małas,+48 112 751 905,Warsaw,Targowa 4/21,46011037271,2023-02-03,payment,2020-02-12
Bruno,Szpara,+48 423 527 179,Wroclaw,Aleja 1 Maja 32/96,99060694928,2020-04-06,payment,2022-04-23
Aniela,Wożniak,+48 205 654 477,Gdansk,Karpacka 16/27,92041183095,2023-10-15,payment,2020-01-28
Witold,Bitner,+48 402 740 806,Krakow,Pilsudskiego 86/62,57110503211,2021-08-20,payment,2024-06-22
Krystian,Rybus,+48 556 289 821,Krakow,Kasprowicza 30/66,83102265780,2023-04-07,payment,2021-11-06
Sonia,Dyszkiewicz,+48 426 436 638,Warsaw,Limanowskiego 89/89,79041614817,2022-05-24,payment,2020-11-24
Bartek,Krzeszowiec,+48 297 233 384,Warsaw,Woronicza 3/61,53091942148,2024-08-16,payment,2021-05-17
Jacek,Trzcionka,+48 343 447 693,Wroclaw,Biskupin 99/71,84061583878,2023-03-13,payment,2023-06-10
Iwo,Korda,+48 229 555 812,Warsaw,Bialostocka 71/73,41061632780,2020-11-29,payment,2022-12-21
Maks,Gogol,+48 749 972 769,Warsaw,Mlynarska 31/29,81080281402,2023-04-17,payment,2021-11-06
Tola,Tatarek,+48 304 506 721,Krakow,Wielopole 3/56,91020991490,2020-11-23,contract signing,2021-08-16
Inga,Taczała,+48 190 973 594,Poznan,Mikolajewska 96/6,62020488123,2024-09-19,payment,2024-09-13
Blanka,Friedrich,+48 221 381 668,Poznan,Sienkiewicza 34/4,86122064788,2021-03-21,payment,2024-03-05
Fabian,Armatys,+48 685 797 177,Wroclaw,Mickiewicza 53/12,65031448825,2023-11-09,payment,2024-04-24
Anastazja,Nawój,+48 529 189 718,Poznan,Gorzyslawa 10/54,48032406649,2022-08-19,payment,2021-12-04
Blanka,Gubernat,+48 387 169 473,Poznan,Dabrowa 70/30,56082677225,2024-07-15,payment,2024-05-17
Józef,Gładka,+48 272 250 951,Poznan,Czajkowska 19/43,52061518574,2020-11-01,payment,2020-02-22
Anita,Bienia,+48 445 925 459,Krakow,Chorazowka 87/43,82011987024,2020-03-04,contract signing,2024-10-25
Witold,Giec,+48 667 856 551,Wroclaw,Wroclawska 78/32,06011904825,2021-02-18,payment,2023-11-08
Dominik,Wiszowaty,+48 797 590 221,Warsaw,Klopot 83/75,90050430881,2022-01-18,payment,2024-07-17
Eliza,Liedtke,+48 667 917 828,Gdansk,Abrahama 98/3,74081484356,2020-11-04,payment,2024-03-01
Kornelia,Maszczyk,+48 950 669 932,Warsaw,Nowy Swiat 97/91,65070253978,2021-08-30,payment,2024-06-15
Anita,Błaziak,+48 391 609 374,Gdansk,Trojmiasto 24/53,75051794996,2020-04-09,payment,2023-01-04
Sara,Futyma,+48 114 224 835,Gdansk,Aleja Jana Pawla II 73/99,72090823643,2023-09-01,payment,2024-03-12
Malwina,Jewuła,+48 970 513 706,Poznan,Kraszewskiego 40/90,90030501321,2024-07-26,payment,2023-05-10
Bruno,Heczko,+48 714 900 656,Wroclaw,Trzmielowice 83/53,62011884088,2020-07-10,payment,2024-02-25
Aurelia,Sady,+48 360 190 600,Gdansk,Podwale Staromiejskie 75/50,00021922774,2024-01-07,payment,2024-08-23
Marika,Szykuła,+48 157 696 730,Krakow,Mysliwska 79/8,60040392664,2020-11-13,contract signing,2022-09-30
Kajetan,Patrzałek,+48 356 434 215,Krakow,Swietokrzyska 2/7,44082493664,2022-01-30,payment,2024-05-22
Maks,Piechura,+48 209 328 528,Poznan,Kroniki 7/93,59022438072,2022-05-07,payment,2023-10-03
Julian,Ignatiuk,+48 307 341 175,Wroclaw,Miejska 45/94,05070438403,2022-01-23,payment,2023-05-28
Bruno,Sankiewicz,+48 211 114 762,Krakow,Wiosny Ludow 53/56,64072498253,2020-05-25,payment,2022-04-25
Gustaw,Chuchla,+48 226 332 570,Krakow,Krolowej Jadwigi 77/58,51100921142,2024-04-14,payment,2022-02-17
Nicole,Fabiańczyk,+48 378 331 230,Warsaw,Limanowskiego 49/49,57061866436,2020-09-02,payment,2022-02-23
Blanka,Marach,+48 544 938 325,Warsaw,Nowy Swiat 8/5,80062047036,2023-01-15,payment,2023-07-03
Róża,Starostka,+48 949 833 571,Krakow,Dluga 75/73,02091940540,2024-12-18,payment,2022-11-27
Kornelia,Dering,+48 459 122 496,Gdansk,Piastowska 82/11,70031121368,2024-12-21,contract signing,2021-01-01
Malwina,Szemraj,+48 295 663 791,Wroclaw,Mickiewicza 5/31,89100421546,2021-04-19,payment,2021-08-06
Tomasz,Drabczyk,+48 160 894 472,Poznan,Laskowicka 66/4,05072413653,2023-11-24,payment,2022-03-13
Dariusz,Owczarczak,+48 678 159 401,Krakow,Lipowa 11/38,73112173892,2024-04-18,payment,2020-06-28
Nela,Świętoń,+48 859 367 140,Warsaw,Jagiellonska 98/85,65052584043,2024-07-21,payment,2021-03-22
Adam,Śliż,+48 877 373 550,Gdansk,Jaskowa Dolina 28/39,57100636561,2020-02-13,payment,2022-03-20
Konstanty,Mikus,+48 435 960 154,Poznan,Pieciomorgowa 81/32,58010586755,2024-09-25,payment,2022-11-29
Blanka,Cieciora,+48 935 762 586,Krakow,Odrzanska 68/49,65091716906,2023-12-16,payment,2021-12-14
Sara,Goral,+48 287 305 925,Krakow,Aleja Roz 29/98,65030472201,2020-01-20,payment,2022-10-19
Eliza,Gierach,+48 943 559 890,Warsaw,Limanowskiego 50/34,64062620592,2021-05-20,payment,2020-11-29
Krystyna,Czuryło,+48 552 181 242,Gdansk,Trojmiasto 42/9,76080302136,2022-11-26,payment,2020-07-11
Jeremi,Breś,+48 228 968 718,Gdansk,Dlugi Targ 36/78,96122829137,2020-04-15,payment,2021-06-12
Albert,Taciak,+48 422 219 640,Wroclaw,Olawska 96/7,79092114052,2020-02-06,payment,2024-07-06
Sandra,Maciejczuk,+48 640 355 569,Warsaw,Stalowa 74/26,01051187474,2021-10-30,payment,2020-01-28
Cyprian,Henke,+48 472 561 546,Warsaw,Targowa 55/59,53030927401,2020-06-17,payment,2021-01-06
Justyna,Bartel,+48 105 171 895,Krakow,Lipowa 100/57,41042730409,2020-05-26,payment,2023-02-07
Monika,Bugiel,+48 665 611 567,Krakow,Odrzanska 25/40,63101828441,2020-10-14,contract signing,2023-06-02
Michał,Siergiej,+48 475 513 962,Warsaw,Lechitow 60/40,82110912800,2023-10-25,payment,2023-11-04
Konrad,Grupa,+48 572 304 548,Wroclaw,Legnicka 54/6,02122101838,2022-03-10,payment,2022-11-28
Fryderyk,Smela,+48 857 543 560,Wroclaw,Sudecka 80/34,65112651085,2020-03-04,payment,2024-12-24
Marianna,Kubrak,+48 777 553 601,Gdansk,Dlugi Targ 33/75,96060494619,2024-04-13,payment,2024-09-22
Aniela,Franków,+48 871 349 561,Poznan,Blazenkowska 66/98,57011926047,2024-08-30,payment,2020-05-07
Mateusz,Gąbka,+48 167 911 440,Poznan,Pieciomorgowa 31/34,72111539171,2024-01-20,contract signing,2022-11-27
Ewelina,Szaruga,+48 405 317 931,Gdansk,Jaskowa Dolina 94/89,77112569426,2022-08-11,payment,2023-12-21
Aleksander,Wielądek,+48 760 196 132,Gdansk,Nowe Wrota 23/62,66031744997,2021-06-22,payment,2022-09-10
Róża,Węgrzynowicz,+48 204 542 321,Gdansk,Rynkowska 3/59,58011368497,2020-04-05,payment,2021-09-18
Igor,Jagieło,+48 869 888 969,Krakow,Krolowej Jadwigi 93/50,90120969266,2020-10-14,payment,2021-06-15
Anastazja,Bogdał,+48 214 729 184,Warsaw,Lechitow 94/81,71020189675,2023-12-29,contract signing,2020-07-18
Igor,Wochnik,+48 591 846 748,Krakow,Mysliwska 88/53,96072370109,2021-02-11,payment,2021-03-30
Apolonia,Mirga,+48 152 700 247,Gdansk,Trojmiasto 29/42,67102624419,2023-05-19,contract signing,2021-12-13
Marcelina,Cimoch,+48 508 795 815,Gdansk,Piastowska 56/8,81062502833,2023-01-21,payment,2020-09-24
Olga,Ciechowicz,+48 401 142 446,Poznan,Blazenkowska 15/26,00060838719,2020-06-10,payment,2020-05-12
Ernest,Wielgo,+48 296 792 849,Gdansk,Gdanska 92/92,01062520200,2024-03-23,payment,2022-03-01
Nela,Bartuś,+48 328 633 264,Warsaw,Sowinskiego 26/63,05010356466,2024-02-14,contract signing,2024-09-17
Olaf,Dyś,+48 971 735 966,Wroclaw,Miejska 1/11,68110231664,2022-09-12,payment,2022-06-13
Krystyna,Monkiewicz,+48 217 741 828,Wroclaw,Polan 55/53,99032249550,2022-06-23,payment,2022-09-02
Gustaw,Bartel,+48 543 265 932,Wroclaw,Katedralna 88/54,55102771019,2020-03-06,payment,2024-11-07
Marcelina,Grunt,+48 939 595 168,Warsaw,Limanowskiego 52/56,81010268703,2021-09-06,payment,2021-05-05
Daniel,Ziniewicz,+48 874 210 775,Gdansk,Aleja Jana Pawla II 54/86,55071589479,2022-12-25,payment,2024-04-02
Mieszko,Pawlonka,+48 611 365 518,Krakow,Jozefa 1/97,87071480115,2020-10-03,payment,2022-07-29
Marika,Kosiak,+48 618 577 131,Gdansk,Ostroda 39/73,57020550976,2020-09-10,payment,2020-04-21
Blanka,Pawlukiewicz,+48 577 734 700,Poznan,Dabrowa 37/18,56082471850,2021-02-25,payment,2023-11-08
Nicole,Sadza,+48 461 518 388,Krakow,Kasprowicza 83/73,45111498403,2023-09-28,payment,2020-06-29
Oskar,Słabosz,+48 242 709 140,Gdansk,Piastowska 84/24,02101725655,2024-12-20,payment,2022-10-03
Malwina,Bulak,+48 863 259 592,Poznan,Staroleka 66/45,73110506764,2023-12-09,payment,2024-05-07
Natan,Zdobylak,+48 907 216 788,Warsaw,Stalowa 34/66,83010781619,2021-02-25,payment,2021-11-24
Albert,Fuławka,+48 676 212 289,Wroclaw,Sudecka 80/71,51040376813,2024-02-25,payment,2023-11-03
Witold,Świętoń,+48 575 195 763,Poznan,Zernickie 75/38,94030670043,2020-03-07,contract signing,2021-12-18
Patryk,Kubieniec,+48 397 327 565,Poznan,Opolska 75/91,58042511095,2021-09-08,payment,2023-03-28
Wojciech,Pachla,+48 438 685 886,Warsaw,Ludwika Rydygiera 10/26,40102084487,2021-12-14,payment,2020-04-25
Tobiasz,Ciepłuch,+48 853 389 891,Poznan,Laskowicka 23/80,94090486730,2024-01-22,payment,2021-07-21
Konstanty,Bastek,+48 542 469 886,Warsaw,Chmielna 58/12,41042182237,2021-11-26,payment,2021-10-12
Aleks,Żywica,+48 504 845 168,Krakow,Odrzanska 72/57,66081396496,2024-05-10,payment,2020-08-05
Adrianna,Parus,+48 270 412 713,Gdansk,Aleja Jana Pawla II 91/29,96071765810,2024-01-25,payment,2022-01-23
Filip,Błażejak,+48 298 907 487,Warsaw,Klopot 62/63,53100229541,2021-12-13,payment,2023-03-17
Emil,Misior,+48 820 240 519,Krakow,Chorazowka 94/55,00031175258,2023-03-08,contract signing,2021-09-06
Przemysław,Kunda,+48 694 751 974,Poznan,Kraszewskiego 1/100,45030752185,2021-01-08,payment,2021-01-31
Kaja,Wawrzynkiewicz,+48 287 635 947,Warsaw,Ludwika Rydygiera 50/36,65092360463,2022-11-19,payment,2024-03-15
Julita,Czerwionka,+48 206 707 542,Poznan,Grunwaldzka 11/4,98090754479,2020-01-20,payment,2022-08-05
Sandra,Klejna,+48 961 776 761,Wroclaw,Aleja 1 Maja 62/29,45040736658,2023-10-22,payment,2022-05-13
Gustaw,Bereda,+48 372 550 606,Wroclaw,Grabiszynska 40/42,74082425631,2020-11-11,payment,2021-09-12
Kalina,Kala,+48 369 391 970,Warsaw,Woronicza 41/62,95082562700,2020-07-13,payment,2020-03-27
Ewelina,Wojtczuk,+48 638 859 528,Krakow,Karmelicka 28/73,89111294881,2023-11-16,payment,2020-11-14
Nela,Powałka,+48 130 523 263,Wroclaw,Swidnicka 45/77,58040418929,2021-11-24,payment,2022-02-15
Marcelina,Kapcia,+48 307 160 221,Krakow,Grodzka 54/2,52041485955,2023-05-15,payment,2022-07-27
Szymon,Spadło,+48 889 625 415,Gdansk,Alei Grunwaldzka 88/40,06100284700,2020-09-04,payment,2023-06-23
Ksawery,Doktór,+48 100 813 500,Gdansk,Swinoujscie 51/23,76101431883,2021-07-29,payment,2021-07-04
Anita,Sobków,+48 995 628 395,Warsaw,Bialostocka 80/26,52082810387,2021-12-01,payment,2023-08-31
Malwina,Wieczerzak,+48 409 685 339,Krakow,Dluga 16/56,87091616086,2024-08-30,payment,2023-12-24
Blanka,Fryś,+48 937 955 971,Warsaw,Ludwika Rydygiera 53/71,87052263627,2021-01-27,contract signing,2021-12-03
Piotr,Kościelak,+48 794 475 477,Warsaw,Krasinskiego 100/84,67010858218,2023-11-30,payment,2021-07-21
Angelika,Szczerbiak,+48 113 225 523,Krakow,Odrzanska 57/97,58092304805,2023-08-29,payment,2020-02-05
Blanka,Jewuła,+48 475 815 552,Gdansk,Dluga 16/34,46072188767,2020-12-27,contract signing,2021-09-28
Filip,Strama,+48 258 227 261,Poznan,Gorzyslawa 18/17,59102699502,2024-08-07,contract signing,2024-01-18
Nikodem,Cyba,+48 111 798 486,Wroclaw,Grabiszynska 34/68,92071947966,2021-07-24,contract signing,2020-11-16
Mikołaj,Leżoń,+48 188 671 622,Warsaw,Inzynierska 12/74,55062451862,2023-09-28,payment,2024-09-28
Adam,Pawliszyn,+48 613 725 788,Poznan,Przybyszowska 62/11,59011156280,2023-02-24,payment,2024-04-23
Marianna,Pakos,+48 442 295 188,Poznan,Zernickie 40/75,60110572679,2020-07-10,payment,2020-10-05
Róża,Jarczyk,+48 312 283 490,Gdansk,Al. Grunwaldzka 23/96,42091628189,2024-03-26,contract signing,2022-07-23
Kamil,Leżoń,+48 581 537 576,Krakow,Odrzanska 85/30,05111927813,2021-11-14,payment,2020-02-19
Wojciech,Dub,+48 580 962 870,Poznan,Blazenkowska 92/3,42102500112,2021-06-20,payment,2021-08-13
Ada,Przybyś,+48 141 605 306,Gdansk,Morska 95/99,41100891970,2024-01-31,contract signing,2022-02-11
Tomasz,Łukasz,+48 912 565 287,Krakow,Chorazowka 83/47,57090818888,2023-08-21,payment,2022-01-26
Sara,Skwira,+48 285 898 715,Warsaw,Batory 34/86,53122249714,2021-02-27,contract signing,2024-11-02
Fryderyk,Fik,+48 328 866 526,Krakow,Grodzka 38/19,06090779093,2021-12-15,contract signing,2023-06-27
Karina,Stupak,+48 688 935 423,Poznan,Opolska 66/22,05010953212,2024-01-28,payment,2020-09-30
Fabian,Czerwionka,+48 522 635 877,Gdansk,Gdanska 40/27,03011472248,2023-02-28,payment,2022-05-18
Jacek,Wołoszczuk,+48 106 280 588,Krakow,Mysliwska 78/20,58051069125,2024-07-20,payment,2022-12-27
Borys,Idzi,+48 232 155 170,Poznan,Czajkowska 5/70,73122299403,2022-05-20,payment,2020-06-13
Gabriel,Jonik,+48 976 877 988,Wroclaw,Wroclawska 60/84,79112004613,2024-01-31,payment,2020-08-04
Cyprian,Witan,+48 625 370 531,Wroclaw,Olawka 81/58,87121864959,2022-05-30,payment,2021-01-09
Maks,Deluga,+48 165 632 322,Gdansk,Swietego Ducha 68/63,78112772874,2022-08-03,contract signing,2022-11-09
Tadeusz,Janczarek,+48 547 391 681,Warsaw,Inzynierska 45/27,84020715825,2020-09-04,payment,2023-06-16
Bianka,Lalak,+48 800 939 292,Wroclaw,Sudecka 41/36,98090130729,2022-01-03,contract signing,2023-05-26
Tymon,Wisz,+48 905 905 462,Gdansk,Swinoujscie 74/47,75072719912,2024-03-22,payment,2020-12-02
Oliwier,Szumacher,+48 300 836 199,Poznan,Swiety Marcin 44/87,03061758008,2024-12-02,payment,2023-01-09
Marcelina,Bielat,+48 257 634 796,Warsaw,Krakowskie Przedmiescie 33/65,61021251187,2022-09-03,payment,2023-04-04
Albert,Bembenek,+48 845 597 765,Wroclaw,Rynkowska 18/20,64050212341,2020-02-26,contract signing,2023-10-06
Piotr,Suda,+48 279 736 580,Wroclaw,Obornicka 46/51,79011801058,2020-05-12,payment,2022-03-09
Jacek,Pindor,+48 823 961 942,Warsaw,Ludwika Rydygiera 85/69,96010515489,2024-03-24,payment,2021-11-13
Ignacy,Fraszczyk,+48 615 661 664,Warsaw,Narbutta 10/6,65122500601,2020-04-28,payment,2024-05-28
Jacek,Sierżant,+48 540 120 771,Poznan,Przybyszowska 8/56,86042798048,2023-07-14,payment,2023-03-27
Dominik,Cherek,+48 528 601 262,Poznan,Kraszewskiego 87/75,85111946025,2021-08-17,payment,2023-08-10
Marcelina,Osica,+48 251 337 256,Krakow,Lipowa 56/86,91040345963,2020-02-23,payment,2020-07-11
Angelika,Moroń,+48 452 301 527,Warsaw,Targowa 6/1,44050265952,2022-05-26,payment,2021-06-20
Liwia,Dej,+48 922 971 897,Krakow,Pieciomorgowa 68/5,49060478156,2020-08-04,payment,2021-04-18
Lidia,Flisek,+48 997 755 814,Wroclaw,Hutnicza 5/37,60060657745,2021-04-18,payment,2020-10-07
Michał,Kułach,+48 681 111 718,Wroclaw,Swidnicka 32/43,52021401399,2021-10-27,payment,2024-06-04
Inga,Starek,+48 807 262 862,Warsaw,Limanowskiego 73/74,47061077619,2020-01-01,contract signing,2024-07-17
Angelika,Miętus,+48 956 574 749,Warsaw,Stalowa 91/48,61080877003,2021-04-10,contract signing,2020-11-07
Juliusz,Gamoń,+48 567 506 241,Gdansk,Wielki Mlyn 79/13,06082301499,2023-01-13,payment,2020-04-27
Ernest,Waszczyk,+48 403 370 193,Warsaw,Klopot 47/45,66072693584,2023-03-09,payment,2020-10-23
Iwo,Pioch,+48 887 861 323,Krakow,Grodzka 20/11,06061924239,2024-03-07,payment,2024-01-01
Szymon,Dywan,+48 540 462 892,Poznan,Mikolajewska 3/9,56062640050,2022-06-10,payment,2023-11-14
Adrianna,Czupryna,+48 951 303 421,Krakow,Centralna 52/55,87082448630,2024-10-04,payment,2023-03-25
Olgierd,Sornat,+48 271 722 277,Krakow,Jana Pawla II 86/41,40012565089,2022-06-15,payment,2021-06-28
Justyna,Karalus,+48 884 602 518,Gdansk,Jaskowa Dolina 17/6,75031493428,2021-09-14,payment,2021-07-11
Marika,Pacura,+48 932 577 233,Krakow,Jana Pawla II 11/24,91110190211,2020-11-04,payment,2023-12-18
Bruno,Domek,+48 306 742 177,Wroclaw,Olawska 18/89,41071480674,2024-11-29,payment,2024-12-09
Fabian,Kosiec,+48 664 627 892,Warsaw,Bialostocka 79/33,51042528249,2024-03-14,contract signing,2022-07-14
Elżbieta,Klebba,+48 922 950 667,Warsaw,Sowinskiego 54/20,76091264887,2022-09-25,payment,2021-06-19
Maurycy,Myszak,+48 839 957 712,Poznan,Sienkiewicza 73/48,04101669443,2024-01-27,contract signing,2021-02-04
Ewelina,Tywoniuk,+48 503 473 501,Wroclaw,Ziebicka 75/63,67111267180,2022-04-03,contract signing,2021-09-14
Karol,Michalkiewicz,+48 192 317 865,Wroclaw,Wroclawska 17/79,72062362941,2022-08-24,payment,2022-02-17
Inga,Famuła,+48 620 752 535,Wroclaw,Mickiewicza 10/4,93081793725,2022-01-16,contract signing,2024-10-17
Antoni,Lorens,+48 455 586 453,Wroclaw,Aleja 1 Maja 71/15,86092786956,2020-01-24,payment,2023-05-25
Sylwia,Lepak,+48 177 569 763,Poznan,Swiety Marcin 44/9,78062735976,2021-07-13,payment,2020-04-28
Antoni,Mytych,+48 757 678 496,Poznan,Polwiejska 12/85,52010287289,2021-12-31,payment,2021-01-27
Oliwier,Folga,+48 202 212 243,Krakow,Rzeszowska 68/47,70012015987,2020-03-05,payment,2020-12-14
Roksana,Skonieczka,+48 776 830 241,Krakow,Krolowej Jadwigi 7/44,06010713046,2022-11-16,payment,2024-07-22
Damian,Glanc,+48 967 490 626,Warsaw,Narbutta 77/96,66010488670,2023-12-31,payment,2022-06-10
Eryk,Radzewicz,+48 123 533 775,Poznan,Pieciomorgowa 37/79,59112054863,2022-06-21,payment,2020-09-21
Dorota,Pryszcz,+48 259 653 453,Gdansk,Alei Grunwaldzka 26/73,70012634717,2020-06-05,payment,2024-06-23
Klara,Ciuba,+48 110 509 400,Gdansk,Podgorna 43/92,72092503736,2024-08-17,payment,2020-11-03
Anita,Frydel,+48 199 858 181,Gdansk,Piastowska 62/60,45090869119,2021-12-16,payment,2022-03-02
Stefan,Kuziora,+48 834 569 405,Poznan,Gorzyslawa 19/92,80032843752,2023-12-16,payment,2021-12-14
Krystian,Henke,+48 985 772 344,Gdansk,Podwale Staromiejskie 23/90,75062738091,2021-04-28,payment,2023-02-17
Bianka,Zegadło,+48 657 718 169,Warsaw,Chmielna 90/66,93021211346,2020-03-23,contract signing,2023-01-13
Tola,Krzywonos,+48 563 547 647,Krakow,Pilsudskiego 3/65,80052559035,2024-09-15,payment,2024-06-16
Natan,Janke,+48 867 568 225,Gdansk,Rynkowska 46/100,45032019011,2021-10-07,payment,2024-05-27
Blanka,Jędrusiak,+48 995 837 743,Poznan,Laskowicka 13/48,87092216834,2022-01-04,contract signing,2023-11-28
Konrad,Janoszek,+48 400 850 685,Warsaw,Nowy Swiat 38/21,97111257047,2022-08-07,payment,2022-10-13
Karol,Gumienna,+48 278 202 539,Gdansk,Gdanska 46/57,98092474922,2023-10-27,contract signing,2024-08-19
Ignacy,Tarasek,+48 464 587 774,Krakow,Centralna 49/59,05072764537,2022-08-02,payment,2021-11-25
Tymoteusz,Hetmańczyk,+48 308 364 451,Gdansk,Alei Grunwaldzka 79/96,76032420611,2020-07-16,payment,2021-01-02
Sandra,Lelito,+48 112 287 928,Krakow,Dluga 92/34,64110683630,2022-10-26,payment,2023-11-17
Wiktor,Szulim,+48 835 617 434,Krakow,Mysliwska 59/35,73050802250,2023-06-11,payment,2022-02-04
Anita,Lenarcik,+48 304 644 600,Wroclaw,Trzmielowice 75/100,71052525290,2020-05-06,payment,2020-12-20
Antoni,Graś,+48 827 274 445,Krakow,Florianska 75/92,60052177347,2022-05-15,payment,2021-08-17
Roksana,Małż,+48 620 968 625,Wroclaw,Mickiewicza 65/24,65012498551,2021-02-05,payment,2021-03-30
Wiktor,Bylina,+48 815 695 727,Krakow,Odrzanska 13/13,56071302716,2023-10-22,payment,2021-03-05
Fabian,Fronczyk,+48 497 328 747,Wroclaw,Rynkowska 51/6,56112421288,2020-09-28,contract signing,2022-05-21
Andrzej,Weremczuk,+48 410 445 862,Gdansk,Trojmiasto 42/64,74031070141,2024-09-16,payment,2024-03-24
Róża,Stąpor,+48 527 546 623,Warsaw,Ludwika Rydygiera 33/100,97050277519,2024-08-01,payment,2021-05-22
Sandra,Suszko,+48 288 597 747,Gdansk,Swietego Ducha 48/96,45092170457,2021-01-04,payment,2023-08-21
Olga,Góraj,+48 664 641 118,Poznan,Wlasnosciowa 48/26,99041812527,2023-03-01,payment,2023-10-17
Anita,Paczos,+48 595 491 482,Poznan,Sienkiewicza 9/86,66110651411,2021-01-30,payment,2021-01-26
Gustaw,Kosznik,+48 892 798 312,Krakow,Mysliwska 26/87,62042066882,2020-02-22,payment,2023-06-16
Ewa,Kurczak,+48 963 246 731,Gdansk,Targ Weglowy 84/64,67040765221,2021-11-22,payment,2024-09-07
Łukasz,Zaczyk,+48 133 946 818,Gdansk,Dluga 53/68,95052591743,2022-07-09,payment,2024-10-23
Rafał,Grądziel,+48 751 523 157,Wroclaw,Swietego Mikolaja 90/60,64050506794,2020-03-28,payment,2022-04-15
Julianna,Gotfryd,+48 917 315 539,Poznan,Laskowicka 23/88,96030761820,2023-09-10,payment,2022-12-07
Malwina,Sładek,+48 925 637 826,Warsaw,Krakowskie Przedmiescie 83/30,89050878364,2023-02-09,payment,2020-08-13
Mikołaj,Piotrowiak,+48 120 929 769,Krakow,Chorazowka 83/27,47050148663,2024-03-01,payment,2023-05-11
Ewelina,Frelich,+48 792 828 603,Gdansk,Polski Czerwony Krzyz 84/100,61021286365,2022-02-21,payment,2020-08-13
Norbert,Zyguła,+48 879 975 812,Wroclaw,Czarnowiejska 82/4,55070352135,2022-12-16,payment,2023-09-15
Natan,Kononowicz,+48 736 410 926,Krakow,Wandy 56/50,67081093710,2020-11-13,payment,2021-01-15
Blanka,Ćmiel,+48 110 687 996,Krakow,Jana Pawla II 85/80,76072577881,2022-04-04,payment,2022-07-02
Aniela,Nitek,+48 564 542 145,Krakow,Szeroka 88/45,73060298078,2023-10-02,payment,2020-04-27
Konstanty,Ellwart,+48 897 152 378,Warsaw,Stalowa 5/100,50112122897,2023-01-10,contract signing,2023-12-14
Ewelina,Klus,+48 587 130 745,Krakow,Dluga 14/47,98072001331,2022-10-17,payment,2020-09-20
Tomasz,Matyjaszek,+48 914 447 574,Poznan,Wlasnosciowa 90/17,40100579769,2023-02-03,payment,2020-02-23
Rozalia,Swatek,+48 980 198 395,Krakow,Wielopole 40/29,02102751116,2024-09-18,payment,2020-10-17
Sara,Sendor,+48 916 797 312,Wroclaw,Mokotowska 35/71,43041958563,2023-05-17,payment,2024-04-21
Bianka,Dulewicz,+48 632 473 393,Warsaw,Nowy Swiat 44/67,73102197105,2021-03-05,contract signing,2021-06-04
Radosław,Wąsiewicz,+48 950 258 964,Gdansk,Zaspa 71/76,91050620278,2021-03-26,payment,2023-02-11
Mieszko,Kierepka,+48 850 680 830,Krakow,Swietokrzyska 12/3,66042243731,2021-01-23,payment,2021-12-23
Malwina,Rębiś,+48 264 388 365,Wroclaw,Olawka 50/86,80052868205,2022-03-30,payment,2020-04-27
Marianna,Kołodziejak,+48 950 618 763,Gdansk,Targ Weglowy 98/19,55030580606,2024-02-03,payment,2023-08-25
Sandra,Kosałka,+48 550 112 761,Gdansk,Jaskowa Dolina 49/80,94011608214,2021-01-23,payment,2021-11-06
Inga,Trepka,+48 322 248 722,Warsaw,Krakowskie Przedmiescie 95/3,90102164285,2023-01-18,payment,2022-10-01
Jeremi,Startek,+48 743 936 722,Krakow,Florianska 84/71,61031149230,2024-09-28,payment,2020-04-28
Błażej,Grabas,+48 173 797 780,Krakow,Wandy 95/58,63042350348,2022-12-20,contract signing,2020-06-18
Jeremi,Karaśkiewicz,+48 366 939 797,Warsaw,Powisle 98/85,46092655984,2024-10-29,payment,2023-04-18
Dominik,Kuder,+48 308 714 219,Krakow,Wandy 22/24,42071966072,2023-01-19,payment,2021-05-07
Natasza,Pierz,+48 544 715 665,Poznan,Grunwaldzka 15/31,64010873454,2023-02-26,payment,2021-11-19
Stefan,Ziemann,+48 682 381 288,Krakow,Jozefa 87/5,80101097701,2024-03-29,payment,2021-09-27
Anna Maria,Kuster,+48 980 803 608,Wroclaw,Mokotowska 14/45,78062050374,2023-10-03,payment,2024-12-13
Julianna,Wdowczyk,+48 690 637 635,Warsaw,Krasinskiego 48/66,71031097013,2024-01-27,payment,2023-07-24
Fryderyk,Kargol,+48 640 317 285,Poznan,Pieciomorgowa 68/13,69112086481,2023-11-18,payment,2022-11-07
Leonard,Kieszek,+48 535 634 993,Warsaw,Chmielna 33/20,86082307053,2023-11-21,contract signing,2021-07-30
Witold,Wiatrak,+48 700 160 242,Wroclaw,Olawska 4/56,61072176499,2023-08-26,contract signing,2024-01-26
Artur,Romankiewicz,+48 100 170 503,Gdansk,Zaspa 18/65,97030203055,2021-08-02,payment,2020-01-31
Krzysztof,Nikel,+48 499 524 540,Gdansk,Targ Weglowy 15/50,50061340874,2022-02-24,payment,2020-11-11
Adrianna,Ochota,+48 766 553 357,Wroclaw,Katedralna 24/97,74021338093,2023-12-03,payment,2022-12-14
Agnieszka,Salawa,+48 274 347 260,Poznan,Poludniowa 80/40,52071324259,2024-04-19,payment,2023-08-30
Miłosz,Krauz,+48 789 646 314,Poznan,Grunwaldzka 99/12,54091406210,2023-04-17,payment,2022-06-01
Urszula,Guźniczak,+48 103 493 788,Krakow,Jozefa 26/81,67090826086,2020-08-23,payment,2020-02-02
Aleks,Krysik,+48 714 827 738,Warsaw,Jagiellonska 78/99,82121208545,2022-05-28,contract signing,2022-07-24
Kalina,Potęga,+48 703 605 614,Wroclaw,Olawska 58/68,41091250840,2021-01-21,payment,2022-11-24
Karina,Dybka,+48 585 461 763,Poznan,Gorzyslawa 79/4,50022056273,2022-05-10,payment,2020-03-28
Marcelina,Pitala,+48 847 169 491,Poznan,Blazenkowska 68/76,57022455620,2024-04-16,payment,2021-11-22
Dagmara,Kupaj,+48 312 741 360,Krakow,Rzeszowska 29/2,72040437104,2020-01-29,payment,2021-01-26
Eliza,Warzybok,+48 738 763 457,Poznan,Poludniowa 10/98,75022762205,2024-07-21,payment,2022-12-02
Blanka,Kleban,+48 329 371 260,Poznan,Strzeszynska 32/95,86090828430,2021-05-31,payment,2023-05-01
Karina,Drobot,+48 240 617 448,Krakow,Rzeszowska 78/63,41061180436,2022-11-09,payment,2021-02-12
Leonard,Skocz,+48 133 318 596,Wroclaw,Olawska 29/39,43122308375,2021-01-15,payment,2021-08-27
Blanka,Szłapa,+48 588 642 714,Warsaw,Batory 14/36,70110818820,2023-12-14,contract signing,2021-05-29
Sonia,Drobot,+48 994 586 659,Wroclaw,Ziebicka 94/64,71072178353,2021-02-28,payment,2020-11-12
Borys,Słonka,+48 931 811 743,Gdansk,Ostroda 78/64,70061881528,2024-07-08,payment,2024-10-25
Cezary,Długozima,+48 577 419 416,Poznan,Sienkiewicza 97/78,42080324238,2020-07-05,payment,2021-02-06
Wiktor,Zaranek,+48 394 213 388,Poznan,Wiosna 17/39,52012663865,2022-01-20,payment,2020-08-24
Jacek,Senger,+48 503 578 905,Warsaw,Targowa 92/5,97112027746,2020-01-30,contract signing,2023-02-23
Fryderyk,Sypek,+48 875 179 755,Wroclaw,Osobowicka 40/8,76091095098,2020-11-23,payment,2020-07-16
Apolonia,Jarmużek,+48 942 398 268,Gdansk,Alei Grunwaldzka 93/69,52072213561,2022-07-23,payment,2021-12-03
Robert,Jonczyk,+48 981 463 743,Poznan,Laskotelna 46/93,48061672149,2020-07-30,payment,2020-06-14
Dorota,Miąsko,+48 986 296 762,Krakow,Pilsudskiego 8/22,02050423969,2024-03-22,payment,2023-06-23
Kaja,Dolega,+48 197 188 495,Poznan,Pieciomorgowa 67/5,55122153091,2020-09-03,contract signing,2021-12-20
Nela,Kłysz,+48 283 539 500,Poznan,Strzeszynska 89/84,84021149573,2022-04-30,payment,2023-05-26
Bartek,Och,+48 983 185 356,Krakow,Swietokrzyska 72/40,83051587539,2024-04-03,payment,2024-12-30
Rozalia,Skrzecz,+48 397 404 227,Warsaw,Wilenska 72/46,71011182669,2020-02-09,payment,2021-12-13
Natan,Lenarcik,+48 622 988 683,Poznan,Wiosna 18/50,78121972085,2023-01-14,payment,2024-04-24
Mikołaj,Cierpka,+48 659 970 801,Gdansk,Wielki Mlyn 48/35,78070895998,2020-06-29,payment,2024-05-23
Józef,Morcinek,+48 675 321 875,Warsaw,Inzynierska 66/37,68121526094,2022-07-26,payment,2022-01-30
Nataniel,Wujek,+48 746 216 187,Gdansk,Gdanska 99/48,50062241211,2022-04-21,contract signing,2023-04-19
Marcel,Grzech,+48 302 632 757,Gdansk,Podwale Staromiejskie 35/2,75092164400,2024-09-30,payment,2021-01-25
Tomasz,Ziemann,+48 716 800 662,Krakow,Karmelicka 100/11,91022044448,2021-10-16,payment,2024-12-28
Dawid,Drewniok,+48 626 887 650,Poznan,Staroleka 89/14,69120158972,2020-12-06,payment,2023-11-09
Krystyna,Majdan,+48 446 122 440,Wroclaw,Piekarska 90/82,00051713344,2023-12-30,payment,2020-05-14
Bartek,Wykręt,+48 542 100 562,Warsaw,Krasinskiego 1/6,84062169565,2021-09-29,payment,2024-07-29
Juliusz,Hrabia,+48 753 568 940,Krakow,Karmelicka 46/23,45111152725,2023-11-17,payment,2020-01-05
Tadeusz,Solnica,+48 782 866 898,Wroclaw,Sudecka 32/9,93100251210,2024-04-24,contract signing,2024-02-18
Fryderyk,Wicha,+48 395 425 730,Poznan,Wlasnosciowa 89/35,77072603606,2023-03-02,payment,2021-03-30
Marcel,Opoka,+48 432 135 808,Krakow,Mysliwska 88/91,89040445080,2022-03-13,payment,2020-01-24
Mikołaj,Andziak,+48 534 827 269,Gdansk,Swietego Ducha 10/38,45122378103,2022-03-02,payment,2020-11-17
Wiktor,Żyto,+48 650 644 532,Poznan,Sienkiewicza 81/54,95110828499,2024-01-12,payment,2024-10-22
Ernest,Wichłacz,+48 624 326 701,Poznan,Wlasnosciowa 78/68,82101317092,2021-01-17,payment,2022-03-15
Ida,Kotala,+48 192 242 331,Gdansk,Podwale Staromiejskie 18/88,91032002261,2024-09-20,contract signing,2022-11-05
Krystyna,Poniedziałek,+48 442 542 172,Warsaw,Jagiellonska 59/24,42091398547,2023-09-07,payment,2023-08-25
Bianka,Wojewodzic,+48 783 758 232,Gdansk,Swietego Ducha 22/100,06062191209,2023-12-12,payment,2022-01-17
Nicole,Szmuc,+48 773 265 806,Gdansk,Gdanska 36/16,97090846164,2020-02-03,payment,2024-06-11
Artur,Doroz,+48 724 575 625,Krakow,Centralna 60/49,90062880708,2021-01-12,payment,2024-05-25
Borys,Gierak,+48 971 873 680,Krakow,Pilsudskiego 56/30,45060709050,2021-12-25,payment,2020-03-22
Adrianna,Pedrycz,+48 607 781 945,Warsaw,Lechitow 32/6,53020213831,2020-09-04,payment,2022-01-02
Łukasz,Kanarek,+48 119 731 404,Wroclaw,Olawska 64/24,47030443315,2022-01-31,payment,2020-07-18
Dawid,Wawrzyn,+48 199 233 738,Warsaw,Sowinskiego 94/85,03021943604,2023-07-31,payment,2023-05-01
Dorota,Daniec,+48 524 589 315,Krakow,Dluga 44/99,87091608399,2023-04-01,payment,2023-01-28
Lidia,Szyjka,+48 655 710 374,Gdansk,Targ Weglowy 46/91,83021140126,2024-01-24,payment,2023-09-12
Mieszko,Szołtysik,+48 560 138 483,Krakow,Rzeszowska 60/56,53120504796,2022-11-20,payment,2024-05-29
Anna Maria,Dytrych,+48 578 914 542,Poznan,Kroniki 15/1,82102094374,2022-08-16,payment,2024-02-09
Mateusz,Teodorowicz,+48 495 349 437,Wroclaw,Miejska 28/88,90010139359,2023-05-07,payment,2020-08-14
Dawid,Dyjas,+48 968 373 375,Krakow,Plac Nowy 4/42,97112060376,2022-07-11,payment,2023-01-20
Ida,Pinda,+48 439 399 296,Wroclaw,Polan 45/94,85110393125,2022-12-22,payment,2023-07-09
Dawid,Pacia,+48 999 271 152,Poznan,Grunwaldzka 30/27,89070543361,2023-06-01,payment,2020-06-29
Dominik,Suszko,+48 237 432 756,Poznan,Poludniowa 81/19,84090918072,2023-04-25,payment,2024-12-31
Mateusz,Deluga,+48 636 472 590,Krakow,Swietokrzyska 8/55,91031460297,2020-11-03,payment,2023-07-28
Michał,Mysiak,+48 663 715 706,Wroclaw,Rynkowska 91/58,06100328697,2023-06-19,payment,2020-08-12
Olaf,Liśkiewicz,+48 145 268 691,Krakow,Chorazowka 100/73,92020778579,2021-12-04,contract signing,2024-02-01
Ksawery,Glonek,+48 323 190 677,Warsaw,Woronicza 82/56,72102125747,2024-10-12,payment,2024-06-18
Artur,Gajcy,+48 457 343 941,Krakow,Wielopole 46/40,95062357782,2020-11-23,payment,2023-08-08
Agnieszka,Fydrych,+48 415 788 543,Poznan,Pieciomorgowa 68/93,54010217541,2021-03-12,payment,2021-04-27
Karina,Szymaniuk,+48 192 747 843,Wroclaw,Wroclawska 9/75,68121912156,2023-02-17,payment,2024-04-10
Krystian,Waniek,+48 188 633 510,Gdansk,Bociania 47/86,64100573240,2023-04-26,payment,2021-05-10
Mariusz,Szykuła,+48 209 690 314,Poznan,Staroleka 38/19,95011644875,2020-07-26,payment,2020-03-09
Krzysztof,Kornet,+48 932 414 796,Gdansk,Bociania 75/38,84061108079,2021-01-20,contract signing,2022-09-24
Arkadiusz,Sularz,+48 995 876 966,Warsaw,Rakowiecka 74/80,95090815542,2020-04-07,payment,2020-04-19
Dorota,Kara,+48 571 224 649,Warsaw,Mlynarska 76/82,86121273297,2023-06-05,payment,2024-02-04
Andrzej,Kurbiel,+48 169 259 245,Poznan,Kraszewskiego 2/94,84021733934,2020-05-03,payment,2021-05-09
Urszula,Mirocha,+48 976 809 121,Wroclaw,Mickiewicza 14/41,58071221190,2023-08-12,payment,2022-04-24
Sylwia,Gonet,+48 213 635 305,Poznan,Sienkiewicza 73/74,62082602817,2020-02-19,payment,2022-08-26
Aurelia,Małocha,+48 945 203 176,Warsaw,Marszalkowska 18/66,70040333178,2020-06-27,payment,2022-03-08
Krystian,Pośnik,+48 205 202 256,Warsaw,Woronicza 31/18,40012572812,2021-03-23,payment,2023-01-13
Ada,Drej,+48 402 729 751,Wroclaw,Piekarska 91/57,62121945088,2022-04-19,payment,2021-09-21
Malwina,Kuciak,+48 534 374 452,Warsaw,Jagiellonska 17/32,50061994011,2020-10-10,payment,2024-05-20
Anastazja,Rozmiarek,+48 293 996 806,Warsaw,Klopot 42/19,57061679971,2020-10-31,payment,2024-04-25
Cyprian,Gąsienica,+48 708 508 665,Krakow,Lobzow 23/47,55022726032,2022-10-07,payment,2022-10-12
Błażej,Kluczyk,+48 597 700 146,Gdansk,Piastowska 38/70,67041483254,2022-09-17,payment,2024-01-07
Nataniel,Jakubaszek,+48 904 685 828,Warsaw,Krasinskiego 71/63,86042659859,2022-01-17,payment,2023-02-24
Kaja,Kuder,+48 603 621 364,Gdansk,Polski Czerwony Krzyz 79/43,02022239563,2024-11-17,payment,2022-04-17
Urszula,Maćczak,+48 178 271 706,Krakow,Grodzka 99/6,61101508297,2024-01-02,payment,2022-12-14
Karol,Cieniuch,+48 391 104 301,Gdansk,Piastowska 61/59,87102078247,2020-12-17,contract signing,2020-08-08
Kornel,Królczyk,+48 883 103 343,Wroclaw,Miejska 2/12,76020290114,2021-03-21,payment,2023-11-18
Krystian,Olchawa,+48 897 439 277,Krakow,Pilsudskiego 62/48,76062318032,2023-05-01,payment,2023-12-24
Liwia,Fronczyk,+48 752 423 348,Krakow,Odrzanska 82/57,80092193693,2021-12-13,contract signing,2021-11-04
Natan,Lelonek,+48 306 881 516,Warsaw,Batory 8/71,95051549297,2022-12-30,payment,2024-12-22
Konrad,Szymula,+48 655 576 619,Wroclaw,Mokotowska 24/11,81071129717,2021-01-25,payment,2021-10-10
Krystian,Józwik,+48 374 490 797,Poznan,Polwiejska 75/53,41061124258,2020-08-31,contract signing,2022-07-04
Lidia,Ochwat,+48 806 534 326,Poznan,Laskotelna 95/61,52050252852,2024-08-12,payment,2020-01-07
Nicole,Danisz,+48 456 512 204,Warsaw,Krasinskiego 54/98,93020484635,2022-07-12,payment,2023-11-08
Leonard,Szczerek,+48 161 612 816,Wroclaw,Aleja 1 Maja 68/47,56040329090,2021-03-20,contract signing,2022-01-16
Klara,Patrzałek,+48 134 432 238,Poznan,Czajkowska 80/47,05041716211,2023-03-25,contract signing,2024-02-20
Oliwier,Oleksak,+48 325 267 290,Wroclaw,Rynkowska 1/41,02011068468,2024-01-11,payment,2020-06-18
Łukasz,Wesoły,+48 679 218 721,Poznan,Wiosna 41/9,92122363611,2023-05-04,payment,2024-06-23
Sandra,Kamieniarz,+48 536 731 206,Wroclaw,Rynkowska 100/96,94022576735,2024-09-23,payment,2020-08-30
Marcelina,Ślebioda,+48 181 377 924,Gdansk,Gdanska 38/59,68071219118,2021-02-25,payment,2020-02-27
Aurelia,Szajna,+48 802 635 281,Krakow,Lobzow 54/35,65020205772,2020-09-08,payment,2021-06-19
Gaja,Cacko,+48 721 570 244,Gdansk,Dluga 88/78,42030847329,2020-10-02,payment,2022-03-07
Dawid,Dziewit,+48 177 779 545,Gdansk,Piastowska 14/59,58122849971,2020-01-15,payment,2022-10-01
Michał,Wielgos,+48 201 426 621,Gdansk,Karpacka 16/31,72031402948,2022-04-25,payment,2021-12-28
Mariusz,Fleszar,+48 651 529 979,Wroclaw,Rynkowska 41/31,41072606273,2024-05-07,payment,2022-11-29
Konrad,Dziugieł,+48 841 680 823,Wroclaw,Mokotowska 28/76,69121563014,2022-12-30,payment,2021-09-01
Przemysław,Sochaj,+48 364 416 566,Warsaw,Wilenska 85/7,61072883696,2023-05-07,payment,2023-05-21
Roksana,Kozaczuk,+48 600 266 657,Gdansk,Polski Czerwony Krzyz 45/36,80100351521,2020-09-27,payment,2022-11-11
Sandra,Hyjek,+48 408 274 717,Warsaw,Targowa 23/68,73052549942,2023-03-22,payment,2024-06-03
Maks,Kroll,+48 954 343 568,Wroclaw,Olawska 28/74,46050976676,2020-07-21,payment,2020-07-06
Michał,Bork,+48 764 494 632,Poznan,Przybyszowska 84/54,88111526190,2024-11-22,payment,2020-01-13
Jan,Subocz,+48 868 673 340,Warsaw,Chmielna 93/17,86041578407,2021-12-04,payment,2023-04-19
Kamila,Syldatk,+48 300 832 851,Krakow,Pieciomorgowa 20/92,54021951102,2020-09-03,payment,2024-04-20
Juliusz,Posłuszny,+48 540 678 624,Gdansk,Dlugi Targ 38/61,53092711730,2024-06-10,payment,2023-06-02
Marcel,Jerzyk,+48 309 336 793,Wroclaw,Rynkowska 85/22,04110301646,2022-08-18,payment,2023-07-12
Albert,Wołk,+48 158 110 946,Krakow,Krolowej Jadwigi 44/4,48061455432,2021-04-08,payment,2022-11-17
Kacper,Błażejewicz,+48 360 983 517,Gdansk,Polski Czerwony Krzyz 47/50,93051600312,2021-02-04,payment,2024-05-22
Melania,Łaś,+48 972 921 888,Poznan,Swiety Marcin 54/65,84121195522,2020-05-29,payment,2021-10-23
Liwia,Gałęza,+48 666 355 322,Krakow,Pilsudskiego 17/18,67042072695,2020-06-09,payment,2023-06-26
Piotr,Sibiga,+48 815 394 404,Poznan,Laskowicka 81/33,00082070229,2024-08-27,payment,2022-09-30
Norbert,Ośka,+48 797 548 474,Poznan,Sienkiewicza 81/16,44072235908,2021-11-21,payment,2023-10-31
Róża,Pacyga,+48 208 884 568,Poznan,Przybyszowska 21/68,74121938340,2023-01-13,payment,2023-06-16
Apolonia,Kołtuniak,+48 144 973 589,Krakow,Centralna 87/88,55041783528,2022-12-30,payment,2023-03-31
Mariusz,Heczko,+48 350 312 646,Warsaw,Rakowiecka 31/11,57012096471,2022-11-18,payment,2023-12-31
Mikołaj,Sroga,+48 302 843 982,Warsaw,Ludwika Rydygiera 22/71,54100802509,2020-11-15,payment,2023-12-19
Ida,Mikus,+48 322 636 402,Wroclaw,Swidnicka 39/14,57040984788,2020-06-18,payment,2020-02-23
Wiktor,Kloska,+48 390 171 211,Gdansk,Wielki Mlyn 71/80,66082149666,2021-01-02,payment,2024-01-21
Lidia,Kasznia,+48 141 609 402,Wroclaw,Grabiszynska 72/79,82010775415,2022-04-08,payment,2021-10-04
Sandra,Powała,+48 495 353 276,Gdansk,Podgorna 91/55,61110940697,2022-02-17,payment,2020-08-29
Janina,Tomalak,+48 917 213 743,Wroclaw,Legnicka 3/50,01031708181,2023-11-29,payment,2023-12-04
Stefan,Dela,+48 869 473 629,Gdansk,Zaspa 20/95,66051912978,2023-12-06,payment,2022-12-07
Klara,Kwasek,+48 171 822 251,Krakow,Karmelicka 59/3,61071387115,2020-12-03,payment,2020-02-29
Malwina,Bakalarczyk,+48 729 983 948,Warsaw,Pulawska 61/60,61030742311,2024-03-16,payment,2022-05-04
Dorota,Kunert,+48 920 706 153,Warsaw,Krasinskiego 36/90,96020606409,2023-12-18,contract signing,2022-08-01
Karol,Kwarciak,+48 733 685 922,Wroclaw,Biskupin 44/34,78110204148,2022-11-14,payment,2020-02-13
Marcel,Kosz,+48 683 241 536,Gdansk,Swietego Ducha 31/9,75042462121,2023-01-17,payment,2022-05-30
Tobiasz,Opalach,+48 830 468 389,Krakow,Rzeszowska 27/4,62011400150,2021-02-25,payment,2023-11-22
Patryk,Kocaj,+48 712 509 435,Warsaw,Sowinskiego 53/54,67022688588,2021-05-24,payment,2024-01-22
Karina,Kość,+48 865 151 904,Warsaw,Klopot 51/90,86040365897,2020-05-13,payment,2023-02-07
Artur,Mejer,+48 671 796 955,Poznan,Poludniowa 6/7,70110429789,2023-07-26,payment,2024-06-17
Apolonia,Sypień,+48 401 342 762,Poznan,Laskowicka 98/82,43101208667,2024-07-11,payment,2024-10-08
Sonia,Kolendo,+48 876 808 700,Gdansk,Swietego Ducha 38/2,68101758745,2023-11-11,contract signing,2020-03-12
Ewa,Steckiewicz,+48 914 383 992,Warsaw,Targowa 79/11,69112322015,2023-07-01,payment,2022-05-01
Alan,Klus,+48 537 122 692,Warsaw,Narbutta 77/65,59020310431,2021-02-14,payment,2024-08-06
Janina,Hadaś,+48 157 562 352,Poznan,Strzeszynska 83/54,53080578466,2024-12-04,contract signing,2022-12-31
Karina,Kosidło,+48 895 588 786,Warsaw,Swietokrzyska 88/23,86090496738,2020-10-29,payment,2021-05-16
Sonia,Paluszak,+48 557 516 613,Krakow,Mysliwska 62/70,80041018853,2021-12-18,contract signing,2024-06-01
Oskar,Daraż,+48 812 878 553,Krakow,Wielopole 23/89,65100293693,2024-05-07,payment,2022-07-16
Dagmara,Białous,+48 885 675 716,Wroclaw,Piekarska 73/95,54100696155,2024-10-19,payment,2023-04-24
Klara,Mich,+48 106 568 634,Poznan,Poludniowa 40/50,87030574974,2023-12-03,payment,2021-05-22
Antoni,Kózka,+48 870 316 438,Poznan,Laskotelna 3/65,57022539533,2022-04-13,payment,2020-11-22
Roksana,Kudłacz,+48 636 873 748,Wroclaw,Aleja 1 Maja 21/66,96022485420,2024-10-29,payment,2020-11-03
Angelika,Glonek,+48 494 445 279,Warsaw,Bialostocka 84/9,58082523254,2020-09-14,payment,2024-08-18
Mikołaj,Grzech,+48 764 552 773,Gdansk,Al. Grunwaldzka 7/88,83022406908,2021-02-21,payment,2023-03-23
Adrianna,Kolman,+48 842 684 936,Wroclaw,Hutnicza 12/42,44120952740,2020-09-20,payment,2020-06-10
Jerzy,Kolendo,+48 181 998 356,Gdansk,Rynkowska 76/8,41062775385,2020-09-10,payment,2021-07-24
Angelika,Piguła,+48 323 285 843,Poznan,Blazenkowska 72/50,72120581712,2020-02-24,payment,2021-01-23
Marcel,Radzio,+48 134 361 261,Wroclaw,Mokotowska 83/83,56110107647,2021-07-05,payment,2022-03-19
Cezary,Ryczko,+48 290 733 926,Wroclaw,Swidnicka 50/20,46070205028,2023-08-01,payment,2021-08-26
Inga,Salach,+48 293 156 118,Gdansk,Targ Weglowy 60/45,78072439635,2024-12-19,payment,2024-09-11
Łukasz,Kubek,+48 492 497 973,Poznan,Strzeszynska 29/17,81102623124,2023-02-04,payment,2020-06-20
Malwina,Miotke,+48 959 782 287,Krakow,Szeroka 26/59,97011854159,2020-11-01,payment,2021-07-10
Alex,Pieszak,+48 716 393 385,Wroclaw,Hutnicza 16/35,91082475381,2021-06-02,payment,2020-04-21
Bartek,Ficoń,+48 323 583 688,Gdansk,Swietego Ducha 18/48,85100924263,2020-03-20,payment,2020-10-03
Apolonia,Włodyka,+48 919 250 937,Wroclaw,Legnicka 48/65,49031548570,2024-07-05,payment,2022-01-23
Jacek,Mzyk,+48 370 825 744,Krakow,Krolowej Jadwigi 19/20,94030357845,2021-01-06,payment,2021-07-03
Konrad,Krzan,+48 272 645 230,Poznan,Kraszewskiego 41/25,52072578435,2022-05-03,payment,2023-09-26
Wiktor,Szczepaniec,+48 983 916 979,Krakow,Krolowej Jadwigi 92/19,65020607055,2023-09-04,payment,2020-05-12
Krystian,Machowiak,+48 183 493 575,Gdansk,Bociania 20/13,52082348716,2023-12-18,payment,2020-01-06
Dariusz,Klaja,+48 417 361 494,Wroclaw,Biskupin 37/40,84121822145,2020-08-08,contract signing,2021-07-17
Cyprian,Broszkiewicz,+48 498 745 985,Krakow,Rzeszowska 36/55,70070607412,2024-06-04,payment,2020-12-20
Grzegorz,Sereda,+48 869 113 702,Gdansk,Alei Grunwaldzka 13/6,99060332675,2024-06-10,payment,2023-10-29
Błażej,Duczek,+48 111 232 947,Wroclaw,Trzmielowice 50/99,94121805561,2020-07-15,payment,2023-08-14
Tymon,Prasek,+48 137 957 869,Poznan,Laskowicka 50/25,95111904075,2022-12-31,payment,2024-07-30
Miłosz,Nickel,+48 986 454 261,Gdansk,Piastowska 23/82,95122217492,2020-09-12,payment,2022-11-18
Hubert,Wielgat,+48 288 896 574,Poznan,Garbary 51/53,70062452347,2022-05-16,payment,2020-11-13
Hubert,Wojak,+48 259 615 756,Wroclaw,Grabiszynska 70/77,70102029528,2021-09-15,payment,2021-08-07
Adrianna,Wardziak,+48 669 470 100,Warsaw,Limanowskiego 46/25,53071214157,2021-05-29,payment,2021-10-26
Tymon,Jarmużek,+48 845 113 653,Krakow,Kasprowicza 31/13,90041895767,2023-05-12,payment,2024-11-27
Michał,Poniedziałek,+48 319 646 827,Wroclaw,Hutnicza 30/80,70051881077,2023-06-16,payment,2022-03-10
Anastazja,Ornat,+48 517 978 644,Poznan,Strzeszynska 42/72,99041895357,2023-11-17,payment,2024-10-14
Urszula,Kanik,+48 783 964 865,Gdansk,Abrahama 18/24,06092636068,2020-10-18,contract signing,2021-06-06
Justyna,Bejger,+48 918 340 679,Warsaw,Lechitow 59/92,84080609313,2024-08-15,payment,2023-03-08
Tymoteusz,Dąbrówka,+48 378 265 363,Wroclaw,Aleja 1 Maja 6/61,61090862105,2020-12-07,payment,2023-11-18
Kalina,Warmuz,+48 344 476 910,Poznan,Strzeszynska 32/48,51111087242,2023-10-02,payment,2022-03-07
Tymoteusz,Orwat,+48 275 513 476,Gdansk,Morska 24/20,41031527966,2022-04-24,payment,2022-04-23
Dagmara,Raźny,+48 604 643 576,Poznan,Gorzyslawa 36/47,64110602307,2021-12-24,payment,2022-11-11
Marianna,Osipowicz,+48 434 443 967,Warsaw,Krasinskiego 87/68,68052183236,2023-11-10,payment,2020-03-23
Łukasz,Borkowicz,+48 143 119 663,Wroclaw,Olawska 37/54,83101185490,2020-05-11,payment,2021-09-28
Dominik,Sadowy,+48 193 971 883,Gdansk,Aleja Jana Pawla II 75/61,92011171417,2020-04-10,payment,2020-03-19
Nicole,Pierzak,+48 816 101 835,Poznan,Kraszewskiego 7/25,63091642436,2021-06-02,payment,2020-10-14
Olga,Bartłomiejczyk,+48 916 272 106,Gdansk,Gdanska 80/48,94101998870,2024-08-15,payment,2020-08-24
Gabriel,Fikus,+48 816 364 524,Gdansk,Podwale Staromiejskie 58/72,54102661388,2021-12-18,payment,2021-09-29
Fabian,Zdobylak,+48 746 442 661,Krakow,Kasprowicza 2/83,58082440779,2022-11-26,contract signing,2024-08-09
Anita,Hawrylak,+48 611 130 236,Krakow,Wandy 52/75,42011825625,2023-01-11,payment,2021-02-06
Ewelina,Wesoły,+48 415 211 789,Krakow,Chorazowka 84/40,86012565209,2022-03-25,payment,2020-09-06
Bruno,Beker,+48 585 161 847,Krakow,Rzeszowska 28/61,99032247411,2024-05-01,payment,2024-05-13
Dariusz,Golczyk,+48 155 767 366,Gdansk,Dlugi Targ 93/77,78011144255,2021-08-24,payment,2024-03-18
Fryderyk,Kobos,+48 499 611 806,Poznan,Laskowicka 22/86,55030696152,2020-02-27,payment,2023-09-09
Marianna,Szyjka,+48 106 151 522,Krakow,Swietokrzyska 14/38,85100541374,2024-04-17,contract signing,2021-02-17
Krystian,Sygut,+48 797 330 228,Wroclaw,Olawska 38/1,62090109546,2021-06-17,payment,2021-09-22
Kornelia,Jaśkowiec,+48 722 777 572,Krakow,Wandy 26/9,46081998782,2022-03-17,payment,2022-08-30
Nicole,Juroszek,+48 523 740 146,Poznan,Gorzyslawa 61/82,53120825206,2020-02-25,payment,2020-04-06
Liwia,Łyczek,+48 926 641 441,Krakow,Krolowej Jadwigi 50/82,65122067007,2023-09-22,payment,2020-08-12
Aurelia,Bakiera,+48 867 610 649,Poznan,Poludniowa 33/36,70081192082,2024-06-07,payment,2021-11-09
Fabian,Szkoła,+48 101 332 820,Gdansk,Rynkowska 67/78,99082061542,2020-02-06,payment,2021-08-26
Marek,Osik,+48 927 361 584,Wroclaw,Katedralna 85/11,75090203523,2021-08-06,payment,2022-07-23
Norbert,Drywa,+48 208 871 275,Warsaw,Wilenska 86/11,48091821270,2020-10-15,payment,2023-06-24
Emil,Chromy,+48 321 912 859,Gdansk,Swinoujscie 54/43,65011865732,2024-10-28,contract signing,2020-08-14
Ewa,Golonko,+48 241 370 844,Warsaw,Krakowskie Przedmiescie 12/22,94020963784,2024-03-24,payment,2022-11-08
Artur,Kozieja,+48 785 770 553,Wroclaw,Polan 27/69,54042024272,2024-09-05,payment,2023-12-31
Sonia,Gogół,+48 928 196 380,Warsaw,Narbutta 52/30,89021848910,2022-03-17,payment,2023-02-06
Kacper,Drozdowicz,+48 411 873 718,Gdansk,Piastowska 69/17,97090188268,2020-07-01,payment,2023-04-25
Tola,Sadza,+48 412 452 761,Gdansk,Gdanska 54/46,64011943185,2023-10-02,payment,2022-05-19
Angelika,Pyzel,+48 219 231 498,Warsaw,Limanowskiego 69/42,47091686081,2021-05-11,payment,2021-07-12
Sylwia,Mizak,+48 932 725 451,Wroclaw,Piekarska 3/21,00122596308,2023-09-16,payment,2021-04-11
Nataniel,Raźniak,+48 851 214 110,Warsaw,Bialostocka 33/90,40070541704,2024-08-05,payment,2024-09-30
Emil,Karczmarz,+48 717 961 242,Warsaw,Batory 12/96,96061838360,2022-11-10,payment,2024-12-12
Malwina,Miszkurka,+48 760 240 514,Krakow,Lipowa 21/25,40071449285,2021-08-24,payment,2024-03-03
Sandra,Dytrych,+48 195 890 721,Wroclaw,Katedralna 33/38,81081347624,2023-12-04,payment,2020-05-03
Janina,Baum,+48 598 414 854,Gdansk,Dlugi Targ 82/78,85122373678,2022-11-28,payment,2024-01-15
Antoni,Kijanka,+48 336 896 794,Poznan,Pieciomorgowa 66/33,74021766227,2021-11-06,payment,2021-11-05
Sebastian,Wawrzonek,+48 887 573 419,Krakow,Lobzow 83/23,55082457266,2021-08-06,payment,2023-11-11
Emil,Królczyk,+48 377 814 748,Wroclaw,Hutnicza 5/20,82092721764,2022-08-28,payment,2023-02-17
Daniel,Kozień,+48 194 564 768,Wroclaw,Katedralna 54/63,83050456939,2021-11-12,payment,2022-11-07
Lidia,Lejman,+48 382 438 813,Warsaw,Marszalkowska 64/65,99091225328,2024-08-29,contract signing,2021-02-27
Arkadiusz,Szmuc,+48 986 472 128,Warsaw,Batory 58/43,91081821473,2024-10-05,payment,2023-01-26
Marianna,Soczówka,+48 995 221 184,Wroclaw,Sudecka 60/29,05020586361,2021-05-02,contract signing,2022-12-17
Szymon,Kuryś,+48 596 362 395,Wroclaw,Wroclawska 7/61,97111355509,2021-08-24,contract signing,2023-03-10
Sylwia,Ryfa,+48 749 754 995,Gdansk,Trojmiasto 38/40,79031386184,2020-12-03,payment,2024-01-28
Marcel,Wasiewicz,+48 126 102 701,Warsaw,Swietokrzyska 41/28,59072221226,2020-03-13,payment,2024-02-19
Bartek,Kozaczuk,+48 753 621 772,Warsaw,Marszalkowska 38/34,62110535117,2022-03-10,payment,2021-04-04
Józef,Kuder,+48 294 706 667,Krakow,Rzeszowska 48/30,98081433301,2024-04-22,payment,2020-06-22
Kaja,Rusiniak,+48 227 860 243,Poznan,Gorzyslawa 96/37,59111215034,2020-11-20,payment,2020-04-30
Olga,Kandziora,+48 533 459 822,Warsaw,Jagiellonska 6/27,50122681678,2020-11-04,contract signing,2020-07-06
Julita,Kałek,+48 851 871 395,Poznan,Strzeszynska 43/97,02041455609,2024-11-17,payment,2020-05-20
Julita,Mich,+48 400 255 412,Warsaw,Rakowiecka 57/5,91122436394,2023-10-14,payment,2024-12-25
Natasza,Linka,+48 296 179 675,Warsaw,Sowinskiego 42/11,74021464644,2021-10-30,contract signing,2020-05-05
Mieszko,Palus,+48 402 126 481,Gdansk,Podwale Staromiejskie 67/62,90100411280,2021-09-12,payment,2021-06-16
Julian,Winnik,+48 946 863 565,Gdansk,Nowe Wrota 54/52,99120937732,2022-12-06,payment,2020-01-24
Borys,Zasępa,+48 967 743 860,Krakow,Plac Nowy 97/51,65102642402,2023-11-28,payment,2020-11-23
Iwo,Kawiak,+48 598 146 272,Gdansk,Zaspa 4/50,57032683813,2024-12-22,payment,2024-09-25
Sylwia,Sip,+48 494 667 889,Gdansk,Zaspa 4/32,72111542689,2024-04-16,payment,2024-04-19
Alex,Indyk,+48 507 228 110,Warsaw,Inzynierska 73/40,83070157122,2024-11-23,payment,2021-05-01
Aleksander,Suchora,+48 962 297 168,Wroclaw,Swietego Mikolaja 25/58,04020155823,2020-05-17,payment,2023-08-12
Anita,Mak,+48 629 298 479,Warsaw,Stalowa 70/62,97051864286,2021-09-20,payment,2021-09-12
Marcelina,Nickel,+48 282 941 957,Krakow,Krolowej Jadwigi 71/69,63070157827,2024-09-17,payment,2022-12-05
Karol,Szemraj,+48 164 471 101,Gdansk,Swietego Ducha 50/7,74042862191,2023-12-31,contract signing,2020-04-16
Adrianna,Nowotnik,+48 521 904 352,Warsaw,Zabkowska 21/13,89051406683,2024-05-11,payment,2020-11-18
Franciszek,Różak,+48 191 388 850,Warsaw,Powisle 93/23,41040716357,2023-06-01,payment,2023-12-20
Marianna,Matejczuk,+48 832 664 177,Gdansk,Zaspa 76/87,04091606806,2020-04-16,payment,2023-03-14
Oskar,Litwinowicz,+48 218 689 552,Krakow,Wandy 30/53,89082140475,2024-06-29,payment,2021-04-17
Kornelia,Walkusz,+48 320 799 497,Gdansk,Morska 50/53,42102348422,2020-10-16,payment,2020-09-09
Nicole,Moczko,+48 749 220 878,Warsaw,Targowa 70/75,43101904679,2024-04-22,payment,2023-02-02
Lidia,Wika,+48 717 934 414,Wroclaw,Trzmielowice 91/56,06100524420,2023-01-17,payment,2023-07-01
Olga,Ulewicz,+48 657 458 949,Warsaw,Lechitow 1/73,71070217353,2022-02-12,payment,2022-03-22
Maks,Kolanko,+48 290 127 291,Gdansk,Gdanska 98/99,84122060285,2024-12-17,payment,2024-12-04
Daniel,Kroczak,+48 137 604 302,Gdansk,Polski Czerwony Krzyz 61/84,05062239100,2021-08-10,payment,2021-01-12
Antoni,Torbus,+48 612 729 285,Wroclaw,Hutnicza 53/64,44042630731,2022-07-10,payment,2022-03-27
Maksymilian,Malesza,+48 311 436 603,Poznan,Opolska 38/62,87080418190,2020-02-15,contract signing,2021-04-07
Tymoteusz,Golda,+48 213 100 352,Wroclaw,Mickiewicza 93/37,76021115667,2023-06-27,payment,2023-06-29
Leon,Banak,+48 438 403 920,Warsaw,Ludwika Rydygiera 53/41,49041037909,2021-05-27,payment,2021-04-24
Dawid,Tymczyszyn,+48 607 261 876,Krakow,Lobzow 98/82,50102765695,2024-01-27,contract signing,2023-01-01
Anna Maria,Kujda,+48 355 375 744,Warsaw,Ludwika Rydygiera 19/33,81051136203,2024-06-15,payment,2021-02-15
Sara,Flieger,+48 497 446 271,Krakow,Grodzka 47/99,47080823619,2020-05-25,payment,2021-05-23
Jakub,Łuckiewicz,+48 841 987 522,Gdansk,Gdanska 84/81,79121951986,2020-04-18,payment,2020-03-04
Przemysław,Megger,+48 635 342 427,Krakow,Aleja Roz 6/37,97122686821,2021-08-06,payment,2023-07-26
Konstanty,Gajzler,+48 649 345 936,Gdansk,Dluga 57/49,56070573065,2024-07-21,payment,2023-11-06
Gabriel,Andrzejuk,+48 501 151 742,Poznan,Polwiejska 12/52,49120172172,2022-08-08,payment,2022-06-19
Monika,Molka,+48 860 701 346,Gdansk,Polski Czerwony Krzyz 80/6,74050808222,2023-01-30,payment,2024-08-06
Maks,Wosiek,+48 601 374 103,Krakow,Dluga 70/35,41032676058,2023-01-22,payment,2023-02-28
Nela,Beśka,+48 395 235 223,Krakow,Rzeszowska 64/26,89092896209,2024-06-26,payment,2024-02-10
Jacek,Cierpka,+48 731 505 578,Warsaw,Klopot 59/19,41122476384,2020-02-20,payment,2022-05-09
Juliusz,Wyderka,+48 275 874 317,Gdansk,Podgorna 85/13,88081852633,2024-11-14,payment,2021-10-20
Melania,Kiciak,+48 763 691 460,Poznan,Poludniowa 58/27,05051502402,2023-02-17,payment,2023-05-14
Kajetan,Delikat,+48 438 142 519,Krakow,Podgorki 100/86,05080469381,2021-02-13,payment,2022-03-13
Justyna,Misiejuk,+48 882 798 557,Gdansk,Alei Grunwaldzka 1/88,80082447197,2022-07-07,payment,2023-07-18
Karol,Piotrowiak,+48 609 630 253,Wroclaw,Miejska 40/14,56101398999,2020-12-06,payment,2023-02-05
Cyprian,Bełz,+48 905 423 249,Warsaw,Zabkowska 46/90,95010926569,2021-07-12,payment,2021-04-06
Piotr,Kapciak,+48 391 704 154,Warsaw,Lechitow 68/53,40031792280,2023-10-20,payment,2021-05-10
Alan,Sommer,+48 510 250 157,Krakow,Lobzow 46/72,81052836850,2023-05-16,contract signing,2020-09-06
Piotr,Fidor,+48 951 112 387,Wroclaw,Aleja 1 Maja 5/84,69122583040,2024-02-05,payment,2021-01-16
Gaja,Szrama,+48 682 954 437,Krakow,Mysliwska 99/87,99052066346,2021-05-26,payment,2021-01-20
Mikołaj,Klepka,+48 631 424 145,Poznan,Tory 87/33,55071308029,2020-03-25,payment,2024-02-18
Jakub,Turlej,+48 868 719 278,Gdansk,Alei Grunwaldzka 61/46,79040635327,2023-02-25,payment,2024-10-08
Adam,Majzner,+48 791 688 850,Poznan,Sienkiewicza 22/38,84070285345,2024-11-03,payment,2021-10-12
Stanisław,Puto,+48 100 704 301,Poznan,Laskowicka 68/57,95071154121,2023-08-10,payment,2022-02-02
Cyprian,Klaja,+48 351 874 143,Poznan,Grunwaldzka 11/100,53012198212,2020-10-21,payment,2024-08-17
Monika,Osojca,+48 764 593 851,Krakow,Krolowej Jadwigi 3/37,48051953373,2022-08-21,payment,2020-12-17
Konstanty,Bacik,+48 478 808 436,Wroclaw,Hutnicza 33/18,97050874075,2024-02-19,payment,2022-03-17
Natan,Knapek,+48 545 943 310,Krakow,Odrzanska 41/68,60112734367,2024-07-06,payment,2021-01-16
Tomasz,Cyba,+48 985 502 125,Warsaw,Ludwika Rydygiera 26/79,69031989500,2023-11-11,payment,2024-08-31
Karina,Thiel,+48 534 336 300,Krakow,Aleja Roz 33/2,71021559826,2021-07-12,payment,2023-05-05
Karina,Plona,+48 166 245 673,Warsaw,Lechitow 69/60,70111940568,2021-04-06,payment,2023-11-22
Marek,Dub,+48 492 103 657,Poznan,Tory 57/91,84062560434,2020-07-27,payment,2021-08-22
Norbert,Młodzik,+48 536 162 255,Krakow,Szeroka 8/91,81061223250,2021-10-28,payment,2023-06-18
Krzysztof,Lichoń,+48 122 446 591,Poznan,Strzeszynska 34/13,98040422755,2021-03-12,payment,2020-04-23
Justyna,Palak,+48 971 234 363,Poznan,Kraszewskiego 15/65,03122466754,2023-10-10,payment,2022-02-13
Mariusz,Dybaś,+48 725 945 589,Wroclaw,Rynkowska 76/1,03032533504,2021-10-24,payment,2023-02-28
Tadeusz,Fita,+48 285 844 229,Gdansk,Targ Weglowy 55/81,78041229582,2020-10-08,payment,2024-03-09
Maksymilian,Gregorczuk,+48 991 406 500,Gdansk,Gdanska 79/11,52112651665,2024-11-28,payment,2024-01-22
Bianka,Cieciora,+48 362 770 103,Poznan,Swiety Marcin 82/72,63020567595,2020-09-19,payment,2020-01-14
Krzysztof,Wiaderek,+48 748 719 918,Warsaw,Stalowa 96/82,75062420082,2020-11-28,payment,2023-03-07
Krystyna,Wasążnik,+48 628 437 672,Wroclaw,Biskupin 41/67,06072286476,2022-10-02,payment,2022-05-26
Cyprian,Maciuk,+48 233 429 417,Gdansk,Ostroda 10/6,60012833742,2022-11-19,payment,2024-11-09
Rozalia,Pietrewicz,+48 337 166 856,Krakow,Wandy 59/48,45041290821,2023-08-10,payment,2020-05-03
Nicole,Posłuszny,+48 338 687 278,Gdansk,Karpacka 39/79,01081901749,2023-08-12,payment,2024-10-16
Justyna,Berdzik,+48 655 107 836,Wroclaw,Legnicka 59/31,04012351660,2020-06-21,payment,2023-12-20
Wiktor,Podsiadła,+48 281 271 329,Poznan,Strzeszynska 11/74,46012292963,2023-02-05,payment,2024-02-08
Grzegorz,Brudny,+48 181 262 940,Warsaw,Nowy Swiat 44/71,85110890097,2024-06-30,payment,2021-12-25
Melania,Gregorczuk,+48 742 576 347,Wroclaw,Zaodrze 2/22,44021055265,2020-02-26,payment,2024-06-07
Krystyna,Kieloch,+48 585 753 291,Warsaw,Stalowa 10/91,58122538501,2022-04-09,payment,2024-11-16
Janina,Fołta,+48 124 685 295,Warsaw,Nowy Swiat 96/62,70120359867,2020-08-02,payment,2024-04-01
Olga,Grzejszczak,+48 891 919 596,Krakow,Florianska 59/60,97031717780,2022-02-14,payment,2020-11-18
Jan,Jantos,+48 320 479 413,Krakow,Plac Nowy 34/36,75031202143,2020-01-04,contract signing,2023-11-16
Janina,Krefta,+48 204 121 411,Warsaw,Mlynarska 38/92,79110123419,2020-05-22,contract signing,2023-10-16
Lidia,Pajek,+48 468 257 525,Krakow,Pilsudskiego 13/80,69080662113,2024-09-20,payment,2023-08-21
Anna Maria,Sadowy,+48 843 928 658,Wroclaw,Hutnicza 92/57,45091389539,2020-09-24,payment,2020-10-30
Patryk,Wolańczyk,+48 953 279 393,Krakow,Odrzanska 22/46,96011100406,2021-05-29,payment,2022-11-15
Gaja,Solich,+48 709 983 527,Gdansk,Gdanska 23/99,82021625338,2024-04-20,payment,2022-03-04
Mariusz,Pierzak,+48 157 361 286,Gdansk,Gdanska 26/75,67030977717,2020-04-08,payment,2021-07-11
Maurycy,Łosiewicz,+48 163 851 744,Warsaw,Klopot 70/96,94071191352,2020-02-06,contract signing,2022-10-14
Cyprian,Ragan,+48 199 352 887,Gdansk,Podwale Staromiejskie 81/1,75121541406,2024-10-15,payment,2021-04-13
Kaja,Litwa,+48 633 596 968,Poznan,Kraszewskiego 87/53,80042373955,2023-04-26,payment,2020-08-05
Tomasz,Cyroń,+48 182 174 869,Gdansk,Jaskowa Dolina 78/36,92031793471,2020-05-23,payment,2023-10-06
Jacek,Wasążnik,+48 151 570 325,Poznan,Przybyszowska 35/50,72021226219,2023-05-17,contract signing,2020-09-03
Sara,Wasilewicz,+48 667 510 261,Wroclaw,Czarnowiejska 1/39,89012341862,2023-04-03,payment,2020-10-19
Tomasz,Damian,+48 501 804 684,Krakow,Krolowej Jadwigi 11/88,70042234439,2020-05-27,payment,2022-09-29
Dominik,Olesiejuk,+48 905 234 487,Warsaw,Rakowiecka 53/26,70010970183,2023-03-19,payment,2021-01-19
Krystyna,Grygorcewicz,+48 250 915 970,Warsaw,Narbutta 41/36,95101717250,2022-06-10,payment,2022-09-15
Bianka,Ulewicz,+48 199 220 941,Warsaw,Jagiellonska 68/5,43012656818,2024-02-21,payment,2024-01-06
Tadeusz,Cogiel,+48 596 685 620,Wroclaw,Piekarska 51/58,90072438810,2020-05-31,payment,2022-10-24
Dorota,Wiertelak,+48 212 937 689,Warsaw,Powisle 52/33,51041237517,2021-07-06,payment,2022-01-26
Inga,Elwart,+48 927 541 607,Warsaw,Marszalkowska 47/67,43110802801,2021-03-22,payment,2024-06-11
Konstanty,Zagrodnik,+48 260 724 418,Krakow,Mysliwska 81/38,46042795612,2020-08-25,payment,2021-05-13
Julita,Rycerz,+48 808 903 661,Wroclaw,Zaodrze 21/82,62121925402,2021-09-03,payment,2021-10-14
Fabian,Ciesiółka,+48 253 289 687,Wroclaw,Grabiszynska 53/22,64060793502,2020-01-04,payment,2024-11-30
Justyna,Filus,+48 885 766 852,Gdansk,Swietego Ducha 36/38,76112268298,2022-05-31,payment,2021-09-15
Malwina,Sztaba,+48 892 956 212,Gdansk,Rynkowska 47/64,43110962424,2020-04-09,payment,2020-06-06
Tomasz,Leżoń,+48 649 577 187,Krakow,Wielopole 17/50,63120424374,2023-11-26,payment,2023-08-09
Gabriel,Jambor,+48 667 439 186,Wroclaw,Czarnowiejska 78/94,86071136750,2022-06-04,payment,2021-09-09
Stefan,Dylong,+48 174 326 580,Poznan,Strzeszynska 51/79,48070560903,2022-08-23,payment,2022-01-07
Natasza,Derek,+48 698 882 859,Gdansk,Bociania 68/26,50091310014,2021-12-25,payment,2022-09-09
Kajetan,Łodej,+48 767 502 253,Krakow,Centralna 34/19,63062899278,2022-01-30,payment,2023-03-26
Konrad,Macek,+48 552 440 694,Wroclaw,Mickiewicza 47/50,77112432614,2020-09-09,payment,2022-08-29
Jacek,Łasak,+48 675 268 577,Krakow,Lobzow 64/69,61090103826,2020-09-15,payment,2022-09-08
Tola,Nawój,+48 386 167 190,Warsaw,Inzynierska 19/89,94041013039,2020-08-06,payment,2021-05-01
Antoni,Burkiewicz,+48 558 947 959,Krakow,Krolowej Jadwigi 35/91,46112239743,2022-11-29,payment,2021-02-15
Mateusz,Cymbała,+48 893 837 253,Wroclaw,Piekarska 24/72,48051336644,2020-05-22,payment,2020-03-06
Rozalia,Nowotka,+48 451 702 727,Wroclaw,Sudecka 30/8,74060379701,2022-10-23,payment,2022-05-29
Róża,Karol,+48 838 131 988,Gdansk,Targ Weglowy 23/9,71062503675,2023-11-08,payment,2020-07-29
Nikodem,Koćwin,+48 961 403 659,Wroclaw,Piekarska 79/89,73052379923,2023-05-12,payment,2020-06-29
Wiktor,Kucewicz,+48 839 657 839,Gdansk,Gdanska 84/4,47110170373,2021-03-12,payment,2020-11-05
Inga,Łabuś,+48 217 935 623,Warsaw,Bialostocka 67/62,52031623439,2023-08-27,payment,2022-05-17
Eliza,Ciesielczyk,+48 577 401 969,Krakow,Wandy 23/21,55022273459,2024-03-15,payment,2020-02-16
Szymon,Broniek,+48 397 984 299,Warsaw,Targowa 49/51,48120538337,2022-06-22,payment,2023-09-30
Kalina,Nojman,+48 990 501 583,Wroclaw,Olawska 16/88,54051416745,2024-09-21,payment,2022-11-13
Olaf,Skała,+48 743 895 660,Warsaw,Swietokrzyska 54/62,51052248573,2022-12-10,payment,2024-04-27
Mikołaj,Fularczyk,+48 582 670 959,Gdansk,Polski Czerwony Krzyz 62/82,57091046994,2024-02-11,payment,2024-08-17
Daniel,Uss,+48 577 281 637,Wroclaw,Legnicka 30/65,90021419767,2022-02-02,contract signing,2021-12-21
Julianna,Nieradzik,+48 287 483 535,Warsaw,Lechitow 45/23,60012895063,2021-06-06,payment,2022-06-09
Liwia,Guzdek,+48 923 652 213,Poznan,Wlasnosciowa 95/79,49021698199,2024-10-09,payment,2023-02-01
Eliza,Bereś,+48 390 399 771,Gdansk,Dlugi Targ 36/17,52081283069,2020-06-23,payment,2020-08-13
Nicole,Piotrkowicz,+48 822 545 439,Poznan,Kraszewskiego 2/3,42022786276,2022-01-10,payment,2024-08-25
Radosław,Kuza,+48 596 602 782,Poznan,Grunwaldzka 51/65,85100804062,2022-08-20,payment,2024-02-25
Sara,Morka,+48 716 717 868,Gdansk,Karpacka 3/84,57112371757,2020-04-29,payment,2022-01-12
Roksana,Mikołajewicz,+48 608 660 834,Gdansk,Podwale Staromiejskie 87/52,00062784520,2020-05-12,payment,2021-09-10
Daniel,Lesisz,+48 626 140 570,Warsaw,Wilenska 51/47,64030815818,2023-10-15,payment,2024-09-29
Ada,Cader,+48 944 914 759,Wroclaw,Aleja 1 Maja 88/71,54070678179,2023-01-30,payment,2023-03-21
Fryderyk,Joszko,+48 857 729 430,Warsaw,Batory 22/20,00080455235,2021-02-13,payment,2021-04-22
Olgierd,Swaczyna,+48 408 769 708,Krakow,Wandy 21/62,59051587848,2020-08-08,payment,2023-07-28
Oskar,Smagała,+48 641 523 279,Warsaw,Powisle 24/82,72122450997,2022-04-08,payment,2023-05-13
Dominik,Falba,+48 135 901 498,Warsaw,Marszalkowska 85/26,62110421632,2021-02-23,payment,2024-09-11
Miłosz,Pietrewicz,+48 106 412 955,Gdansk,Podwale Staromiejskie 47/29,87041753254,2021-09-21,payment,2024-08-23
Józef,Zaniewicz,+48 193 775 620,Warsaw,Targowa 34/90,00020366205,2021-05-06,payment,2021-03-08
Dawid,Faltyn,+48 668 676 173,Poznan,Staroleka 52/37,62121501138,2024-06-13,payment,2022-09-22
Tadeusz,Huczek,+48 614 818 625,Krakow,Lipowa 39/81,76090762034,2024-07-23,payment,2022-07-20
Anastazja,Leszcz,+48 239 152 941,Wroclaw,Sudecka 17/20,93050376517,2021-08-20,payment,2023-04-01
Róża,Hanusiak,+48 168 238 909,Poznan,Czajkowska 73/64,75052814912,2024-03-10,contract signing,2024-09-07
Jędrzej,Mrotek,+48 424 973 362,Poznan,Grunwaldzka 40/9,76070416061,2023-04-10,payment,2024-06-16
Wojciech,Misiurek,+48 546 123 247,Gdansk,Polski Czerwony Krzyz 70/41,67010363594,2021-10-04,payment,2024-10-09
Ada,Świech,+48 757 242 601,Gdansk,Polski Czerwony Krzyz 46/49,57120586943,2020-03-18,payment,2024-03-01
Olgierd,Dobrosz,+48 734 344 532,Krakow,Wiosny Ludow 90/38,66031426398,2023-07-25,payment,2021-09-21
Ewelina,Kaczan,+48 947 235 723,Krakow,Centralna 81/48,62071714000,2022-10-20,payment,2021-06-20
Roksana,Nurkiewicz,+48 811 291 747,Krakow,Aleja Roz 17/34,92041641973,2024-03-02,payment,2023-12-05
Dominik,Sawko,+48 490 161 668,Gdansk,Gdanska 56/55,05012731003,2021-12-27,payment,2023-05-12
Ksawery,Sadlik,+48 595 478 334,Wroclaw,Piekarska 48/2,44020182177,2021-12-29,payment,2021-03-15
Roksana,Bednarowicz,+48 376 474 282,Krakow,Lobzow 23/63,92101914601,2022-05-27,payment,2022-09-11
Melania,Solarek,+48 642 639 768,Krakow,Karmelicka 11/97,91020165819,2023-07-25,payment,2021-09-21
Mariusz,Zys,+48 212 588 400,Krakow,Lipowa 67/17,73051149907,2020-12-09,payment,2024-04-04
Kamila,Kaczan,+48 703 539 521,Wroclaw,Wroclawska 92/93,83012481708,2022-08-29,payment,2020-06-05
Marcel,Szelest,+48 196 150 184,Wroclaw,Piekarska 30/40,81071903339,2022-06-24,payment,2024-06-18
Patryk,Lisak,+48 881 597 674,Krakow,Lipowa 18/2,53122654086,2020-12-14,payment,2022-06-19
Eliza,Wykręt,+48 215 231 380,Krakow,Karmelicka 56/55,45122797359,2020-07-24,payment,2021-10-16
Melania,Filas,+48 262 804 674,Gdansk,Wielki Mlyn 31/54,82101761136,2020-05-20,payment,2024-03-24
Adrianna,Pawliszyn,+48 826 528 609,Gdansk,Bociania 44/30,69102866381,2024-11-27,payment,2022-01-23
Radosław,Miąsko,+48 663 548 730,Gdansk,Morska 9/59,90080917439,2024-02-19,payment,2024-11-21
Nikodem,Kęsek,+48 688 958 853,Warsaw,Ludwika Rydygiera 71/71,51022855497,2024-06-23,payment,2023-11-18
Krystian,Furgał,+48 301 992 208,Gdansk,Nowe Wrota 100/88,61070222697,2021-05-26,payment,2022-02-25
Tadeusz,Głowiak,+48 649 463 398,Krakow,Dluga 15/20,41052321165,2024-08-17,payment,2020-12-21
Maks,Borak,+48 669 404 216,Wroclaw,Grabiszynska 98/95,58022546165,2024-09-10,payment,2024-12-29
Justyna,Rogacz,+48 726 182 537,Gdansk,Rynkowska 19/73,94082375781,2020-08-02,contract signing,2024-01-08
Liwia,Rajman,+48 602 141 903,Warsaw,Stalowa 29/60,03090154037,2022-04-14,contract signing,2024-05-07
Olaf,Koloch,+48 145 455 800,Krakow,Odrzanska 98/91,96091701186,2022-04-16,payment,2024-06-22
Tymoteusz,Muc,+48 253 295 700,Poznan,Poludniowa 99/25,88081535110,2021-11-16,payment,2021-12-26
Nela,Morek,+48 816 616 188,Krakow,Wandy 55/83,02080176570,2023-01-25,payment,2020-06-03
Janina,Och,+48 281 591 806,Wroclaw,Piekarska 59/13,05050794390,2024-08-27,payment,2021-02-11
Jacek,Wasilewicz,+48 720 519 408,Poznan,Dabrowa 95/26,57122610316,2021-05-13,payment,2024-06-24
Borys,Dudała,+48 211 444 676,Wroclaw,Osobowicka 82/60,49092508580,2024-12-30,payment,2024-05-17
Karol,Kreczmer,+48 599 746 644,Krakow,Wandy 68/25,76072293639,2021-09-22,payment,2021-04-20
Mateusz,Sudak,+48 774 182 631,Poznan,Staroleka 48/41,78092822093,2022-12-24,payment,2024-06-23
Leonard,Bobik,+48 838 118 177,Gdansk,Swinoujscie 22/43,60110680028,2024-08-30,payment,2021-06-29
Piotr,Kustosz,+48 235 406 511,Poznan,Kraszewskiego 85/11,02030310117,2024-04-29,payment,2021-05-17
Ewelina,Elwart,+48 494 844 952,Poznan,Laskowicka 43/7,48101659963,2023-02-26,payment,2021-09-18
Aleksander,Kochman,+48 691 164 517,Gdansk,Podgorna 68/11,43052833640,2023-06-17,payment,2023-01-17
Eliza,Orszulik,+48 551 419 554,Wroclaw,Miejska 71/60,05101014530,2022-01-26,payment,2021-07-09
Bartek,Kołata,+48 250 912 753,Poznan,Sienkiewicza 63/14,62061025004,2023-10-24,payment,2023-10-09
Michał,Syroka,+48 876 823 764,Warsaw,Klopot 16/65,66101353311,2022-01-05,payment,2020-11-29
Lidia,Palus,+48 958 118 593,Wroclaw,Czarnowiejska 78/76,73061147951,2020-02-28,payment,2022-04-30
Ryszard,Bączkiewicz,+48 298 792 607,Wroclaw,Hutnicza 37/23,43092653493,2020-06-25,payment,2022-04-10
Kornel,Steciuk,+48 220 250 444,Warsaw,Narbutta 46/18,97052232664,2022-12-03,payment,2020-11-30
Antoni,Hejna,+48 600 838 897,Gdansk,Al. Grunwaldzka 11/88,99012612697,2022-01-19,payment,2024-09-09
Daniel,Pasiak,+48 501 700 609,Warsaw,Nowy Swiat 67/51,95102174351,2023-10-03,payment,2020-10-02
Aleks,Breguła,+48 187 761 866,Krakow,Podgorki 22/1,69120400987,2022-04-30,payment,2021-08-02
Maksymilian,Deneka,+48 186 474 371,Krakow,Florianska 29/53,43122144515,2022-12-06,payment,2021-01-24
Lidia,Rolek,+48 552 967 355,Warsaw,Lechitow 34/66,70061615213,2023-10-02,contract signing,2021-07-12
Grzegorz,Sygut,+48 380 261 681,Poznan,Laskotelna 3/100,61061920081,2021-07-24,contract signing,2023-07-28
Antoni,Krauza,+48 708 458 680,Wroclaw,Olawka 34/70,76060113059,2022-04-10,payment,2020-09-03
Natasza,Kubanek,+48 886 542 914,Gdansk,Podgorna 3/83,84010166798,2021-09-10,payment,2020-08-30
Jakub,Szafarz,+48 846 899 768,Poznan,Wiosna 47/20,04072362103,2023-09-17,payment,2020-02-14
Daniel,Madziar,+48 158 842 259,Gdansk,Swinoujscie 44/19,04050205125,2023-11-27,payment,2022-06-08
Angelika,Hulbój,+48 366 144 379,Gdansk,Aleja Jana Pawla II 24/93,46052316964,2022-01-23,payment,2021-05-09
Ada,Cieciora,+48 360 749 405,Poznan,Strzeszynska 31/72,86080340487,2022-09-29,payment,2022-08-02
Bianka,Sarota,+48 951 497 197,Poznan,Gorzyslawa 10/35,00101410645,2022-06-15,payment,2021-04-12
Olaf,Glenc,+48 446 116 122,Gdansk,Karpacka 85/24,46052060405,2020-05-27,payment,2024-07-19
Bartek,Dudczak,+48 831 686 866,Warsaw,Swietokrzyska 4/50,87092293217,2024-02-09,payment,2020-09-22
Julian,Ambrozik,+48 613 402 314,Warsaw,Batory 65/18,48070331406,2024-03-02,payment,2021-03-30
Maksymilian,Zacharek,+48 883 865 230,Gdansk,Karpacka 26/49,01082749881,2020-12-20,payment,2023-02-12
Nikodem,Pleban,+48 264 576 880,Wroclaw,Czarnowiejska 4/44,77062410267,2023-10-22,payment,2022-07-27
Arkadiusz,Hejduk,+48 799 823 142,Krakow,Dluga 70/36,71101119476,2022-11-25,payment,2023-09-28
Julianna,Kazimierczyk,+48 814 152 430,Wroclaw,Rynkowska 37/54,41121074040,2021-10-01,payment,2022-01-25
Tobiasz,Pizoń,+48 650 522 773,Krakow,Odrzanska 27/95,70091861211,2022-04-19,payment,2021-12-21
Antoni,Kowalak,+48 207 637 644,Poznan,Strzeszynska 49/45,77072029514,2022-10-08,payment,2021-05-14
Fryderyk,Franaszek,+48 708 939 142,Poznan,Laskowicka 82/81,79011655008,2022-06-19,payment,2024-11-26
Kornelia,Sadlak,+48 636 902 847,Warsaw,Targowa 8/67,71030568233,2022-03-06,payment,2020-12-24
Dominik,Elert,+48 742 627 212,Warsaw,Ludwika Rydygiera 68/75,46010649682,2023-08-13,contract signing,2022-03-14
Daniel,Mamcarz,+48 547 929 178,Gdansk,Trojmiasto 58/90,41122667652,2023-08-01,payment,2022-02-06
Kornel,Jarmuła,+48 445 765 415,Krakow,Wielopole 30/80,54061006226,2024-05-21,payment,2023-04-12
Maksymilian,Martyka,+48 381 847 572,Poznan,Tory 24/42,65092541639,2023-08-27,payment,2022-10-02
Sebastian,Mieloch,+48 166 686 681,Krakow,Odrzanska 87/7,86100564288,2023-04-25,payment,2022-01-15
Kajetan,Łosiak,+48 543 234 138,Gdansk,Swietego Ducha 18/19,91011264707,2022-10-02,payment,2024-04-19
Tobiasz,Lorens,+48 196 768 576,Gdansk,Zaspa 77/24,58090324971,2023-10-01,payment,2021-11-27
Ryszard,Mizgała,+48 222 208 631,Krakow,Plac Nowy 26/29,97042618784,2020-03-29,contract signing,2021-04-06
Adam,Maciuk,+48 555 947 492,Poznan,Laskotelna 97/40,84102072318,2023-02-21,payment,2023-08-18
Blanka,Choroś,+48 320 421 442,Warsaw,Krasinskiego 68/100,99100248056,2020-08-12,payment,2023-09-12
Adrian,Klebba,+48 108 256 860,Gdansk,Nowe Wrota 88/82,71082794440,2022-04-22,payment,2021-12-02
Stefan,Bulczak,+48 145 324 421,Poznan,Tory 45/86,57021055593,2024-06-24,payment,2022-02-02
Sebastian,Gaś,+48 188 392 667,Krakow,Lipowa 85/16,91100139433,2021-11-20,payment,2024-06-19
Maurycy,Janisz,+48 643 802 939,Warsaw,Nowy Swiat 48/56,00090910333,2022-12-18,payment,2024-07-17
Maciej,Góraj,+48 680 482 587,Warsaw,Inzynierska 33/72,01091020308,2020-09-26,payment,2022-03-10
Sara,Szmelter,+48 890 645 907,Wroclaw,Piekarska 63/50,05092771256,2021-02-28,payment,2024-04-28
Alex,Korbut,+48 159 801 974,Wroclaw,Osobowicka 8/42,48021954098,2022-08-30,payment,2020-10-07
Bartek,Rębiś,+48 639 572 304,Gdansk,Podwale Staromiejskie 87/47,54120826167,2024-01-03,payment,2021-10-16
Róża,Steinke,+48 764 630 451,Wroclaw,Mokotowska 79/55,77012834475,2024-07-11,contract signing,2023-08-13
Ida,Megger,+48 518 248 541,Krakow,Kasprowicza 40/80,74040514557,2020-12-18,payment,2023-10-08
Inga,Maciejuk,+48 907 403 111,Krakow,Karmelicka 14/15,51070905878,2020-11-05,contract signing,2023-01-31
Ryszard,Miętus,+48 210 665 511,Poznan,Przybyszowska 99/57,85010845810,2024-09-26,payment,2023-07-28
Nataniel,Haponiuk,+48 908 597 725,Wroclaw,Polan 35/63,68022067111,2021-07-17,contract signing,2023-08-27
Józef,Makles,+48 900 687 779,Krakow,Podgorki 55/61,67020481848,2021-06-20,payment,2021-07-03
Maciej,Sidorczuk,+48 502 312 406,Warsaw,Ludwika Rydygiera 6/58,98101218349,2021-12-21,payment,2020-12-08
Ewa,Kusek,+48 714 993 789,Krakow,Plac Nowy 93/83,02120696059,2023-01-02,payment,2023-05-26
Filip,Paszkowiak,+48 836 283 627,Wroclaw,Swidnicka 67/45,82062394736,2023-02-14,payment,2020-01-20
Jędrzej,Worach,+48 663 261 654,Poznan,Garbary 78/5,45081896953,2022-01-06,payment,2024-07-01
Jeremi,Gęca,+48 374 478 335,Krakow,Centralna 12/17,63091424001,2023-12-10,payment,2022-06-16
Krystyna,Bluszcz,+48 833 635 591,Poznan,Laskotelna 52/70,86050270462,2020-10-31,contract signing,2024-06-08
Dorota,Misztela,+48 244 291 185,Poznan,Blazenkowska 62/88,80041289637,2021-08-26,contract signing,2022-12-13
Sylwia,Paździora,+48 454 335 375,Warsaw,Narbutta 54/64,42011249883,2021-08-07,payment,2024-03-16
Adrian,Słabosz,+48 488 481 673,Wroclaw,Piekarska 47/9,62112079918,2020-10-20,payment,2024-05-22
Justyna,Zbrożek,+48 847 963 405,Krakow,Pieciomorgowa 67/7,06082512251,2021-02-16,payment,2024-04-19
Apolonia,Policht,+48 241 319 615,Wroclaw,Miejska 79/16,68060837718,2022-03-01,payment,2024-10-27
Mateusz,Kiepas,+48 650 946 428,Wroclaw,Czarnowiejska 12/65,02062395315,2021-08-30,contract signing,2021-09-06
Elżbieta,Pszczółka,+48 617 313 119,Warsaw,Batory 39/80,51052464487,2022-07-26,payment,2022-11-12
Kalina,Martin,+48 707 107 604,Krakow,Rzeszowska 21/6,48012257922,2024-11-11,contract signing,2022-09-16
Ada,Bohdanowicz,+48 716 629 333,Gdansk,Podgorna 38/79,81021319959,2023-08-05,payment,2020-08-26
Marika,Hetmańczyk,+48 117 499 558,Warsaw,Krasinskiego 70/58,43050174141,2020-09-28,payment,2022-12-31
Stanisław,Litwińczuk,+48 287 759 138,Poznan,Kraszewskiego 29/5,71030217175,2020-05-10,contract signing,2020-07-20
Gustaw,Wawszczyk,+48 288 843 133,Wroclaw,Trzmielowice 21/30,61080508552,2023-06-26,payment,2020-01-18
Urszula,Nijak,+48 348 914 340,Warsaw,Sowinskiego 55/55,63011606942,2023-12-19,payment,2020-04-03
Karina,Weremczuk,+48 719 525 217,Krakow,Szeroka 67/54,00051285762,2024-08-03,payment,2023-08-12
Ernest,Janasik,+48 222 639 363,Gdansk,Al. Grunwaldzka 89/89,74021345338,2022-04-01,payment,2024-11-22
Kalina,Kidoń,+48 806 861 953,Krakow,Wiosny Ludow 36/45,40040871817,2020-04-19,payment,2024-11-19
Tymoteusz,Wywiał,+48 406 472 916,Wroclaw,Olawska 56/17,02041174559,2022-11-16,payment,2020-03-18
Malwina,Koloch,+48 604 518 155,Gdansk,Piastowska 11/53,06052693472,2024-03-30,payment,2023-06-14
Eliza,Mironiuk,+48 983 206 780,Krakow,Karmelicka 6/37,86052564042,2024-01-10,payment,2020-03-07
Angelika,Żybura,+48 376 172 471,Krakow,Centralna 6/61,06040185217,2021-06-18,payment,2024-09-24
Ignacy,Graś,+48 604 169 191,Krakow,Wiosny Ludow 61/37,01030363361,2023-01-17,payment,2022-02-16
Karina,Jaszcz,+48 550 588 835,Warsaw,Targowa 15/33,40011957636,2023-01-25,contract signing,2022-08-06
Malwina,Heinrich,+48 349 255 840,Warsaw,Woronicza 34/73,80012416268,2020-09-14,payment,2023-10-01
Jerzy,Wesoły,+48 849 465 722,Wroclaw,Rynkowska 89/34,84060876252,2022-04-10,payment,2020-04-27
Cyprian,Madera,+48 456 481 904,Wroclaw,Obornicka 76/1,45101415559,2022-06-23,payment,2024-04-13
Monika,Pędzik,+48 260 680 360,Gdansk,Zaspa 79/94,99070730399,2022-12-15,payment,2023-09-12
Stefan,Staśko,+48 877 501 729,Krakow,Centralna 50/35,40071485696,2021-11-01,payment,2020-01-05
Tola,Brząkała,+48 972 925 556,Warsaw,Bialostocka 65/54,84011217646,2023-01-13,payment,2024-05-30
Albert,Fudalej,+48 157 755 177,Krakow,Wiosny Ludow 7/72,69091221419,2022-12-11,payment,2023-07-19
Krystyna,Dziewior,+48 144 468 429,Gdansk,Rynkowska 77/2,84110212720,2021-03-25,payment,2021-11-25
Albert,Galon,+48 460 190 126,Krakow,Rzeszowska 69/22,42060817569,2024-10-10,payment,2024-11-30
Jeremi,Mateńko,+48 210 585 862,Gdansk,Dlugi Targ 97/14,00081116850,2023-05-03,payment,2021-05-20
Liwia,Bryzek,+48 374 354 624,Gdansk,Podwale Staromiejskie 33/29,69091797718,2024-11-07,payment,2022-10-25
Cezary,Ledzion,+48 321 316 390,Wroclaw,Grabiszynska 34/11,40020297426,2024-08-10,contract signing,2023-12-13
Urszula,Bieniak,+48 415 145 853,Poznan,Pieciomorgowa 7/62,54062470075,2022-11-30,payment,2021-02-10
Mieszko,Trawka,+48 285 220 528,Wroclaw,Swietego Mikolaja 93/71,64092526921,2022-01-18,payment,2024-02-06
Eryk,Ziemak,+48 286 517 283,Warsaw,Limanowskiego 82/27,40031154035,2023-05-04,payment,2022-01-19
Eliza,Soczewka,+48 744 647 353,Gdansk,Dluga 43/14,62021663170,2024-09-29,payment,2024-07-23
Dorota,Golan,+48 195 954 719,Warsaw,Powisle 54/79,51061925896,2021-01-23,payment,2023-03-27
Justyna,Klos,+48 595 100 664,Poznan,Poludniowa 8/32,64030518704,2024-08-10,payment,2023-07-06
Roksana,Długozima,+48 694 325 256,Wroclaw,Olawka 16/30,97110663533,2024-06-30,payment,2022-03-14
Malwina,Guzdek,+48 878 744 445,Poznan,Polwiejska 69/32,57011567141,2021-07-22,payment,2022-01-12
Krzysztof,Gierat,+48 632 124 756,Wroclaw,Miejska 91/43,48051185514,2021-06-16,payment,2020-01-11
Marianna,Mikłaszewicz,+48 572 933 335,Poznan,Gorzyslawa 70/32,99010426722,2022-05-27,payment,2021-05-15
Anita,Trzcionka,+48 278 438 271,Wroclaw,Olawska 73/15,54101882854,2022-07-10,contract signing,2021-11-19
Bianka,Bystroń,+48 708 823 803,Wroclaw,Mokotowska 81/52,79122331253,2022-02-22,payment,2022-09-04
Marcelina,Smykla,+48 999 410 106,Krakow,Pieciomorgowa 83/76,91082223892,2020-12-25,payment,2022-01-29
Norbert,Berendt,+48 732 352 740,Gdansk,Nowe Wrota 73/67,00122561212,2022-09-21,payment,2023-01-11
Bartek,Tytko,+48 883 765 419,Gdansk,Gdanska 66/20,43100786511,2020-01-10,contract signing,2024-12-08
Adrianna,Grądziel,+48 245 211 832,Poznan,Sienkiewicza 26/21,88052595824,2022-06-07,payment,2024-09-08
Dariusz,Goj,+48 497 272 812,Krakow,Wielopole 19/12,73072078589,2020-11-07,payment,2022-09-05
Fryderyk,Bohdanowicz,+48 349 402 361,Krakow,Swietokrzyska 84/6,43071091049,2023-01-29,payment,2023-01-09
Oliwier,Delikat,+48 759 254 521,Poznan,Wiosna 16/51,04101069335,2021-05-16,payment,2024-05-28
Piotr,Śliż,+48 961 850 871,Gdansk,Jaskowa Dolina 94/22,78021477419,2022-01-01,payment,2020-10-16
Adam,Cis,+48 512 243 140,Krakow,Krolowej Jadwigi 48/45,66122367302,2022-07-28,payment,2020-07-31
Nataniel,Kruszka,+48 983 625 864,Krakow,Dluga 75/61,48021299423,2022-03-14,payment,2023-12-20
Rafał,Kokosza,+48 805 208 606,Poznan,Strzeszynska 9/70,50100630931,2024-11-29,payment,2024-11-22
Maksymilian,Gryska,+48 325 718 646,Krakow,Wandy 83/89,78031141995,2020-04-01,payment,2020-07-17
Mateusz,Paździora,+48 217 230 527,Wroclaw,Czarnowiejska 89/35,84092390920,2022-01-28,contract signing,2023-05-30
Julianna,Szałkiewicz,+48 270 392 775,Gdansk,Podgorna 21/50,71042306160,2023-06-25,payment,2021-01-07
Krystyna,Gordon,+48 183 728 554,Gdansk,Dlugi Targ 53/85,06050438255,2021-11-24,payment,2024-04-11
Adrian,Lang,+48 601 775 114,Gdansk,Rynkowska 42/75,97070575954,2021-08-12,payment,2021-06-18
Dagmara,Fik,+48 171 589 260,Warsaw,Nowy Swiat 98/69,71032070224,2023-08-03,payment,2023-01-17
Filip,Orzeszek,+48 911 158 231,Poznan,Kraszewskiego 56/54,77020301709,2020-01-08,payment,2023-02-28
Olgierd,Kopik,+48 577 653 540,Poznan,Poludniowa 73/56,73021224306,2020-09-15,payment,2020-06-11
Konrad,Tomys,+48 818 417 740,Gdansk,Podgorna 93/90,53112419268,2024-12-18,payment,2022-03-01
Anita,Szafarz,+48 463 572 626,Wroclaw,Aleja 1 Maja 16/29,82072473454,2023-04-29,payment,2022-08-04
Aleksander,Cibor,+48 793 368 267,Warsaw,Inzynierska 100/35,82120865284,2022-09-24,payment,2024-04-05
Norbert,Wiraszka,+48 987 616 444,Wroclaw,Obornicka 18/92,95101854386,2020-10-17,payment,2024-12-31
Cezary,Nieroda,+48 591 126 570,Wroclaw,Czarnowiejska 100/70,01021800851,2023-02-19,contract signing,2020-02-02
Agnieszka,Sus,+48 671 462 703,Wroclaw,Zaodrze 99/37,92010352844,2024-11-01,payment,2020-01-24
Marcelina,Maćków,+48 362 776 791,Gdansk,Swietego Ducha 63/32,67082826281,2021-02-02,payment,2020-09-07
Kacper,Hawrylak,+48 528 935 861,Gdansk,Gdanska 61/9,89011418684,2020-03-05,payment,2024-07-29
Dagmara,Cisoń,+48 849 841 545,Wroclaw,Biskupin 64/86,93022849016,2022-12-15,payment,2023-03-22
Inga,Babiuch,+48 627 307 444,Poznan,Laskowicka 38/79,57020111311,2022-07-25,payment,2020-07-03
Sandra,Ciepła,+48 689 237 822,Krakow,Swietokrzyska 15/49,66082004280,2020-10-20,payment,2022-09-02
Malwina,Łaskawiec,+48 541 800 705,Gdansk,Podwale Staromiejskie 83/81,58030438320,2023-09-28,payment,2022-08-02
Malwina,Sadlak,+48 695 916 260,Krakow,Kasprowicza 38/72,77120924994,2024-08-02,payment,2022-08-14
Róża,Fiedoruk,+48 377 780 219,Krakow,Mysliwska 87/67,57090183021,2023-09-11,payment,2023-05-31
Ada,Lelito,+48 608 871 269,Poznan,Opolska 83/76,61041244110,2020-06-03,payment,2022-09-28
Ada,Pyrz,+48 487 463 943,Wroclaw,Piekarska 39/77,89032383974,2023-09-24,payment,2022-11-11
Miłosz,Cieloch,+48 121 517 427,Poznan,Opolska 24/82,51042330974,2021-02-21,payment,2024-01-06
Dagmara,Szelest,+48 169 546 924,Poznan,Laskotelna 98/35,92011259294,2021-12-30,payment,2022-12-09
Liwia,Baka,+48 826 894 873,Krakow,Jana Pawla II 50/39,73011969042,2024-04-24,contract signing,2020-03-11
Ryszard,Szłapa,+48 258 188 763,Warsaw,Nowy Swiat 54/21,64111738391,2021-05-16,payment,2024-08-22
Blanka,Plak,+48 429 698 270,Poznan,Garbary 69/16,81062610121,2024-11-18,payment,2024-02-28
Adrian,Juszczuk,+48 617 710 938,Krakow,Wiosny Ludow 34/75,44021794432,2023-08-03,payment,2023-07-03
Blanka,Żywica,+48 618 936 992,Poznan,Pieciomorgowa 90/32,49042816785,2020-02-29,contract signing,2024-10-09
Natan,Miszkurka,+48 173 725 306,Wroclaw,Biskupin 98/35,84112839938,2021-04-26,payment,2022-11-16
Nikodem,Nalewajek,+48 307 262 706,Poznan,Sienkiewicza 10/58,45091678048,2022-09-21,payment,2021-12-14
Arkadiusz,Kwoka,+48 878 247 905,Krakow,Lipowa 93/6,54012893336,2021-08-03,payment,2020-04-02
Lidia,Panicz,+48 698 878 258,Gdansk,Nowe Wrota 31/50,76070405494,2024-06-26,contract signing,2021-04-01
Dagmara,Skutnik,+48 848 856 239,Warsaw,Lechitow 66/15,56052342470,2024-08-08,payment,2022-06-29
Nicole,Kara,+48 789 444 502,Krakow,Chorazowka 55/20,47011715439,2022-07-01,payment,2024-09-28
Mikołaj,Majak,+48 966 732 401,Wroclaw,Olawska 73/8,53052353855,2023-08-07,payment,2022-06-27
Arkadiusz,Kostera,+48 482 958 260,Warsaw,Nowy Swiat 95/81,49011492471,2024-12-27,contract signing,2021-03-19
Olgierd,Droś,+48 619 168 115,Krakow,Aleja Roz 80/35,02101728320,2021-11-02,payment,2023-11-13
Kacper,Elsner,+48 736 868 800,Gdansk,Ostroda 11/16,43071891847,2022-01-23,payment,2024-01-12
Stanisław,Breguła,+48 327 194 467,Krakow,Podgorki 38/38,64031141929,2023-05-03,payment,2020-11-14
Kalina,Wójcikiewicz,+48 221 431 771,Gdansk,Karpacka 63/19,73082041614,2024-12-23,payment,2023-08-01
Ryszard,Wajer,+48 723 693 771,Krakow,Lipowa 63/56,56041156602,2022-03-28,payment,2022-01-24
Maks,Kolman,+48 800 283 450,Wroclaw,Biskupin 40/85,84110446253,2020-11-21,contract signing,2022-02-08
Julian,Pielka,+48 314 204 294,Wroclaw,Obornicka 55/87,71111533192,2020-09-30,payment,2023-01-30
Aurelia,Dąbroś,+48 573 698 891,Wroclaw,Miejska 94/70,69082719196,2022-12-04,payment,2024-07-28
Kaja,Pośnik,+48 455 284 345,Warsaw,Wilenska 23/23,65051697306,2023-05-22,payment,2023-07-01
Karina,Chyb,+48 505 406 300,Warsaw,Targowa 15/21,88102752876,2021-11-02,payment,2020-09-07
Janina,Moździerz,+48 675 936 412,Krakow,Pilsudskiego 50/75,55041392164,2021-07-03,payment,2021-07-29
Witold,Herda,+48 978 614 663,Krakow,Lipowa 91/57,78071056075,2024-04-20,payment,2023-06-08
Kaja,Kwapisiewicz,+48 243 299 994,Gdansk,Piastowska 49/20,01051829279,2023-03-08,payment,2023-07-24
Michał,Samulak,+48 618 699 697,Warsaw,Pulawska 39/1,78090948650,2023-03-13,payment,2022-10-20
Jakub,Steinke,+48 611 318 117,Krakow,Plac Nowy 77/100,89091356326,2021-08-23,contract signing,2023-06-20
Olgierd,Miecznik,+48 776 860 862,Gdansk,Gdanska 14/81,00072223992,2021-02-17,payment,2020-11-13
Karina,Dadej,+48 742 312 941,Poznan,Opolska 45/71,60052506114,2023-04-25,payment,2021-06-17
Kacper,Dąbkiewicz,+48 397 298 141,Poznan,Wiosna 6/49,42081676396,2021-11-17,payment,2021-09-03
Alex,Kuzia,+48 137 598 270,Poznan,Polwiejska 11/61,84082276199,2024-11-29,payment,2022-01-20
Miłosz,Mielke,+48 985 538 786,Gdansk,Abrahama 10/26,77072092471,2022-07-07,payment,2021-06-01
Hubert,Kazana,+48 169 624 228,Warsaw,Klopot 6/11,63091575431,2020-04-12,payment,2022-06-07
Marcin,Wojtach,+48 134 389 569,Krakow,Lipowa 32/87,55052798946,2021-04-18,payment,2020-04-18
Rafał,Leoniak,+48 305 159 647,Poznan,Poludniowa 5/40,01060434523,2022-05-13,payment,2021-12-07
Maciej,Domowicz,+48 849 485 356,Gdansk,Podwale Staromiejskie 74/6,69090874236,2020-07-27,payment,2023-03-31
Mieszko,Sankiewicz,+48 575 504 227,Gdansk,Swietego Ducha 48/46,66100916711,2024-02-07,payment,2023-09-16
Kamil,Dziadkiewicz,+48 596 955 683,Poznan,Strzeszynska 75/89,80010490114,2024-10-17,payment,2022-10-01
Marcin,Tomalak,+48 175 271 478,Poznan,Laskotelna 17/4,53062406875,2023-08-13,payment,2023-07-15
Robert,Chlebek,+48 315 118 450,Wroclaw,Polan 10/85,67041835945,2021-04-05,payment,2024-05-16
Sonia,Zinkiewicz,+48 502 987 431,Warsaw,Klopot 20/50,71072514526,2020-03-29,payment,2024-03-17
Urszula,Rychel,+48 698 980 431,Warsaw,Narbutta 26/58,56030597375,2020-06-14,payment,2022-11-05
Gabriel,Starzak,+48 229 809 899,Wroclaw,Ziebicka 60/25,83022532368,2023-05-25,payment,2021-12-21
Ewa,Bojczuk,+48 244 279 156,Warsaw,Narbutta 21/19,83062267334,2020-04-22,payment,2024-01-22
Maksymilian,Pędrak,+48 567 185 941,Krakow,Centralna 1/26,44121919980,2020-10-12,contract signing,2022-01-26
Marcel,Stąpór,+48 920 504 801,Gdansk,Podgorna 74/92,41010488103,2020-11-29,payment,2020-02-06
Tadeusz,Bartoś,+48 581 614 578,Warsaw,Jagiellonska 84/92,72120537461,2022-06-23,payment,2020-07-30
Olga,Foit,+48 790 393 427,Krakow,Chorazowka 21/96,97091003438,2021-04-11,payment,2023-03-14
Juliusz,Capiga,+48 879 511 455,Gdansk,Bociania 68/64,80081203006,2024-05-07,payment,2024-07-18
Alex,Tomalak,+48 213 524 911,Krakow,Pilsudskiego 69/19,47032795595,2021-08-15,payment,2022-02-03
Olga,Łabaj,+48 594 656 926,Wroclaw,Hutnicza 74/74,44060559702,2022-02-08,payment,2024-02-05
Aleksander,Namysło,+48 300 975 719,Krakow,Kasprowicza 81/35,83092038816,2022-12-17,contract signing,2024-04-20
Julian,Siergiej,+48 680 695 533,Warsaw,Limanowskiego 31/9,63111103718,2023-08-11,payment,2023-02-14
Gustaw,Teodorowicz,+48 427 981 233,Wroclaw,Piekarska 16/96,99021505326,2022-06-24,payment,2022-07-27
Dorota,Szajek,+48 634 186 622,Poznan,Poludniowa 69/89,48122564613,2020-12-18,contract signing,2022-03-03
Maurycy,Maślankiewicz,+48 676 403 177,Gdansk,Polski Czerwony Krzyz 24/66,56012104908,2023-03-23,payment,2024-05-24
Inga,Łasak,+48 951 741 730,Gdansk,Nowe Wrota 93/17,95072231708,2021-05-24,payment,2022-12-29
Marika,Dziwak,+48 641 818 271,Poznan,Czajkowska 84/72,63032028321,2022-05-28,contract signing,2024-01-27
Marcelina,Paleń,+48 290 990 185,Krakow,Karmelicka 91/16,97080950686,2020-08-12,payment,2022-04-11
Rozalia,Kielczyk,+48 309 194 426,Wroclaw,Miejska 96/83,71121447520,2024-03-23,payment,2021-10-22
Karina,Dywan,+48 225 946 799,Warsaw,Pulawska 86/61,01060740561,2023-01-02,payment,2021-06-23
Eliza,Hojka,+48 802 553 870,Krakow,Pilsudskiego 73/8,44071791434,2024-11-04,payment,2020-10-06
Ida,Tryka,+48 780 790 114,Gdansk,Wielki Mlyn 28/17,89011071601,2021-07-07,payment,2020-01-22
Marcel,Jama,+48 824 777 477,Gdansk,Swietego Ducha 54/51,98110581964,2022-09-30,payment,2024-06-13
Wojciech,Łachut,+48 708 754 862,Krakow,Florianska 97/69,52081582632,2023-03-14,payment,2023-02-24
Konstanty,Gula,+48 969 486 403,Poznan,Laskotelna 18/35,99100813320,2020-01-26,payment,2021-01-09
Maks,Ogłaza,+48 718 967 118,Krakow,Pieciomorgowa 67/13,45092821667,2024-08-10,payment,2023-02-16
Piotr,Gumienna,+48 142 937 849,Gdansk,Targ Weglowy 91/18,45081139713,2021-12-09,payment,2020-01-04
Mieszko,Dziewit,+48 566 945 913,Krakow,Wiosny Ludow 53/93,71070982242,2021-04-14,payment,2024-03-12
Konstanty,Wacław,+48 995 139 832,Wroclaw,Miejska 24/90,41072281793,2021-06-29,payment,2020-11-26
Malwina,Kolonko,+48 714 539 486,Poznan,Czajkowska 62/83,04041219021,2024-08-09,payment,2023-11-24
Nicole,Znojek,+48 730 727 806,Krakow,Pieciomorgowa 100/14,59012655306,2024-06-21,payment,2023-08-06
Eliza,Lelito,+48 773 334 151,Krakow,Podgorki 5/58,78011260315,2021-03-16,contract signing,2020-10-31
Marika,Łapacz,+48 216 755 975,Poznan,Blazenkowska 41/55,02121681203,2023-03-29,payment,2020-11-09
Bruno,Rakus,+48 885 247 168,Poznan,Blazenkowska 64/69,46091888165,2021-01-13,payment,2023-06-30
Bartek,Szkatuła,+48 148 504 108,Gdansk,Karpacka 6/32,65032421487,2020-12-20,contract signing,2022-04-27
Bianka,Matuszyk,+48 810 950 247,Wroclaw,Zaodrze 76/52,88071436038,2020-09-28,payment,2024-01-20
Sandra,Piskor,+48 985 193 322,Gdansk,Alei Grunwaldzka 13/40,59122671821,2024-02-06,payment,2022-05-19
Sandra,Pazik,+48 727 968 756,Gdansk,Abrahama 53/98,05031571639,2023-05-01,payment,2024-12-27
Nataniel,Szlufik,+48 487 381 476,Wroclaw,Wroclawska 92/17,83021295536,2021-10-04,contract signing,2021-04-08
Gustaw,Chojna,+48 153 650 114,Warsaw,Marszalkowska 52/2,53092641923,2023-04-03,payment,2024-07-16
Gaja,Stempel,+48 265 231 290,Poznan,Swiety Marcin 69/2,72072871789,2022-03-14,payment,2020-08-28
Karol,Tarasek,+48 937 345 823,Gdansk,Gdanska 53/35,44060466514,2021-08-07,payment,2020-01-24
Gabriel,Chatys,+48 337 774 717,Krakow,Wandy 72/17,42070412086,2020-07-07,payment,2020-01-02
Sebastian,Machniak,+48 161 453 338,Krakow,Pieciomorgowa 14/8,88061212064,2024-02-24,payment,2022-03-27
Roksana,Gryciuk,+48 253 365 731,Poznan,Tory 54/44,70080822746,2022-11-23,payment,2023-01-01
Aurelia,Uzar,+48 189 773 120,Wroclaw,Olawka 45/42,79020258654,2020-02-29,contract signing,2021-04-30
Oskar,Budych,+48 893 433 472,Wroclaw,Olawka 89/80,79042571258,2020-10-10,payment,2023-02-22
Kamila,Kozieja,+48 220 451 880,Warsaw,Stalowa 71/57,94011325407,2022-07-04,contract signing,2020-12-08
Marcelina,Bartela,+48 972 273 860,Krakow,Lobzow 95/98,62062083009,2024-11-10,payment,2024-04-25
Jerzy,Stempel,+48 773 825 495,Warsaw,Narbutta 100/84,74012635099,2022-08-27,payment,2024-08-09
Jędrzej,Frelek,+48 956 346 233,Warsaw,Pulawska 15/36,01052452579,2020-01-02,contract signing,2022-12-20
Roksana,Dziewa,+48 916 985 349,Warsaw,Woronicza 43/90,05021246855,2023-01-30,contract signing,2021-05-20
Ewa,Borejko,+48 336 283 628,Gdansk,Polski Czerwony Krzyz 69/5,45010899417,2021-11-09,payment,2024-12-24
Olgierd,Kostorz,+48 262 367 540,Gdansk,Podgorna 79/62,70081407647,2023-01-25,payment,2023-09-09
Wojciech,Bugiel,+48 465 760 158,Warsaw,Klopot 42/66,99040575245,2024-06-04,payment,2024-07-24
Olaf,Romankiewicz,+48 261 323 968,Warsaw,Swietokrzyska 25/90,99060679224,2024-07-30,payment,2023-06-25
Jacek,Wawrzynek,+48 306 194 492,Warsaw,Limanowskiego 52/96,76081634946,2024-12-03,payment,2024-08-27
Mieszko,Galik,+48 191 927 967,Gdansk,Rynkowska 66/71,01050819284,2024-03-10,payment,2023-06-01
Inga,Kapciak,+48 133 383 363,Wroclaw,Legnicka 37/89,90032316804,2021-09-24,payment,2024-08-17
Sara,Irla,+48 952 867 458,Wroclaw,Mickiewicza 34/28,67070453198,2020-02-24,payment,2024-02-29
Miłosz,Bruś,+48 251 751 817,Wroclaw,Grabiszynska 9/55,88081762288,2021-10-17,payment,2024-06-18
Maks,Wywiał,+48 480 282 839,Wroclaw,Trzmielowice 32/26,93040675165,2023-09-01,payment,2022-11-19
Olaf,Fidor,+48 392 419 645,Warsaw,Targowa 65/84,79092355943,2023-12-26,contract signing,2020-09-14
Marek,Prokopczyk,+48 694 927 728,Wroclaw,Ziebicka 10/93,50030278353,2020-05-21,payment,2020-06-23
Marcel,Twardosz,+48 221 350 515,Gdansk,Piastowska 84/83,73102304567,2023-08-17,payment,2021-09-13
Kornel,Sypień,+48 766 825 396,Wroclaw,Swietego Mikolaja 11/65,64051648480,2021-12-02,payment,2024-11-01
Melania,Czajor,+48 629 470 666,Warsaw,Targowa 65/4,93061264003,2021-01-04,payment,2021-06-09
Igor,Jędrasiak,+48 767 929 990,Warsaw,Inzynierska 16/70,92041697608,2024-04-04,payment,2020-01-25
Kajetan,Kumorek,+48 396 356 206,Gdansk,Karpacka 13/18,67120560704,2021-05-07,payment,2020-07-28
Alex,Kocoł,+48 758 672 519,Gdansk,Jaskowa Dolina 61/63,66051948645,2022-06-17,payment,2023-02-14
Artur,Such,+48 130 495 439,Gdansk,Rynkowska 83/100,98070848666,2023-06-10,payment,2023-01-01
Wiktor,Kościuszko,+48 312 123 753,Krakow,Chorazowka 99/80,52050978976,2022-07-02,payment,2022-05-08
Karina,Szybiak,+48 598 318 982,Gdansk,Ostroda 33/93,92010140777,2022-09-08,payment,2021-05-06
Jeremi,Lepak,+48 599 745 289,Gdansk,Wielki Mlyn 65/52,44120489505,2022-05-12,payment,2023-09-02
Tymon,Działo,+48 461 625 642,Wroclaw,Grabiszynska 86/42,48091112569,2020-08-28,payment,2022-01-10
Olga,Łudzik,+48 831 789 552,Krakow,Lobzow 76/42,02041522758,2023-09-28,payment,2023-07-11
Eliza,Ślęczka,+48 482 416 461,Krakow,Centralna 43/19,64102481471,2023-10-23,payment,2022-10-11
Sebastian,Zbylut,+48 139 658 815,Krakow,Karmelicka 56/68,72031567597,2024-04-23,payment,2020-11-11
Stefan,Kwak,+48 986 653 612,Poznan,Zernickie 65/21,91031005364,2022-10-08,payment,2022-07-19
Kazimierz,Ciuba,+48 472 978 969,Gdansk,Nowe Wrota 73/92,98091452307,2023-01-04,payment,2020-06-19
Przemysław,Betka,+48 816 630 466,Warsaw,Nowy Swiat 20/48,70112746675,2022-08-10,payment,2024-10-18
Bianka,Basa,+48 647 128 946,Krakow,Lipowa 37/40,47121168934,2020-12-18,payment,2024-12-04
Andrzej,Matulewicz,+48 329 949 289,Wroclaw,Piekarska 42/52,74102006985,2021-03-03,payment,2023-09-27
Liwia,Bryczek,+48 521 414 847,Warsaw,Narbutta 33/8,48061713354,2023-12-25,payment,2022-03-18
Blanka,Rakus,+48 710 300 430,Warsaw,Wilenska 91/34,56062510207,2020-03-08,contract signing,2021-02-08
Damian,Wyłupek,+48 716 648 811,Poznan,Blazenkowska 75/69,42120819805,2022-09-08,payment,2020-05-01
Eryk,Kruzel,+48 787 551 111,Gdansk,Dlugi Targ 5/20,57032097719,2022-05-11,payment,2020-02-24
Roksana,Olszyna,+48 492 484 364,Krakow,Aleja Roz 27/40,89091191893,2022-07-23,contract signing,2021-07-20
Kalina,Greszta,+48 705 248 721,Poznan,Mikolajewska 41/97,91052289893,2020-07-01,payment,2021-11-15
Nikodem,Dylak,+48 473 835 876,Gdansk,Rynkowska 22/67,40041304776,2020-10-03,payment,2020-09-18
Rozalia,Fuławka,+48 501 330 634,Krakow,Kasprowicza 7/2,62090704888,2020-12-04,payment,2021-04-08
Roksana,Ryszkiewicz,+48 992 947 150,Wroclaw,Olawska 52/40,46101462329,2022-11-05,payment,2021-06-19
Sandra,Gromala,+48 968 912 453,Krakow,Dluga 97/90,47010108155,2023-01-03,payment,2022-10-26
Róża,Bodzak,+48 720 661 978,Poznan,Dabrowa 64/91,51070438813,2023-10-24,payment,2020-12-25
Witold,Kargol,+48 274 892 704,Gdansk,Ostroda 99/1,04110346698,2024-07-02,payment,2024-08-28
Jan,Młyńczyk,+48 745 530 374,Krakow,Wielopole 40/20,44051015082,2022-04-14,payment,2023-10-21
Kazimierz,Matejczuk,+48 624 280 956,Warsaw,Swietokrzyska 4/10,41052624329,2022-07-01,payment,2020-07-27
Oliwier,Siewert,+48 267 465 504,Poznan,Polwiejska 98/11,00080424365,2024-10-20,payment,2020-06-11
Bartek,Swacha,+48 440 769 154,Wroclaw,Miejska 26/88,56072481692,2022-06-04,payment,2021-09-22
Mieszko,Józwik,+48 413 639 988,Gdansk,Nowe Wrota 37/21,94070311346,2022-08-05,payment,2022-12-19
Damian,Cyman,+48 315 157 546,Wroclaw,Piekarska 32/68,06080589466,2022-06-18,payment,2020-02-24
Sonia,Opyrchał,+48 433 134 176,Warsaw,Pulawska 36/61,94060197464,2023-04-03,payment,2024-05-22
Kornel,Gozdur,+48 246 865 710,Warsaw,Inzynierska 54/13,65041930554,2022-01-19,payment,2023-04-15
Inga,Trzyna,+48 647 391 851,Warsaw,Powisle 94/35,48062265744,2022-05-19,payment,2020-03-14
Eryk,Martynowicz,+48 542 950 899,Gdansk,Swinoujscie 45/46,01021327897,2020-01-03,payment,2024-03-14
Patryk,Lizoń,+48 481 731 954,Warsaw,Inzynierska 96/55,66071116596,2020-10-24,payment,2022-04-05
Ada,Gajzler,+48 956 106 468,Krakow,Jana Pawla II 50/47,97012590308,2021-09-04,payment,2024-02-02
Przemysław,Dworniczak,+48 220 780 893,Gdansk,Targ Weglowy 40/4,94062479315,2022-07-17,contract signing,2024-12-29
Sonia,Niesporek,+48 244 123 254,Warsaw,Swietokrzyska 88/36,95111392245,2021-04-04,payment,2020-09-27
Anna Maria,Rogula,+48 553 817 134,Krakow,Mysliwska 7/47,48070279560,2024-12-27,payment,2020-10-15
Angelika,Szarzec,+48 917 683 880,Gdansk,Ostroda 8/47,77020774763,2020-12-05,payment,2024-04-07
Bianka,Wypiór,+48 109 893 387,Poznan,Laskotelna 22/38,62101399571,2022-11-20,payment,2020-12-04
Tymon,Cyba,+48 623 166 606,Gdansk,Nowe Wrota 8/54,63031113765,2024-01-11,payment,2021-06-21
Roksana,Łasak,+48 653 325 468,Poznan,Swiety Marcin 27/44,75051295855,2022-01-18,payment,2024-09-08
Mikołaj,Stępka,+48 131 606 437,Poznan,Kroniki 26/4,95030176959,2020-09-15,payment,2022-10-26
Krzysztof,Dyszkiewicz,+48 179 728 818,Poznan,Czajkowska 7/81,74070206411,2024-05-25,payment,2021-11-21
Tola,Stochaj,+48 410 134 645,Krakow,Pilsudskiego 22/80,70120882741,2020-12-09,payment,2024-12-04
Oskar,Sąsiadek,+48 658 133 839,Poznan,Blazenkowska 24/21,52111174189,2023-02-08,payment,2021-10-17
Olga,Gul,+48 862 398 511,Wroclaw,Swietego Mikolaja 99/84,04082140140,2023-08-25,payment,2022-05-21
Rozalia,Mirończuk,+48 890 103 714,Poznan,Swiety Marcin 59/1,52081155843,2021-05-14,payment,2020-01-05
Agnieszka,Jaźwiec,+48 592 905 624,Wroclaw,Zaodrze 39/30,91012349221,2021-07-13,payment,2022-10-13
Aniela,Rudyk,+48 887 544 816,Krakow,Karmelicka 38/38,86122729315,2022-02-01,payment,2024-06-18
Antoni,Jasionek,+48 366 752 426,Wroclaw,Grabiszynska 53/58,52110582363,2021-01-16,payment,2020-02-17
Marianna,Kolanko,+48 149 487 266,Krakow,Krolowej Jadwigi 40/25,73020689575,2021-08-24,payment,2021-12-30
Dawid,Hinca,+48 859 821 752,Gdansk,Polski Czerwony Krzyz 75/16,04091573746,2021-02-11,payment,2020-10-27
Paweł,Łupina,+48 821 685 679,Poznan,Wlasnosciowa 54/4,89052653169,2024-05-11,payment,2024-03-29
Mateusz,Mazek,+48 821 775 309,Wroclaw,Trzmielowice 66/70,68091023861,2023-07-01,payment,2022-11-18
Antoni,Łągiewka,+48 599 302 458,Poznan,Kraszewskiego 68/26,47042772986,2021-02-06,payment,2021-03-05
Tola,Zaborek,+48 550 199 234,Poznan,Sienkiewicza 46/77,68010477403,2022-08-21,payment,2023-07-15
Angelika,Kłoczko,+48 480 643 293,Poznan,Opolska 76/40,42072052293,2023-02-20,payment,2022-09-12
Oskar,Kuciel,+48 239 893 336,Warsaw,Wilenska 47/30,44031478607,2024-09-03,payment,2021-07-28
Oliwier,Szałata,+48 552 757 593,Gdansk,Wielki Mlyn 14/42,89042864456,2024-08-11,payment,2022-06-23
Przemysław,Osiadacz,+48 157 686 137,Wroclaw,Trzmielowice 12/57,97010974061,2024-07-24,contract signing,2021-07-06
Karina,Byzdra,+48 138 406 968,Warsaw,Stalowa 27/59,00080686017,2020-11-15,payment,2023-05-27
Julita,Oleksak,+48 363 796 786,Krakow,Szeroka 17/40,06040747790,2024-02-02,payment,2022-10-25
Melania,Pałęga,+48 547 270 253,Warsaw,Krakowskie Przedmiescie 53/46,79050571299,2023-05-27,contract signing,2024-04-27
Julianna,Łyjak,+48 440 224 679,Gdansk,Al. Grunwaldzka 42/100,48012189780,2024-05-09,payment,2024-05-18
Krzysztof,Mosur,+48 563 733 498,Warsaw,Zabkowska 43/100,78071124217,2024-06-27,payment,2021-06-19
Sebastian,Malcherek,+48 271 466 720,Krakow,Lobzow 26/59,71031442547,2020-07-28,payment,2022-06-14
Agnieszka,Pyzel,+48 199 516 691,Wroclaw,Olawka 33/48,52102752846,2023-01-29,payment,2021-08-20
Sonia,Galica,+48 413 230 586,Poznan,Zernickie 59/75,51120948802,2023-01-22,payment,2020-02-06
Inga,Burza,+48 144 354 547,Warsaw,Klopot 94/93,91050980086,2023-11-09,payment,2023-04-04
Ida,Sobkiewicz,+48 795 871 122,Gdansk,Podwale Staromiejskie 35/10,05060919181,2024-04-27,payment,2022-04-27
Maciej,Kamieniarz,+48 518 614 489,Warsaw,Bialostocka 46/30,64051797207,2023-04-12,payment,2021-07-05
Radosław,Gmur,+48 357 459 276,Warsaw,Bialostocka 6/87,49062262984,2023-11-01,payment,2021-06-28
Kacper,Rolak,+48 668 264 404,Krakow,Kasprowicza 99/21,00100413724,2023-12-08,payment,2020-07-28
Olgierd,Pietrak,+48 283 919 891,Krakow,Kasprowicza 39/95,65060601435,2022-11-20,payment,2022-07-24
Fabian,Siara,+48 138 618 988,Wroclaw,Katedralna 99/8,96122863652,2021-12-15,payment,2021-01-28
Elżbieta,Cyroń,+48 711 871 420,Warsaw,Marszalkowska 14/18,70032195591,2023-10-29,payment,2020-01-13
Apolonia,Witka,+48 729 947 557,Krakow,Florianska 21/58,42030453061,2022-09-22,payment,2022-04-13
Jerzy,Solarczyk,+48 903 640 163,Krakow,Grodzka 71/40,97021351169,2023-12-11,payment,2024-11-14
Marcin,Zwara,+48 138 854 902,Wroclaw,Osobowicka 10/63,75090791165,2023-07-17,payment,2023-04-15
Nicole,Ficner,+48 173 154 556,Krakow,Kasprowicza 50/62,46070412213,2022-10-05,payment,2024-07-10
Ignacy,Kuska,+48 232 447 274,Warsaw,Powisle 18/84,81041410805,2024-12-03,payment,2021-09-20
Sebastian,Borysiewicz,+48 377 152 278,Poznan,Staroleka 65/14,65021984896,2021-10-08,payment,2021-12-04
Bruno,Lejk,+48 796 109 777,Wroclaw,Olawka 13/30,85110927298,2021-12-29,payment,2021-02-28
Marianna,Popielarczyk,+48 484 136 210,Krakow,Florianska 21/86,63072554752,2024-02-05,payment,2021-02-22
Marcel,Wolańczyk,+48 726 735 384,Poznan,Laskotelna 13/35,83060783203,2023-06-15,payment,2022-12-24
Marika,Fojt,+48 127 154 255,Gdansk,Gdanska 59/8,61041567035,2022-09-07,payment,2023-11-16
Ryszard,Szok,+48 952 242 217,Gdansk,Ostroda 45/69,55010221262,2021-03-31,payment,2023-08-05
Piotr,Bok,+48 647 392 803,Krakow,Wielopole 100/92,02061249769,2024-05-06,payment,2023-08-26
Filip,Sadoch,+48 867 775 758,Warsaw,Rakowiecka 15/14,48091454748,2020-11-29,payment,2024-03-30
Kajetan,Koczara,+48 498 506 741,Poznan,Gorzyslawa 83/75,62071093264,2024-08-19,payment,2022-12-07
Grzegorz,Filek,+48 289 518 969,Gdansk,Gdanska 23/52,04031389394,2023-12-05,contract signing,2023-11-01
Tola,Gogacz,+48 170 609 777,Poznan,Poludniowa 12/85,69071212613,2022-09-20,payment,2023-04-26
Łukasz,Haraburda,+48 497 505 696,Warsaw,Pulawska 59/84,63040430594,2020-08-05,contract signing,2021-03-31
Adrianna,Stasica,+48 934 218 948,Warsaw,Chmielna 3/87,73112204974,2024-06-16,contract signing,2020-12-28
Ada,Morek,+48 488 185 874,Gdansk,Zaspa 15/71,99111881787,2022-07-02,payment,2024-08-28
Karol,Kazana,+48 290 965 909,Poznan,Grunwaldzka 60/11,99090366589,2022-11-12,payment,2023-12-14
Anastazja,Waloszek,+48 471 757 694,Poznan,Strzeszynska 53/21,01032142795,2021-02-13,payment,2024-07-30
Blanka,Stochmal,+48 709 511 501,Warsaw,Batory 59/64,64020514662,2023-07-30,payment,2021-08-08
Patryk,Wasiuk,+48 768 219 518,Wroclaw,Olawka 27/5,57051346649,2020-08-22,payment,2024-08-22
Sylwia,Maksimowicz,+48 879 808 793,Gdansk,Dluga 87/27,00092092457,2020-04-22,payment,2023-03-05
Dariusz,Wojtalik,+48 658 840 344,Gdansk,Jaskowa Dolina 37/37,99041679085,2024-10-17,payment,2021-09-28
Franciszek,Pierz,+48 827 568 547,Poznan,Swiety Marcin 47/23,98081330035,2021-02-11,payment,2024-06-21
Kalina,Dziurdzia,+48 544 518 360,Krakow,Jozefa 33/43,56071205408,2021-10-12,payment,2024-01-23
Olga,Szmalec,+48 978 162 430,Poznan,Laskotelna 68/92,45072258812,2020-09-04,payment,2024-08-13
Arkadiusz,Drobek,+48 463 237 439,Krakow,Pieciomorgowa 80/85,55101852609,2020-06-14,contract signing,2021-02-20
Melania,Abramczuk,+48 302 665 629,Poznan,Mikolajewska 5/17,90081722692,2021-09-14,payment,2023-06-29
Miłosz,Ziniewicz,+48 827 524 647,Warsaw,Swietokrzyska 9/80,59090976755,2021-06-06,payment,2022-05-22
Przemysław,Wnuczek,+48 499 294 746,Krakow,Podgorki 60/36,73070308185,2023-06-26,payment,2021-07-19
Artur,Praczyk,+48 640 554 743,Krakow,Grodzka 10/16,64050188983,2021-09-08,payment,2024-04-26
Justyna,Strzyż,+48 926 973 803,Poznan,Kroniki 24/32,99120750843,2020-07-02,contract signing,2023-03-10
Nela,Żbik,+48 161 509 232,Warsaw,Batory 14/2,72100785718,2023-10-21,payment,2020-11-05
Damian,Łukowiak,+48 754 854 925,Wroclaw,Mickiewicza 67/1,84052477108,2020-10-10,contract signing,2021-09-08
Kamila,Zys,+48 276 982 595,Gdansk,Swietego Ducha 99/83,61052799191,2024-11-26,payment,2022-01-01
Marcel,Jeszka,+48 445 754 185,Wroclaw,Polan 40/39,90121993664,2022-07-08,contract signing,2023-10-24
Agnieszka,Nowotny,+48 366 492 843,Gdansk,Podgorna 60/20,69032717465,2020-04-20,payment,2022-02-21
Robert,Tabisz,+48 271 488 443,Wroclaw,Legnicka 17/68,78071528196,2020-10-06,payment,2022-05-18
Kaja,Wójt,+48 963 237 537,Poznan,Mikolajewska 89/21,43051271809,2021-01-11,contract signing,2024-05-30
Józef,Bobryk,+48 830 380 497,Wroclaw,Olawska 40/3,66021283305,2024-02-01,payment,2021-02-08
Apolonia,Chomiak,+48 231 586 874,Krakow,Wiosny Ludow 90/31,70090722658,2021-09-07,payment,2020-03-17
Liwia,Peszko,+48 255 228 106,Wroclaw,Wroclawska 10/95,85091731172,2020-02-28,payment,2024-05-02
Anna Maria,Kuder,+48 733 782 346,Warsaw,Klopot 30/31,58120409133,2020-10-04,payment,2023-04-04
Sara,Burza,+48 554 852 836,Krakow,Jozefa 16/68,97030154832,2022-08-06,payment,2023-05-31
Aurelia,Pracz,+48 102 177 676,Wroclaw,Obornicka 24/96,83112215304,2020-09-12,payment,2024-05-21
Róża,Świerad,+48 475 166 446,Warsaw,Wilenska 83/60,94022813094,2020-05-10,payment,2024-10-28
Sebastian,Ruszel,+48 818 982 861,Krakow,Swietokrzyska 97/89,83091031056,2023-02-24,payment,2024-03-08
Konrad,Gałęza,+48 464 323 934,Krakow,Jozefa 42/78,60100775163,2024-09-21,contract signing,2023-06-04
Róża,Tomys,+48 756 720 204,Wroclaw,Polan 60/49,84052614217,2022-08-02,payment,2024-01-20
Leonard,Gromala,+48 237 166 895,Warsaw,Sowinskiego 24/30,84082659873,2023-11-11,payment,2022-04-01
Olgierd,Kolanko,+48 126 946 596,Gdansk,Zaspa 92/45,02041977213,2021-05-30,payment,2024-08-27
Jacek,Przeniosło,+48 447 229 728,Wroclaw,Olawska 51/36,00051210384,2022-05-15,payment,2021-03-28
Rozalia,Gorol,+48 424 843 654,Warsaw,Jagiellonska 40/93,89111317719,2023-12-12,payment,2024-07-29
Aleks,Buza,+48 296 520 161,Krakow,Dluga 24/26,91070485408,2023-06-07,payment,2021-03-06
Kornelia,Niećko,+48 461 559 635,Warsaw,Bialostocka 31/64,43110248968,2022-08-18,payment,2020-03-05
Inga,Gałach,+48 620 417 403,Gdansk,Gdanska 20/8,46092522558,2023-11-03,payment,2020-01-14
Jędrzej,Piejko,+48 531 997 706,Krakow,Lobzow 41/75,58071048007,2024-03-30,payment,2024-01-21
Konstanty,Ulfik,+48 863 620 106,Warsaw,Batory 36/15,40070175242,2020-01-09,payment,2022-04-22
Nela,Pawlaczek,+48 967 672 964,Gdansk,Targ Weglowy 71/94,70061019611,2024-08-13,payment,2024-05-23
Juliusz,Szajda,+48 250 133 477,Gdansk,Targ Weglowy 90/72,70051372599,2024-08-04,payment,2023-02-07
Jerzy,Pielech,+48 979 816 611,Wroclaw,Rynkowska 95/48,56111226433,2020-09-22,payment,2020-06-26
Ada,Tabak,+48 796 699 490,Warsaw,Rakowiecka 72/31,68072488982,2023-08-15,payment,2021-02-18
Fabian,Nieszporek,+48 581 590 853,Gdansk,Piastowska 85/65,65030226244,2021-05-07,payment,2020-04-07
Elżbieta,Korgul,+48 733 627 652,Warsaw,Sowinskiego 61/98,05111105420,2020-10-16,payment,2022-06-06
Witold,Pizoń,+48 264 998 904,Gdansk,Swietego Ducha 33/16,85100290025,2020-04-25,payment,2022-12-09
Sara,Sularz,+48 608 503 219,Krakow,Kasprowicza 68/13,56020496666,2022-01-07,payment,2022-07-24
Marika,Siemek,+48 299 591 994,Krakow,Wiosny Ludow 1/46,44080626433,2021-02-04,payment,2022-04-06
Nataniel,Lenc,+48 727 652 728,Poznan,Dabrowa 20/29,69090602819,2024-10-08,payment,2022-05-03
Konrad,Budner,+48 200 322 280,Poznan,Gorzyslawa 56/39,70031390935,2022-10-25,payment,2020-01-16
Stanisław,Pasiut,+48 201 462 401,Gdansk,Bociania 30/61,94041033950,2021-09-22,payment,2020-11-06
Karina,Szwałek,+48 650 180 428,Wroclaw,Wroclawska 50/18,89061481959,2021-05-02,contract signing,2020-01-27
Julita,Mizgała,+48 188 501 828,Krakow,Jana Pawla II 81/70,78031522929,2023-11-14,payment,2024-11-23
Dorota,Goral,+48 724 534 450,Krakow,Podgorki 38/97,02072566077,2024-07-23,payment,2023-08-23
Jakub,Pietraś,+48 226 756 580,Wroclaw,Obornicka 3/91,47042426984,2020-08-25,payment,2021-04-21
Klara,Klorek,+48 568 683 907,Wroclaw,Miejska 6/29,45112798304,2022-06-28,contract signing,2023-07-05
Dorota,Krzeszowiec,+48 669 810 819,Warsaw,Krasinskiego 45/91,76030859749,2023-09-15,payment,2021-06-07
Iwo,Mol,+48 779 427 525,Warsaw,Nowy Swiat 41/54,03081077310,2020-04-10,payment,2020-05-25
Iwo,Kamyszek,+48 840 948 558,Gdansk,Ostroda 15/33,70031166167,2021-11-21,contract signing,2021-04-12
Julianna,Sierpień,+48 208 427 379,Gdansk,Targ Weglowy 32/93,93041400782,2022-08-19,payment,2020-09-04
Bruno,Milczarczyk,+48 537 600 744,Krakow,Rzeszowska 59/1,56121296893,2020-11-26,payment,2024-09-29
Agnieszka,Kurzac,+48 294 831 339,Wroclaw,Rynkowska 58/41,63052251138,2023-01-16,payment,2020-04-13
Sara,Lenarcik,+48 463 193 714,Krakow,Wandy 98/60,58041605704,2024-04-01,payment,2021-08-19
Emil,Myszk,+48 932 920 244,Poznan,Opolska 3/34,79102379084,2023-06-08,contract signing,2024-11-08
Róża,Kacperczyk,+48 696 375 348,Gdansk,Zaspa 53/28,62041501397,2021-11-18,payment,2022-12-22
Aurelia,Idzi,+48 409 360 513,Poznan,Dabrowa 15/65,95030403598,2024-03-19,payment,2023-10-19
Tadeusz,Żywica,+48 947 780 167,Wroclaw,Swidnicka 96/4,46062171308,2024-12-28,payment,2024-09-15
Róża,Maćczak,+48 157 270 204,Poznan,Dabrowa 36/78,86062214023,2021-06-09,payment,2023-12-10
Mateusz,Hapka,+48 979 611 911,Krakow,Karmelicka 34/73,95101836979,2023-12-17,payment,2023-10-10
Karina,Godyń,+48 263 542 584,Wroclaw,Mickiewicza 22/18,91100676369,2023-07-30,payment,2020-06-15
Kalina,Szarzec,+48 235 780 707,Wroclaw,Rynkowska 57/68,83061792419,2021-12-05,payment,2023-10-15
Antoni,Kłosiewicz,+48 149 677 913,Warsaw,Zabkowska 45/63,73071869218,2020-01-19,payment,2022-01-20
Maciej,Dobroń,+48 286 614 315,Wroclaw,Zaodrze 17/71,94022898185,2021-03-19,payment,2023-12-15
Arkadiusz,Błaziak,+48 233 102 651,Warsaw,Zabkowska 45/25,01060800757,2023-07-17,payment,2023-12-25
Marcin,Huczek,+48 709 375 622,Gdansk,Abrahama 20/4,49062760239,2023-01-03,payment,2023-11-16
Albert,Oleksak,+48 503 942 923,Gdansk,Morska 46/24,67031606621,2021-03-23,payment,2023-04-14
Jan,Augustynek,+48 253 914 707,Krakow,Karmelicka 66/71,93111924831,2023-11-01,payment,2021-12-16
Róża,Wielgos,+48 680 730 310,Warsaw,Narbutta 77/62,62102052785,2022-03-30,payment,2020-10-07
Natan,Graś,+48 804 152 906,Wroclaw,Sudecka 16/55,03012739588,2023-12-12,payment,2021-03-20
Kamila,Kossak,+48 956 151 942,Gdansk,Piastowska 63/11,00082522559,2024-04-30,payment,2024-02-04
Tymon,Kłysz,+48 329 636 581,Poznan,Gorzyslawa 26/77,94070176918,2022-03-23,payment,2024-09-10
Tola,Cogiel,+48 287 317 487,Krakow,Florianska 82/26,66102184149,2022-08-21,payment,2024-12-26
Jerzy,Zbroja,+48 487 910 924,Wroclaw,Ziebicka 62/4,77061840074,2024-04-19,payment,2023-01-19
Wojciech,Szeja,+48 851 309 634,Warsaw,Swietokrzyska 94/39,89080918359,2021-02-01,payment,2021-11-09
Kacper,Łusiak,+48 525 611 807,Warsaw,Sowinskiego 32/11,05061066653,2021-11-22,payment,2024-03-18
Tobiasz,Oślizło,+48 869 295 696,Krakow,Centralna 86/24,54101433036,2021-11-25,payment,2020-07-07
Dariusz,Hapka,+48 806 321 871,Gdansk,Rynkowska 33/30,77092026834,2022-02-11,payment,2024-06-07
Rafał,Stein,+48 199 631 971,Warsaw,Batory 68/53,41051071924,2021-06-25,payment,2022-04-02
Bartek,Wyrobek,+48 438 829 656,Warsaw,Marszalkowska 17/52,69121927205,2023-05-05,payment,2023-11-01
Sylwia,Jakoniuk,+48 882 380 767,Poznan,Swiety Marcin 78/96,91090264355,2024-06-07,payment,2021-10-06
Oskar,Szmagaj,+48 885 797 333,Krakow,Podgorki 100/4,92102843793,2024-11-06,payment,2022-11-01
Ewa,Lato,+48 603 928 436,Wroclaw,Grabiszynska 41/25,54081247713,2020-07-10,payment,2021-12-13
Kacper,Szramka,+48 153 166 887,Warsaw,Pulawska 63/58,88020564984,2020-12-01,payment,2021-04-20
Krystyna,Betlej,+48 430 245 353,Poznan,Mikolajewska 49/7,68122811225,2024-03-18,payment,2023-12-05
Elżbieta,Malcharek,+48 962 865 356,Krakow,Krolowej Jadwigi 4/95,57122723616,2020-09-16,payment,2023-03-15
Łukasz,Miecznik,+48 394 911 157,Wroclaw,Swietego Mikolaja 25/98,96091199592,2020-05-06,payment,2021-10-25
Eliza,Futyma,+48 560 865 938,Krakow,Krolowej Jadwigi 98/70,48101855475,2021-10-27,contract signing,2020-01-20
Józef,Kadela,+48 116 794 683,Wroclaw,Trzmielowice 80/59,01091835456,2021-05-06,payment,2023-09-23
Maciej,Kalinka,+48 425 416 348,Poznan,Kroniki 57/32,01100309871,2021-11-17,payment,2022-10-02
Marika,Korda,+48 716 653 274,Poznan,Zernickie 89/60,82091892887,2024-05-06,contract signing,2024-12-09
Franciszek,Frączkiewicz,+48 577 604 659,Warsaw,Chmielna 56/98,70082426863,2022-05-05,payment,2020-03-08
Krystyna,Samson,+48 960 812 520,Poznan,Dabrowa 97/44,52121622980,2021-10-14,payment,2024-12-09
Stefan,Fyda,+48 483 119 373,Poznan,Laskocze 52/62,68100155178,2020-08-16,payment,2023-09-24
Dominik,Janoszek,+48 146 362 102,Warsaw,Zabkowska 99/100,59111041578,2022-02-26,payment,2021-12-14
Olga,Cichowlas,+48 457 168 548,Wroclaw,Rynkowska 83/73,96090838579,2023-04-24,payment,2024-10-22
Maurycy,Węgrzyk,+48 675 676 524,Krakow,Podgorki 59/21,54122884970,2020-06-01,payment,2024-07-24
Ada,Pastucha,+48 775 267 838,Krakow,Wielopole 1/90,96022801543,2020-03-31,payment,2022-04-12
Kazimierz,Niesporek,+48 275 788 883,Warsaw,Chmielna 10/9,74041122580,2021-06-12,payment,2021-05-20
Damian,Imiołczyk,+48 282 351 743,Poznan,Dabrowa 32/61,04042218579,2023-04-22,contract signing,2024-02-01
Nela,Rawa,+48 735 551 232,Warsaw,Rakowiecka 23/40,42090341492,2024-06-07,contract signing,2020-03-05
Piotr,Beker,+48 241 926 511,Poznan,Opolska 70/27,06040321226,2020-10-21,payment,2023-04-12
Hubert,Burkiewicz,+48 354 758 552,Krakow,Karmelicka 97/21,47122515322,2024-09-27,payment,2020-01-24
Adrianna,Kopij,+48 741 550 342,Poznan,Strzeszynska 16/30,06102817399,2021-08-03,payment,2023-04-20
Róża,Kubieniec,+48 884 281 555,Wroclaw,Hutnicza 46/27,84070790393,2021-06-05,payment,2021-05-13
Błażej,Ciesielka,+48 263 606 262,Gdansk,Al. Grunwaldzka 3/26,80122442250,2023-05-03,payment,2022-10-16
Dawid,Posłuszny,+48 329 797 666,Warsaw,Sowinskiego 94/78,79111763580,2020-03-16,payment,2024-06-08
Justyna,Rysz,+48 118 203 471,Warsaw,Swietokrzyska 30/42,02121844147,2021-04-25,payment,2022-10-19
Liwia,Kobel,+48 959 395 853,Warsaw,Zabkowska 7/82,65042567049,2022-09-22,payment,2024-06-26
Rafał,Ławniczek,+48 459 944 835,Warsaw,Mlynarska 39/54,81090762793,2023-01-10,payment,2020-10-15
Daniel,Aleksandrzak,+48 921 446 132,Krakow,Podgorki 19/58,49091097155,2022-03-03,payment,2023-08-08
Elżbieta,Gabryel,+48 656 160 847,Wroclaw,Sudecka 94/10,48021888940,2022-04-11,payment,2024-11-24
Eliza,Lempart,+48 529 295 250,Wroclaw,Aleja 1 Maja 53/32,96072435741,2023-09-15,payment,2022-08-22
Kamil,Mikita,+48 864 833 370,Poznan,Wiosna 71/2,03041801773,2024-09-02,payment,2021-07-12
Monika,Misiuk,+48 435 227 256,Krakow,Karmelicka 55/14,03062184536,2023-09-01,payment,2021-06-25
Marika,Szkoła,+48 138 141 272,Gdansk,Gdanska 59/39,65030757652,2023-12-27,payment,2023-08-13
Mateusz,Zyzik,+48 750 677 114,Wroclaw,Olawska 53/52,42031835415,2022-04-30,payment,2024-06-15
Maciej,Macias,+48 456 575 722,Warsaw,Limanowskiego 55/27,98121908804,2024-08-24,payment,2021-04-23
Agnieszka,Minkina,+48 419 595 502,Krakow,Pieciomorgowa 6/91,92052331955,2022-07-08,payment,2021-05-14
Gaja,Barankiewicz,+48 226 344 272,Poznan,Zernickie 30/44,57110813376,2022-06-01,payment,2024-08-27
Dorota,Lisoń,+48 850 621 283,Krakow,Jana Pawla II 93/76,47080684805,2023-11-25,payment,2020-11-09
Kornelia,Szmurło,+48 390 778 503,Gdansk,Piastowska 13/5,87091198537,2022-06-23,payment,2024-12-17
Ida,Froń,+48 475 995 460,Warsaw,Bialostocka 94/67,62052801589,2020-02-08,payment,2021-09-10
Jakub,Prokopczuk,+48 268 233 874,Gdansk,Podgorna 59/53,88080866624,2024-06-17,payment,2020-12-20
Urszula,Fronczyk,+48 172 434 186,Poznan,Przybyszowska 54/16,84121419929,2022-03-27,payment,2024-01-06
Sonia,Hajder,+48 681 768 366,Wroclaw,Hutnicza 36/80,87100421160,2024-08-17,payment,2021-12-11
Ada,Melka,+48 432 965 840,Wroclaw,Czarnowiejska 20/65,71071334970,2020-08-09,payment,2022-03-30
Maksymilian,Uroda,+48 715 603 428,Wroclaw,Miejska 45/57,04051689007,2021-10-05,payment,2021-04-27
Olaf,Adamaszek,+48 435 845 995,Krakow,Wiosny Ludow 99/48,03110812952,2021-07-05,contract signing,2022-11-30
Inga,Luberda,+48 884 719 944,Warsaw,Chmielna 64/63,80062532347,2023-06-02,contract signing,2020-01-20
Przemysław,Witan,+48 681 497 310,Krakow,Swietokrzyska 79/20,95071926144,2020-06-25,payment,2021-11-12
Tobiasz,Wosiek,+48 212 382 857,Gdansk,Dlugi Targ 65/97,43092152787,2023-01-24,contract signing,2024-11-12
Mariusz,Nieradko,+48 494 783 746,Warsaw,Woronicza 97/27,85020436286,2024-05-08,payment,2022-12-03
Radosław,Pawlos,+48 253 713 449,Gdansk,Alei Grunwaldzka 94/3,45080119930,2021-07-01,payment,2023-12-29
Andrzej,Baranowicz,+48 313 688 368,Gdansk,Dluga 99/9,79110270944,2023-01-17,payment,2022-01-30
Ewa,Tokarek,+48 680 445 263,Wroclaw,Polan 6/82,05040284087,2024-05-19,payment,2021-04-15
Maurycy,Kozon,+48 762 310 668,Poznan,Tory 64/51,06082657736,2021-07-03,payment,2023-12-04
Maciej,Panuś,+48 523 396 477,Krakow,Florianska 95/14,55022529598,2020-03-09,payment,2021-06-22
Monika,Kus,+48 413 186 668,Poznan,Wiosna 76/66,42022728003,2024-12-05,contract signing,2021-02-19
Julianna,Matusewicz,+48 251 792 960,Wroclaw,Mickiewicza 40/2,70040653113,2024-01-29,contract signing,2022-04-22
Ewa,Siwka,+48 950 247 529,Krakow,Plac Nowy 88/77,54112474480,2024-04-20,payment,2023-03-13
Fryderyk,Mieszała,+48 206 446 383,Gdansk,Podwale Staromiejskie 89/19,51091214155,2020-09-04,payment,2021-09-10
Natasza,Hapka,+48 200 264 521,Poznan,Mikolajewska 12/2,49111680947,2020-12-31,payment,2020-04-10
Liwia,Ksel,+48 774 189 931,Warsaw,Sowinskiego 18/7,49082374926,2023-07-19,payment,2023-04-05
Alex,Beker,+48 974 980 438,Wroclaw,Osobowicka 36/95,52091273142,2021-02-10,payment,2020-01-30
Karina,Rząd,+48 929 139 125,Gdansk,Bociania 90/85,99020902636,2024-11-20,contract signing,2023-06-12
Klara,Barankiewicz,+48 446 317 972,Krakow,Lipowa 87/51,69071318265,2020-12-27,payment,2024-10-10
Sonia,Rogal,+48 597 176 892,Gdansk,Podwale Staromiejskie 18/94,42111301203,2024-03-15,payment,2024-10-13
Dariusz,Schwarz,+48 250 991 941,Warsaw,Inzynierska 79/54,91081871409,2020-05-25,payment,2024-08-11
Kornelia,Pospiech,+48 810 101 944,Gdansk,Swinoujscie 70/73,61040537372,2020-04-19,payment,2022-05-20
Kalina,Łukasz,+48 981 526 654,Warsaw,Ludwika Rydygiera 11/42,85052826640,2023-06-21,payment,2021-05-15
Mariusz,Waloszczyk,+48 889 246 432,Warsaw,Powisle 86/10,68122006276,2023-11-24,payment,2022-03-24
Dagmara,Szkatuła,+48 959 903 753,Wroclaw,Swidnicka 14/56,82050609644,2020-03-07,payment,2021-08-25
Tymon,Ficner,+48 477 970 338,Wroclaw,Rynkowska 24/88,76120413837,2024-07-16,contract signing,2021-11-28
Nikodem,Żabka,+48 831 246 920,Gdansk,Trojmiasto 27/89,97020854694,2021-08-08,payment,2022-01-18
Antoni,Warczak,+48 591 993 243,Poznan,Czajkowska 6/22,06121839888,2023-09-14,contract signing,2024-01-11
Maurycy,Kołaczek,+48 149 881 382,Gdansk,Podgorna 38/58,92062008076,2021-09-24,payment,2020-12-06
Fabian,Męcik,+48 607 332 346,Wroclaw,Piekarska 97/86,74061740281,2021-03-24,payment,2022-12-27
Aurelia,Oleksak,+48 414 824 683,Gdansk,Morska 98/2,44071646130,2022-10-13,contract signing,2021-08-16
Angelika,Sommerfeld,+48 195 516 355,Krakow,Grodzka 14/51,54011600005,2023-08-06,payment,2020-04-29
Dorota,Bicz,+48 697 118 478,Poznan,Opolska 46/27,66080284716,2020-08-19,payment,2022-05-16
Sylwia,Hanusiak,+48 724 785 850,Poznan,Gorzyslawa 33/11,03101303847,2021-09-29,payment,2024-09-21
Tola,Winnik,+48 148 622 623,Poznan,Mikolajewska 63/98,92111287652,2022-05-13,payment,2020-03-14
Dagmara,Groth,+48 754 405 491,Krakow,Podgorki 53/67,75060328160,2020-09-15,payment,2020-03-27
Klara,Wąsiewicz,+48 411 788 673,Poznan,Swiety Marcin 52/64,59112177555,2022-06-24,contract signing,2020-02-28
Kajetan,Wosiak,+48 883 623 274,Wroclaw,Polan 51/56,98070710563,2022-02-08,payment,2022-10-01
Janina,Rode,+48 311 153 893,Poznan,Swiety Marcin 27/86,74102280727,2023-02-18,payment,2023-02-22
Krystyna,Peda,+48 261 796 887,Krakow,Pieciomorgowa 45/69,40080674292,2024-08-22,payment,2020-04-28
Justyna,Igras,+48 312 401 559,Wroclaw,Obornicka 26/56,59081580448,2022-07-14,payment,2023-05-30
Tadeusz,Rajda,+48 415 595 605,Poznan,Garbary 57/99,97112369000,2020-01-26,payment,2020-01-14
Eryk,Sabała,+48 107 478 607,Poznan,Gorzyslawa 52/91,90090375618,2022-04-05,contract signing,2023-04-12
Eliza,Miodek,+48 800 968 187,Poznan,Dabrowa 84/70,79091424163,2022-07-20,payment,2024-07-28
Dorota,Małż,+48 279 896 168,Krakow,Lipowa 49/15,55021643350,2021-02-07,payment,2020-07-01
Fabian,Posłuszna,+48 699 443 899,Wroclaw,Olawska 7/57,83041479233,2022-06-16,contract signing,2020-02-09
Daniel,Kobryń,+48 486 390 487,Warsaw,Lechitow 4/3,94100545776,2023-02-07,payment,2023-01-22
Filip,Zwara,+48 246 496 837,Krakow,Wandy 37/43,52102338510,2023-05-30,payment,2022-10-21
Daniel,Nawój,+48 555 408 562,Warsaw,Stalowa 29/34,73122687062,2024-04-04,payment,2020-01-22
Julianna,Szyca,+48 958 968 195,Warsaw,Lechitow 64/93,80071690991,2023-08-27,contract signing,2022-08-19
Artur,Sadoch,+48 110 628 155,Poznan,Laskotelna 53/55,51022178114,2024-04-25,payment,2020-01-14
Mikołaj,Maszkiewicz,+48 107 270 169,Warsaw,Nowy Swiat 8/7,42051575524,2022-08-20,payment,2021-07-06
Jeremi,Lempart,+48 361 668 458,Poznan,Staroleka 18/91,79071732415,2023-03-07,payment,2023-06-23
Aleksander,Jambor,+48 726 881 651,Poznan,Kroniki 60/25,95111804061,2024-03-25,payment,2021-09-11
Julianna,Pitura,+48 505 971 380,Warsaw,Inzynierska 72/25,06012032422,2024-02-23,payment,2020-04-13
Krystian,Żelazo,+48 591 244 586,Gdansk,Alei Grunwaldzka 31/70,80081742965,2024-05-14,payment,2024-10-02
Liwia,Talaśka,+48 322 893 766,Krakow,Plac Nowy 35/80,87070736477,2023-07-12,payment,2020-02-25
Tadeusz,Piwowarek,+48 829 326 432,Warsaw,Swietokrzyska 53/96,76071016338,2024-10-24,payment,2020-09-13
Karol,Szara,+48 855 876 696,Poznan,Strzeszynska 21/70,86062451972,2024-06-18,payment,2020-02-27
Ryszard,Chabior,+48 170 641 978,Krakow,Szeroka 95/61,62062431468,2020-06-10,payment,2024-05-23
Kornel,Chwedoruk,+48 919 719 728,Krakow,Karmelicka 49/44,57102229103,2022-04-18,payment,2022-06-29
Anita,Ciepluch,+48 162 589 252,Wroclaw,Grabiszynska 85/69,47071584806,2022-05-02,payment,2023-05-11
Gabriel,Oleszczak,+48 520 854 887,Gdansk,Dluga 15/52,00011369190,2024-11-06,contract signing,2024-01-07
Anna Maria,Zgoła,+48 244 530 715,Krakow,Plac Nowy 77/15,06082572389,2023-05-24,payment,2020-08-27
Jędrzej,Wojtaszczyk,+48 407 938 232,Krakow,Centralna 76/18,63052741406,2020-11-01,payment,2022-09-24
Jerzy,Janc,+48 447 239 956,Krakow,Wandy 48/12,57060581406,2020-07-22,payment,2024-05-10
Natasza,Kulisz,+48 938 928 753,Poznan,Pieciomorgowa 8/67,67060208056,2024-05-24,payment,2024-10-19
Rozalia,Lepak,+48 768 384 656,Krakow,Podgorki 37/99,40072706983,2024-06-09,contract signing,2021-08-18
Stefan,Kubieniec,+48 186 800 762,Wroclaw,Olawska 87/30,51071796529,2022-01-06,payment,2020-06-10
Wojciech,Smardz,+48 701 629 460,Wroclaw,Zaodrze 51/16,79041655858,2023-08-13,payment,2020-07-04
Aniela,Kononowicz,+48 340 187 681,Krakow,Mysliwska 55/38,80082075578,2021-05-11,contract signing,2022-02-01
Anna Maria,Kupś,+48 478 894 617,Gdansk,Trojmiasto 72/42,77030872257,2022-11-01,payment,2024-07-17
Sonia,Kutera,+48 577 415 729,Krakow,Pilsudskiego 5/86,74042781762,2024-06-10,payment,2021-10-11
Bianka,Ochota,+48 979 732 267,Poznan,Czajkowska 17/31,80032041051,2023-07-28,payment,2022-03-22
Gustaw,Sztuczka,+48 937 315 135,Wroclaw,Swidnicka 29/32,60121150109,2021-09-26,payment,2024-03-09
Arkadiusz,Szulczyk,+48 505 124 365,Wroclaw,Rynkowska 97/69,88090147782,2021-11-27,payment,2021-07-06
Kamila,Łepek,+48 605 721 322,Poznan,Kroniki 73/74,44022768726,2023-04-09,payment,2023-07-28
Radosław,Kocaj,+48 667 156 354,Wroclaw,Rynkowska 8/37,82031241845,2024-10-27,payment,2022-04-06
Jeremi,Królczyk,+48 522 607 273,Warsaw,Batory 22/25,85040224616,2024-06-23,payment,2020-09-09
Jeremi,Staś,+48 376 639 869,Wroclaw,Piekarska 30/59,60031635729,2021-07-09,payment,2022-01-29
Krystyna,Myszor,+48 869 184 420,Krakow,Grodzka 2/69,71070173107,2022-06-04,payment,2020-07-29
Antoni,Hermanowicz,+48 874 423 353,Krakow,Wielopole 26/33,79072601578,2023-08-17,payment,2023-11-04
Mariusz,Ochab,+48 512 614 314,Gdansk,Ostroda 98/41,58122504133,2022-04-09,payment,2022-11-07
Nicole,Rembacz,+48 500 811 890,Krakow,Karmelicka 94/66,90110228904,2020-07-13,payment,2022-03-01
Fryderyk,Tarasek,+48 776 577 169,Krakow,Krolowej Jadwigi 22/69,02012894765,2022-05-28,payment,2020-05-15
Stanisław,Guźniczak,+48 968 152 687,Wroclaw,Osobowicka 86/68,89030145958,2023-10-17,payment,2021-04-06
Aniela,Neubauer,+48 116 834 243,Warsaw,Swietokrzyska 95/89,89042068294,2021-09-04,payment,2020-08-15
Mikołaj,Kolarz,+48 103 170 852,Warsaw,Marszalkowska 45/96,89090632069,2022-05-03,contract signing,2021-02-03
Łukasz,Słoń,+48 496 756 897,Poznan,Przybyszowska 68/9,65092794808,2021-03-15,payment,2022-04-06
Natasza,Pociask,+48 274 940 220,Krakow,Jana Pawla II 5/80,81020283255,2024-02-06,contract signing,2020-08-14
Mieszko,Lizurej,+48 560 239 527,Warsaw,Krasinskiego 18/91,56010951632,2023-12-17,contract signing,2024-06-12
Maciej,Gral,+48 229 350 696,Gdansk,Alei Grunwaldzka 1/9,50011937356,2020-11-02,payment,2024-09-16
Karina,Pudełek,+48 583 371 121,Wroclaw,Legnicka 77/99,92051917699,2024-10-07,payment,2020-03-30
Aurelia,Cecot,+48 359 999 227,Wroclaw,Miejska 47/10,72040622858,2023-02-13,payment,2024-07-03
Ksawery,Byzdra,+48 890 792 108,Poznan,Laskocze 9/41,63032653662,2020-02-24,payment,2024-09-05
Grzegorz,Mokwa,+48 723 663 805,Wroclaw,Polan 92/39,56072155634,2020-10-17,contract signing,2024-04-12
Marcelina,Solnica,+48 481 227 810,Gdansk,Morska 42/61,63110328967,2020-04-01,payment,2020-08-27
Jędrzej,Golon,+48 161 412 805,Gdansk,Karpacka 37/85,92080860120,2022-08-07,payment,2022-03-09
Inga,Macha,+48 140 167 707,Poznan,Tory 44/15,95121382946,2024-05-01,payment,2024-07-24
Fabian,Detka,+48 398 182 555,Poznan,Laskocze 78/30,41022670792,2024-02-15,payment,2021-12-04
Sara,Świętoń,+48 763 147 863,Gdansk,Morska 70/77,02020936530,2021-04-24,payment,2023-04-04
Julianna,Walasik,+48 207 636 480,Poznan,Kroniki 98/96,77011131511,2020-05-13,payment,2023-01-16
Olgierd,Bazela,+48 720 970 208,Krakow,Mysliwska 60/12,61022157161,2023-07-31,contract signing,2023-11-01
Julita,Brachman,+48 648 415 309,Gdansk,Trojmiasto 43/72,61062558973,2021-04-21,payment,2021-03-01
Jerzy,Warmuz,+48 731 315 849,Krakow,Chorazowka 62/75,04082747569,2023-01-02,payment,2020-08-30
Marcel,Wołodźko,+48 548 876 630,Warsaw,Ludwika Rydygiera 53/15,88021010194,2020-05-05,payment,2020-06-08
Szymon,Łasak,+48 323 478 792,Krakow,Dluga 5/83,44021531093,2024-02-24,payment,2023-05-29
Robert,Bazyluk,+48 589 668 690,Poznan,Sienkiewicza 1/97,63080936599,2020-07-23,payment,2020-12-19
Sebastian,Rychel,+48 209 548 657,Poznan,Polwiejska 24/77,83112681408,2023-10-05,payment,2020-10-09
Marcelina,Matejczyk,+48 230 957 695,Wroclaw,Obornicka 86/9,40020983848,2024-04-10,payment,2024-10-25
Klara,Pachla,+48 679 613 494,Krakow,Kasprowicza 85/36,69091640948,2022-05-06,payment,2023-12-24
Eliza,Keler,+48 747 894 148,Wroclaw,Swietego Mikolaja 17/37,63040868643,2020-09-27,payment,2024-11-01
Natan,Pindral,+48 747 491 223,Poznan,Polwiejska 26/46,84082791911,2024-07-02,payment,2021-06-19
Nicole,Szkaradek,+48 345 489 321,Poznan,Gorzyslawa 49/45,62110510789,2021-03-07,payment,2024-01-29
Maciej,Stojak,+48 233 624 727,Gdansk,Gdanska 2/57,45052129396,2022-09-09,payment,2022-01-02
Sonia,Kajdan,+48 198 794 331,Krakow,Odrzanska 11/93,92071762567,2023-01-19,payment,2023-04-11
Tymoteusz,Kuczak,+48 809 928 211,Wroclaw,Sudecka 11/88,43080779271,2023-09-08,payment,2022-05-12
Maurycy,Nieradzik,+48 250 998 811,Gdansk,Abrahama 38/66,65062503582,2023-02-02,payment,2023-12-04
Filip,Dybaś,+48 684 995 403,Krakow,Pilsudskiego 46/45,80052702228,2023-12-29,contract signing,2022-10-09
Cyprian,Galuba,+48 380 759 454,Wroclaw,Polan 20/94,82121358264,2022-01-25,payment,2020-10-31
Jerzy,Szarejko,+48 546 978 589,Krakow,Centralna 84/88,73011777803,2020-10-22,payment,2023-11-10
Bianka,Budrewicz,+48 486 246 749,Poznan,Kroniki 50/25,47011408360,2021-01-11,payment,2020-06-02
Tadeusz,Ulfik,+48 635 979 324,Krakow,Chorazowka 46/82,66022877390,2022-03-19,payment,2023-12-29
Anita,Kloska,+48 542 319 204,Warsaw,Swietokrzyska 70/29,06012207804,2021-12-01,payment,2023-03-10
Artur,Jambor,+48 410 639 351,Gdansk,Targ Weglowy 60/50,00040220998,2021-08-01,payment,2020-11-30
Tobiasz,Stachów,+48 656 858 455,Warsaw,Jagiellonska 88/40,63100186685,2024-10-28,payment,2023-10-31
Patryk,Brachaczek,+48 663 637 282,Poznan,Sienkiewicza 79/61,04050430208,2021-02-12,payment,2024-08-12
Anita,Gilewicz,+48 341 132 259,Krakow,Grodzka 42/24,50112509780,2021-05-05,payment,2022-05-06
Natan,Antoń,+48 138 381 475,Warsaw,Batory 49/62,61121874785,2021-11-14,payment,2021-12-01
Maurycy,Cybul,+48 899 742 101,Poznan,Staroleka 38/71,52081433327,2022-01-16,payment,2022-03-03
Ernest,Wenda,+48 122 754 629,Gdansk,Alei Grunwaldzka 97/18,95080799283,2021-12-30,payment,2021-09-17
Łukasz,Trybała,+48 723 889 170,Poznan,Przybyszowska 10/32,90122005306,2020-10-01,payment,2024-03-26
Aniela,Sośniak,+48 446 917 187,Warsaw,Pulawska 78/87,51032602298,2021-08-26,payment,2020-02-07
Kacper,Pryk,+48 379 764 106,Warsaw,Stalowa 34/89,49041070379,2021-07-24,contract signing,2021-05-01
Sara,Fiedoruk,+48 303 126 377,Gdansk,Nowe Wrota 81/62,40122075074,2023-12-07,payment,2023-03-16
Borys,Mendak,+48 975 332 687,Poznan,Sienkiewicza 88/89,74012101695,2024-07-30,contract signing,2024-02-26
Jakub,Mysior,+48 590 934 614,Warsaw,Powisle 32/69,75060750367,2021-08-12,contract signing,2023-07-13
Adam,Szok,+48 117 726 200,Wroclaw,Swidnicka 16/37,58122158097,2020-05-02,payment,2020-08-15
Malwina,Wojtalewicz,+48 569 942 496,Warsaw,Mlynarska 18/17,78062268072,2023-01-05,payment,2022-12-16
Monika,Wołczyk,+48 136 448 342,Poznan,Gorzyslawa 82/67,94021039022,2023-09-14,payment,2024-03-23
Adam,Grabczak,+48 614 539 425,Gdansk,Zaspa 74/3,00070447172,2020-06-01,payment,2020-10-24
Ada,Kałwak,+48 986 380 837,Krakow,Wiosny Ludow 49/30,47122108621,2020-07-12,payment,2022-04-17
Marek,Sosnówka,+48 589 484 319,Wroclaw,Biskupin 24/67,50010662565,2022-01-18,payment,2023-03-09
Błażej,Ostapiuk,+48 516 661 924,Krakow,Chorazowka 75/94,45060767315,2023-05-07,payment,2020-09-04
Sandra,Kukier,+48 983 784 681,Warsaw,Lechitow 77/62,48041138856,2022-01-04,contract signing,2024-06-02
Sylwia,Mleczak,+48 240 346 660,Gdansk,Gdanska 28/11,69100232951,2020-12-09,payment,2023-06-19
Nela,Korbel,+48 355 470 675,Poznan,Czajkowska 26/17,70071308121,2020-11-12,payment,2020-11-13
Kamila,Penar,+48 725 826 881,Wroclaw,Katedralna 96/35,56022385717,2021-03-12,payment,2020-09-08
Tadeusz,Woda,+48 312 136 356,Warsaw,Bialostocka 11/75,56020758094,2021-12-27,payment,2024-09-24
Roksana,Mitoraj,+48 157 260 469,Poznan,Strzeszynska 37/87,44031121482,2022-11-08,contract signing,2020-01-03
Dominik,Bryzek,+48 123 398 472,Poznan,Grunwaldzka 6/97,64082168902,2023-06-26,payment,2021-02-01
Piotr,Michalkiewicz,+48 268 712 149,Warsaw,Mlynarska 20/52,58101115619,2022-10-16,payment,2024-05-13
Ewelina,Mak,+48 360 869 943,Wroclaw,Osobowicka 45/24,86081500105,2022-05-16,payment,2022-02-18
Ewelina,Bytner,+48 353 196 354,Gdansk,Bociania 60/11,42092091777,2022-05-30,contract signing,2022-08-30
Jan,Jaje,+48 309 838 391,Warsaw,Bialostocka 20/68,80012611090,2024-12-15,payment,2023-02-15
Olgierd,Jambor,+48 868 469 226,Wroclaw,Katedralna 38/1,59020414203,2024-04-09,payment,2020-10-17
Lidia,Perka,+48 449 350 502,Warsaw,Wilenska 80/99,59032273151,2022-10-11,payment,2021-07-30
Nataniel,Drygała,+48 435 153 402,Krakow,Lipowa 40/1,43010641584,2020-07-05,payment,2020-01-10
Olga,Biesek,+48 667 860 707,Krakow,Plac Nowy 11/38,54072486891,2020-04-27,payment,2021-07-08
Nicole,Słoka,+48 282 428 867,Warsaw,Rakowiecka 40/60,81120663670,2024-12-19,payment,2024-03-24
Krzysztof,Smardz,+48 928 805 253,Gdansk,Swinoujscie 63/72,75120656228,2024-07-03,payment,2021-05-02
Wojciech,Wawrzyk,+48 719 926 453,Gdansk,Podgorna 47/64,73021801576,2024-09-05,payment,2024-05-16
Arkadiusz,Ceynowa,+48 878 839 554,Gdansk,Dlugi Targ 50/43,52120770226,2024-12-25,payment,2023-08-03
Leon,Pastuszko,+48 297 411 940,Poznan,Tory 11/27,03121737666,2024-02-19,payment,2022-02-04
Róża,Podleśna,+48 646 908 832,Wroclaw,Aleja 1 Maja 40/27,55082425234,2021-09-18,payment,2021-10-08
Łukasz,Zębik,+48 546 350 544,Krakow,Swietokrzyska 80/85,58061592260,2022-03-15,payment,2023-05-26
Cyprian,Skolik,+48 510 370 155,Poznan,Laskowicka 32/86,41031219872,2020-08-28,payment,2023-08-14
Konstanty,Kurpisz,+48 907 894 777,Gdansk,Nowe Wrota 74/59,93061258967,2021-05-16,payment,2021-12-04
Inga,Krywult,+48 321 334 894,Wroclaw,Legnicka 51/39,59111437128,2020-10-10,payment,2024-03-05
Stefan,Chojna,+48 711 380 866,Warsaw,Sowinskiego 48/1,41031957819,2022-04-09,payment,2020-03-18
Rozalia,Budniak,+48 957 606 133,Poznan,Gorzyslawa 24/88,75091733694,2021-03-08,payment,2020-02-08
Kamila,Wocial,+48 890 759 197,Krakow,Podgorki 31/44,91011968533,2023-12-20,payment,2022-01-16
Michał,Irzyk,+48 301 548 792,Poznan,Czajkowska 13/31,41070435309,2024-01-24,payment,2023-08-03
Tymon,Siedlaczek,+48 773 718 494,Warsaw,Powisle 61/83,96051080001,2022-07-18,contract signing,2022-04-26
Bruno,Sądej,+48 412 650 593,Wroclaw,Katedralna 49/75,53040575445,2023-07-01,payment,2022-01-01
Natan,Hynek,+48 735 199 178,Wroclaw,Osobowicka 61/98,68041488782,2022-12-15,payment,2022-03-29
Janina,Bazylewicz,+48 484 274 211,Wroclaw,Ziebicka 22/60,88010189948,2021-06-20,payment,2021-07-14
Gabriel,Horbacz,+48 975 137 387,Krakow,Jana Pawla II 47/89,72061046826,2023-01-19,payment,2022-04-12
Leon,Smorąg,+48 774 954 793,Krakow,Jana Pawla II 50/42,41061786946,2021-11-01,payment,2020-05-27
Tola,Gumienna,+48 551 263 935,Gdansk,Podgorna 68/48,73022714536,2023-05-03,payment,2022-04-25
Ida,Indyka,+48 749 929 135,Wroclaw,Rynkowska 9/18,96022696909,2024-08-03,payment,2022-09-26
Juliusz,Pyszka,+48 242 419 355,Poznan,Czajkowska 30/86,50111798651,2020-08-27,payment,2021-09-24
Angelika,Sporek,+48 870 162 144,Gdansk,Dluga 70/2,73122091142,2021-05-14,payment,2020-04-05
Kornelia,Mysiak,+48 342 360 901,Poznan,Staroleka 53/73,40011124706,2020-05-13,payment,2020-01-16
Dawid,Pompa,+48 708 242 430,Wroclaw,Polan 37/48,78090354633,2021-04-05,payment,2020-03-22
Patryk,Suchenek,+48 371 576 249,Wroclaw,Sudecka 77/84,93122746484,2024-12-07,payment,2021-04-28
Monika,Proć,+48 742 569 506,Wroclaw,Czarnowiejska 40/28,58122660240,2024-03-12,payment,2020-04-28
Roksana,Paprotny,+48 357 606 974,Wroclaw,Olawska 13/33,58090756383,2022-10-30,payment,2024-03-15
Anastazja,Kobel,+48 878 223 884,Gdansk,Targ Weglowy 90/30,50101600580,2020-12-18,payment,2021-10-01
Michał,Nyk,+48 903 287 452,Poznan,Czajkowska 56/58,82012257100,2020-05-26,payment,2023-08-06
Kaja,Ruszel,+48 135 717 235,Gdansk,Zaspa 40/45,96111199221,2023-02-13,payment,2020-02-18
Dominik,Zębik,+48 251 141 648,Krakow,Karmelicka 41/60,47101140761,2024-05-02,payment,2020-08-05
Antoni,Seidel,+48 569 197 264,Gdansk,Wielki Mlyn 80/43,56072163888,2022-06-27,payment,2020-04-20
Marcin,Skierka,+48 549 334 146,Poznan,Czajkowska 28/60,53092428425,2021-05-01,payment,2021-08-18
Nicole,Maciejczuk,+48 215 583 773,Wroclaw,Zaodrze 11/66,65121814808,2023-02-09,payment,2021-03-16
Ada,Leszcz,+48 443 209 881,Warsaw,Limanowskiego 62/34,93100191741,2022-04-22,payment,2024-12-10
Justyna,Pociask,+48 702 612 321,Warsaw,Stalowa 5/25,48101658504,2021-01-02,payment,2021-05-11
Blanka,Snoch,+48 390 204 817,Warsaw,Krakowskie Przedmiescie 69/60,56102887678,2023-09-19,payment,2021-01-01
Maks,Wojtyś,+48 793 355 230,Warsaw,Ludwika Rydygiera 35/81,85070522601,2023-08-03,payment,2023-09-20
Leonard,Szóstak,+48 899 111 400,Poznan,Kraszewskiego 6/78,90061374811,2022-06-28,payment,2024-12-10
Dagmara,Pałyga,+48 178 420 861,Wroclaw,Zaodrze 42/82,85021563301,2020-08-09,contract signing,2022-01-30
Adrian,Orkisz,+48 338 992 366,Warsaw,Krakowskie Przedmiescie 2/21,99062080163,2021-04-30,contract signing,2020-01-07
Dorota,Raba,+48 727 586 164,Poznan,Gorzyslawa 75/6,86092081075,2023-02-07,payment,2023-06-25
Konstanty,Kowara,+48 663 981 343,Poznan,Wiosna 8/17,96072894388,2022-09-13,contract signing,2021-03-01
Liwia,Wolańczyk,+48 746 791 128,Krakow,Lobzow 52/4,89021391890,2024-12-07,payment,2024-10-20
Nela,Sławik,+48 530 965 384,Wroclaw,Polan 90/4,59041526961,2022-12-13,payment,2023-09-28
Malwina,Lelito,+48 657 889 156,Warsaw,Krasinskiego 8/68,44110214344,2020-11-20,payment,2024-07-02
Mikołaj,Bogaczyk,+48 932 499 686,Krakow,Pieciomorgowa 57/9,91111390634,2022-10-27,payment,2023-01-06
Urszula,Gomuła,+48 407 896 406,Wroclaw,Wroclawska 32/83,95030368587,2022-06-16,contract signing,2024-07-08
Marcel,Nieszporek,+48 673 670 912,Krakow,Wandy 53/47,92020266647,2021-01-26,payment,2020-10-06
Blanka,Wawszczak,+48 364 325 492,Wroclaw,Czarnowiejska 35/12,67070710774,2020-10-16,payment,2022-07-08
Olaf,Troka,+48 475 763 269,Krakow,Chorazowka 89/79,93052510492,2024-02-08,payment,2021-09-11
Mateusz,Babiuch,+48 602 650 241,Gdansk,Gdanska 55/53,98082819278,2021-01-31,contract signing,2020-08-11
Stefan,Lempart,+48 858 809 235,Wroclaw,Olawska 50/35,04102500707,2021-05-11,payment,2021-05-16
Ewelina,Pawlukiewicz,+48 564 199 449,Wroclaw,Wroclawska 67/60,94041203993,2020-01-21,payment,2021-07-06
Ewelina,Sopata,+48 201 538 848,Poznan,Wlasnosciowa 40/35,45100347738,2022-06-27,payment,2020-08-18
Piotr,Magryta,+48 732 406 469,Krakow,Karmelicka 67/48,69101434109,2022-12-12,payment,2024-05-01
Mateusz,Potęga,+48 734 754 783,Warsaw,Batory 14/85,62051353445,2024-08-21,payment,2023-12-12
Witold,Jakóbik,+48 860 868 167,Poznan,Sienkiewicza 33/22,97061699645,2021-04-22,contract signing,2020-10-17
Aleksander,Drela,+48 751 528 529,Wroclaw,Piekarska 19/74,60031747370,2020-10-12,payment,2024-12-22
Robert,Chaber,+48 343 280 443,Warsaw,Rakowiecka 62/8,69052502519,2024-12-07,contract signing,2021-05-27
Sandra,Skubis,+48 620 787 875,Wroclaw,Olawka 65/45,95010265783,2024-06-05,payment,2022-09-01
Urszula,Pielech,+48 193 604 716,Gdansk,Swietego Ducha 84/82,78090984122,2021-08-06,payment,2020-06-04
Stanisław,Pastuszko,+48 729 200 780,Krakow,Pieciomorgowa 91/57,68040716866,2024-02-17,payment,2020-04-11
Anastazja,Lato,+48 613 402 746,Wroclaw,Sudecka 79/6,50101532935,2020-08-16,payment,2022-07-09
Julianna,Brózda,+48 406 349 298,Poznan,Tory 89/36,42040995436,2023-05-01,contract signing,2024-05-20
Aniela,Trojanowicz,+48 349 870 332,Krakow,Centralna 22/39,84102611786,2020-10-02,payment,2024-11-16
Maurycy,Kuza,+48 102 920 163,Krakow,Rzeszowska 99/81,66032333321,2021-09-21,payment,2021-10-22
Lidia,Mizgała,+48 965 858 507,Gdansk,Abrahama 44/49,60090726097,2023-09-15,payment,2024-10-02
Angelika,Jeżyna,+48 363 341 938,Gdansk,Podwale Staromiejskie 52/17,43090243869,2021-01-11,payment,2021-07-02
Oskar,Buczko,+48 633 972 751,Wroclaw,Trzmielowice 22/77,96051408133,2024-10-27,payment,2022-08-03
Jeremi,Burdach,+48 745 319 898,Wroclaw,Miejska 82/78,41012704968,2020-12-03,contract signing,2021-08-03
Józef,Swaczyna,+48 694 845 785,Krakow,Kasprowicza 1/52,93091481409,2024-11-28,payment,2021-03-18
Wiktor,Czesak,+48 420 881 315,Poznan,Grunwaldzka 16/73,50061642945,2021-04-25,payment,2020-08-22
Maciej,Powązka,+48 744 788 756,Warsaw,Krasinskiego 29/34,72032059163,2023-01-26,payment,2023-08-14
Robert,Ćwirko,+48 705 368 807,Wroclaw,Piekarska 31/79,06031241636,2021-06-01,payment,2024-02-06
Ksawery,Kieloch,+48 109 818 163,Krakow,Odrzanska 66/80,97022482844,2020-11-22,contract signing,2023-04-14
Aniela,Jaśkowiec,+48 309 936 722,Gdansk,Dlugi Targ 72/47,87101071227,2024-07-27,payment,2022-05-26
Agnieszka,Leszczuk,+48 351 640 500,Warsaw,Targowa 29/47,63110311929,2020-02-02,payment,2020-12-09
Ignacy,Pierzak,+48 991 973 712,Warsaw,Targowa 9/72,97071381071,2022-10-30,payment,2024-01-01
Bartek,Portka,+48 441 671 223,Poznan,Strzeszynska 100/34,77042637194,2020-09-18,payment,2020-10-03
Sandra,Leks,+48 568 147 336,Warsaw,Marszalkowska 94/99,78112635311,2021-06-15,payment,2021-07-19
Antoni,Wyderka,+48 210 667 633,Gdansk,Karpacka 64/50,46040781471,2024-02-20,payment,2022-09-24
Aleksander,Rozynek,+48 755 296 468,Wroclaw,Swidnicka 69/19,59062445953,2024-01-18,payment,2023-05-08
Tymon,Hutyra,+48 497 464 844,Poznan,Wlasnosciowa 45/70,45030660905,2024-06-14,contract signing,2020-02-23
Jeremi,Bareja,+48 776 709 787,Krakow,Lipowa 93/86,93112839435,2020-12-10,payment,2020-04-30
Krystyna,Klęczar,+48 948 426 104,Krakow,Chorazowka 79/89,00031254913,2020-11-27,payment,2024-12-01
Tymon,Taciak,+48 381 391 334,Krakow,Dluga 94/13,88071008439,2023-07-14,payment,2024-10-23
Piotr,Rutowicz,+48 416 401 570,Wroclaw,Hutnicza 52/45,44072846706,2021-06-24,payment,2020-03-04
Tymon,Mędrala,+48 191 225 524,Krakow,Kasprowicza 87/13,74071724044,2020-04-09,payment,2021-05-05
Artur,Reichel,+48 873 500 516,Poznan,Czajkowska 5/26,46110770682,2024-05-26,payment,2024-02-06
Juliusz,Kosman,+48 317 986 353,Warsaw,Batory 91/66,61052152336,2022-02-03,payment,2023-11-28
Konrad,Świadek,+48 916 290 701,Gdansk,Jaskowa Dolina 82/31,95040650267,2020-10-11,contract signing,2022-04-26
Kacper,Wójcikiewicz,+48 953 736 750,Krakow,Rzeszowska 44/95,81010800266,2020-03-31,contract signing,2024-05-26
Cyprian,Bakalarczyk,+48 894 711 651,Krakow,Wandy 91/76,67071859450,2022-04-18,payment,2020-09-24
Aniela,Tomys,+48 300 672 603,Krakow,Krolowej Jadwigi 27/95,94010661940,2024-09-16,payment,2020-04-18
Maks,Kaluga,+48 887 844 170,Warsaw,Pulawska 11/36,92012296407,2020-03-24,payment,2023-01-05
Daniel,Boguś,+48 147 130 116,Gdansk,Trojmiasto 46/91,88020281023,2024-08-22,payment,2020-04-08
Wiktor,Palica,+48 782 707 255,Gdansk,Morska 60/27,49011648308,2023-08-19,payment,2021-03-25
Ida,Domurad,+48 891 811 669,Krakow,Plac Nowy 55/30,60082151836,2022-02-25,contract signing,2022-06-23
Emil,Tatarek,+48 168 566 608,Krakow,Odrzanska 34/75,58100816214,2021-09-19,payment,2022-12-12
Józef,Tabak,+48 468 149 203,Krakow,Lipowa 36/87,54032449805,2024-08-28,payment,2023-05-20
Marcelina,Wolan,+48 533 763 939,Warsaw,Rakowiecka 99/98,87021985066,2024-01-25,payment,2020-05-03
Jakub,Czulak,+48 920 841 398,Wroclaw,Wroclawska 55/93,62030689600,2024-09-01,payment,2024-04-28
Eliza,Kołtuniak,+48 622 394 286,Wroclaw,Mickiewicza 22/44,96101421536,2022-11-28,payment,2021-02-09
Tomasz,Noszczyk,+48 523 429 775,Poznan,Opolska 44/86,41092689227,2024-11-18,payment,2021-06-24
Konrad,Wojtak,+48 798 448 195,Wroclaw,Obornicka 21/36,73032460209,2024-11-22,payment,2023-06-19
Gabriel,Tonder,+48 355 666 757,Krakow,Aleja Roz 2/45,75102825358,2023-02-26,payment,2022-09-17
Gaja,Famuła,+48 909 990 594,Krakow,Podgorki 49/41,82030695867,2020-06-26,payment,2021-05-09
Wojciech,Szmaj,+48 187 496 283,Gdansk,Targ Weglowy 11/19,71101466547,2023-04-11,payment,2024-08-27
Julita,Ryndak,+48 164 115 892,Poznan,Poludniowa 33/98,63112138797,2023-07-25,payment,2024-03-28
Bianka,Stachelek,+48 876 408 783,Wroclaw,Obornicka 18/34,58021283041,2023-01-01,payment,2020-05-16
Jeremi,Ślimak,+48 630 255 437,Poznan,Dabrowa 89/74,05071557640,2023-06-17,payment,2023-04-01
Cyprian,Hanusiak,+48 848 422 957,Warsaw,Targowa 75/76,00091815200,2024-10-02,payment,2021-05-23
Ada,Rorat,+48 798 836 937,Krakow,Jana Pawla II 78/55,05121580282,2023-10-12,payment,2024-07-03
Karina,Lorenz,+48 421 446 524,Warsaw,Mlynarska 39/60,53061706495,2023-05-23,payment,2022-05-31
Aurelia,Utrata,+48 898 628 431,Wroclaw,Mokotowska 99/88,96111084424,2024-07-31,payment,2021-12-20
Kajetan,Pasieczna,+48 466 254 585,Warsaw,Woronicza 49/36,60041775217,2020-08-02,payment,2020-12-05
Sonia,Babiuch,+48 597 867 298,Krakow,Chorazowka 23/49,76032538190,2023-12-09,payment,2022-12-11
Albert,Penar,+48 216 124 135,Wroclaw,Mokotowska 94/78,44062488961,2024-04-04,contract signing,2022-09-17
Kazimierz,Kruszka,+48 690 177 611,Warsaw,Stalowa 84/60,94050372602,2023-05-24,payment,2022-02-07
Justyna,Bukowiec,+48 616 932 284,Poznan,Laskowicka 90/37,93022202510,2024-10-16,payment,2023-02-17
Marika,Bandyk,+48 348 538 842,Wroclaw,Hutnicza 79/99,69050821692,2022-03-18,payment,2020-10-15
Klara,Niedźwiadek,+48 103 324 515,Wroclaw,Wroclawska 95/85,49050399506,2020-03-26,payment,2021-02-07
Tomasz,Kurzak,+48 989 250 252,Warsaw,Narbutta 41/12,57111224605,2020-12-13,contract signing,2024-09-24
Marek,Chudoba,+48 212 701 895,Gdansk,Morska 63/8,85070202130,2023-05-03,payment,2020-06-06
Justyna,Kubiaczyk,+48 602 827 995,Poznan,Kraszewskiego 97/4,40072359563,2024-10-24,payment,2021-07-11
Adrianna,Pierz,+48 645 383 656,Gdansk,Abrahama 54/68,46040360186,2023-10-23,payment,2022-03-04
Aniela,Cywka,+48 513 288 851,Poznan,Gorzyslawa 72/21,92071329908,2022-05-24,payment,2024-07-04
Nataniel,Kalinka,+48 910 218 121,Krakow,Pieciomorgowa 90/80,71030593657,2022-09-01,payment,2021-08-21
Dorota,Jędra,+48 247 387 353,Krakow,Florianska 46/83,48100429619,2024-07-18,payment,2022-08-31
Róża,Palej,+48 604 273 571,Warsaw,Marszalkowska 55/98,53060760566,2023-09-17,payment,2022-01-14
Ewa,Czerwionka,+48 919 435 407,Wroclaw,Swietego Mikolaja 20/27,89092542674,2022-10-21,payment,2020-10-24
Kornelia,Mućka,+48 488 154 856,Wroclaw,Olawka 29/88,94021200202,2020-10-07,payment,2024-05-29
Janina,Grabczak,+48 854 933 806,Warsaw,Marszalkowska 7/62,96071670767,2020-04-15,payment,2023-02-28
Olga,Cieplucha,+48 580 201 543,Gdansk,Piastowska 48/36,86091139076,2020-03-05,payment,2020-08-20
Jeremi,Zębik,+48 877 402 247,Krakow,Dluga 60/66,42042581699,2022-05-31,payment,2021-04-06
Gabriel,Faryna,+48 784 159 891,Krakow,Dluga 40/10,57081210466,2023-03-08,contract signing,2021-02-11
Sara,Monkiewicz,+48 242 370 312,Krakow,Wiosny Ludow 65/94,63012317968,2021-06-10,contract signing,2023-07-10
Apolonia,Miętka,+48 430 775 766,Gdansk,Zaspa 69/52,67040406858,2023-11-28,payment,2024-06-16
Wiktor,Drożdżal,+48 371 160 870,Poznan,Dabrowa 17/32,82122750454,2021-08-16,payment,2020-11-30
Roksana,Matyjasek,+48 709 156 485,Gdansk,Bociania 52/74,68070364260,2021-10-30,payment,2020-10-30
Malwina,Wołoszczuk,+48 909 597 291,Krakow,Krolowej Jadwigi 69/66,88051598903,2023-01-26,payment,2021-06-10
Agnieszka,Skolik,+48 442 640 241,Wroclaw,Miejska 66/57,02112357719,2024-04-25,payment,2022-03-31
Borys,Zadworny,+48 269 243 229,Gdansk,Zaspa 23/13,82062046879,2023-10-01,payment,2021-03-12
Dominik,Szpyt,+48 947 375 548,Warsaw,Rakowiecka 51/28,79010785715,2024-10-06,contract signing,2022-03-04
Aurelia,Stanisławczyk,+48 625 222 987,Wroclaw,Olawska 74/95,49091033115,2023-06-30,payment,2023-03-09
Ernest,Hulbój,+48 702 423 382,Poznan,Laskotelna 49/2,54042548130,2023-06-06,payment,2024-12-11
Dagmara,Majzner,+48 421 941 607,Warsaw,Inzynierska 29/96,71042696793,2023-11-19,contract signing,2022-10-03
Justyna,Kanik,+48 518 244 772,Krakow,Kasprowicza 13/50,82112668716,2024-02-02,payment,2021-04-20
Marcin,Knysak,+48 938 403 798,Krakow,Jana Pawla II 100/25,40100909964,2023-10-09,payment,2023-01-29
Kamila,Szyjka,+48 350 697 531,Wroclaw,Biskupin 46/35,42120647150,2022-02-07,payment,2024-11-26
Andrzej,Szyjka,+48 800 931 918,Krakow,Karmelicka 15/16,95102454776,2022-05-08,payment,2023-12-04
Maks,Świadek,+48 797 498 901,Warsaw,Krasinskiego 84/66,64081914535,2020-02-19,payment,2022-02-18
Mieszko,Sadłocha,+48 214 359 305,Wroclaw,Rynkowska 1/95,97031458898,2022-11-14,payment,2022-09-13
Kornelia,Dzidek,+48 734 477 446,Krakow,Rzeszowska 33/25,63032633666,2021-11-25,payment,2021-01-07
Tomasz,Łyskawa,+48 143 562 826,Warsaw,Limanowskiego 78/67,56090755203,2020-08-30,contract signing,2023-03-11
Tola,Olma,+48 786 153 650,Gdansk,Gdanska 47/87,55101726225,2023-12-30,contract signing,2021-03-13
Nataniel,Myrcik,+48 520 929 690,Wroclaw,Ziebicka 42/74,77061815575,2020-01-07,payment,2022-02-06
Dagmara,Andziak,+48 656 738 756,Poznan,Opolska 66/48,92041461807,2022-01-10,contract signing,2023-05-22
Maurycy,Rybus,+48 931 172 589,Poznan,Przybyszowska 44/31,60052541975,2024-03-28,contract signing,2024-10-03
Gustaw,Dawidczyk,+48 450 405 765,Krakow,Odrzanska 93/88,01032549424,2022-05-08,payment,2023-10-20
Jeremi,Choina,+48 585 930 606,Gdansk,Swietego Ducha 5/93,54071275924,2023-09-01,payment,2023-10-06
Patryk,Ludwik,+48 445 304 198,Krakow,Dluga 80/65,76121272150,2022-06-29,payment,2020-04-07
Gaja,Sajda,+48 143 208 713,Krakow,Rzeszowska 21/83,71111434813,2024-03-31,payment,2023-03-25
Gabriel,Zontek,+48 890 991 782,Warsaw,Rakowiecka 94/1,02121783271,2023-03-02,payment,2024-06-14
Cyprian,Graboś,+48 333 282 814,Poznan,Kraszewskiego 91/76,85101891119,2020-10-09,payment,2020-09-23
Leon,Kiljan,+48 179 997 897,Warsaw,Nowy Swiat 45/9,43032238993,2023-05-15,payment,2020-02-09
Robert,Strojna,+48 213 276 984,Krakow,Wandy 20/81,44051744928,2024-05-22,payment,2022-03-05
Kamila,Nalazek,+48 653 111 829,Krakow,Chorazowka 45/41,40092556719,2022-05-12,payment,2020-04-26
Wojciech,Hyży,+48 503 906 126,Wroclaw,Olawska 52/28,44122804199,2023-06-16,payment,2021-07-02
Adrianna,Falba,+48 693 534 640,Poznan,Garbary 51/41,62051059211,2021-02-26,payment,2021-01-11
Krystyna,Fijak,+48 492 738 311,Poznan,Dabrowa 72/23,00120738605,2021-11-25,payment,2024-06-18
Robert,Wojtak,+48 641 195 251,Krakow,Wiosny Ludow 18/58,74011777466,2024-11-10,contract signing,2022-08-11
Mateusz,Wawryniuk,+48 279 525 947,Poznan,Poludniowa 18/11,66061959770,2024-09-04,payment,2023-10-08
Łukasz,Hennig,+48 291 278 902,Gdansk,Rynkowska 8/3,62081309166,2020-05-13,payment,2022-09-16
Iwo,Żabka,+48 128 716 307,Wroclaw,Aleja 1 Maja 87/76,02090504057,2022-10-15,contract signing,2022-11-26
Monika,Pachnik,+48 717 246 714,Poznan,Strzeszynska 78/26,50022105021,2021-07-17,payment,2020-04-27
Konstanty,Frącz,+48 898 348 464,Gdansk,Bociania 49/22,57022363181,2020-03-18,payment,2021-08-20
Anita,Twardy,+48 292 799 675,Wroclaw,Osobowicka 24/42,97050274929,2022-06-28,payment,2021-10-31
Dariusz,Wiercigroch,+48 579 124 282,Warsaw,Zabkowska 88/17,76031682234,2022-04-05,payment,2021-07-24
Maksymilian,Ludwin,+48 889 226 129,Poznan,Kroniki 49/14,42032489811,2023-06-16,payment,2024-08-09
Andrzej,Stark,+48 354 874 906,Poznan,Staroleka 24/8,01030746328,2020-05-09,payment,2024-09-21
Krystian,Gendek,+48 913 624 290,Wroclaw,Olawska 45/57,80070872596,2020-05-01,payment,2021-05-14
Apolonia,Loska,+48 345 979 722,Warsaw,Pulawska 65/56,40110102498,2023-03-24,payment,2024-07-03
Anita,Magryta,+48 644 509 213,Warsaw,Powisle 6/19,79060490700,2024-07-28,payment,2024-10-10
Bianka,Słyk,+48 129 108 858,Wroclaw,Trzmielowice 37/8,77031967002,2023-02-06,payment,2023-03-13
Arkadiusz,Orzeszek,+48 973 840 503,Warsaw,Ludwika Rydygiera 31/50,59042122333,2023-09-17,payment,2020-06-14
Julianna,Chromy,+48 422 741 192,Gdansk,Gdanska 84/66,86032485668,2024-07-31,payment,2021-12-01
Agnieszka,Cis,+48 312 605 748,Poznan,Zernickie 50/85,88061923029,2021-03-13,payment,2021-01-04
Kamila,Ślęczka,+48 146 226 559,Gdansk,Al. Grunwaldzka 65/46,00051089311,2021-02-19,payment,2020-04-20
Rafał,Mysiak,+48 695 211 584,Wroclaw,Biskupin 35/51,65012562744,2021-07-12,payment,2021-01-14
Ida,Sładek,+48 513 277 976,Gdansk,Targ Weglowy 69/24,48111045323,2021-05-15,payment,2023-08-31
Klara,Hałka,+48 299 312 773,Wroclaw,Polan 60/17,89041568764,2024-05-18,payment,2020-03-06
Urszula,Stefankiewicz,+48 700 939 364,Poznan,Sienkiewicza 21/10,91051880828,2020-02-05,payment,2021-01-06
Krzysztof,Frukacz,+48 968 731 698,Krakow,Jana Pawla II 86/89,47091793651,2020-03-15,payment,2023-04-26
Tadeusz,Peciak,+48 296 394 297,Krakow,Pieciomorgowa 34/41,62080537250,2020-11-02,payment,2023-01-15
Łukasz,Dziewa,+48 609 607 580,Poznan,Laskowicka 75/1,61021232601,2023-03-03,payment,2020-07-28
Rozalia,Lepa,+48 367 167 311,Gdansk,Swinoujscie 2/3,44040481636,2020-05-29,payment,2021-05-06
Janina,Tałaj,+48 686 819 133,Gdansk,Targ Weglowy 73/31,75050767762,2024-12-23,payment,2021-01-30
Kajetan,Matura,+48 758 981 363,Warsaw,Targowa 58/14,51062000853,2020-07-23,payment,2023-03-02
Urszula,Jędraszek,+48 793 394 926,Gdansk,Alei Grunwaldzka 23/14,00070115316,2024-01-05,payment,2024-01-05
Ignacy,Pal,+48 460 230 628,Krakow,Kasprowicza 67/86,83060804658,2020-05-31,payment,2023-05-11
Artur,Hermann,+48 347 581 300,Wroclaw,Hutnicza 40/7,03082757039,2023-10-24,payment,2022-08-21
Mariusz,Mroczko,+48 182 444 216,Gdansk,Piastowska 35/63,75020635969,2024-01-28,contract signing,2021-09-13
Kalina,Prasek,+48 890 209 513,Warsaw,Wilenska 37/3,56030173933,2022-02-21,payment,2022-05-22
Marika,Ciaś,+48 322 729 261,Poznan,Swiety Marcin 20/83,00060793951,2023-04-21,payment,2020-07-28
Łukasz,Pleban,+48 912 209 692,Wroclaw,Swidnicka 83/23,63031556850,2023-06-24,payment,2024-01-29
Marika,Meissner,+48 529 867 999,Warsaw,Mlynarska 5/83,50061857534,2024-03-21,payment,2024-05-16
Julianna,Andryszczyk,+48 939 967 730,Warsaw,Lechitow 6/62,82080879154,2023-01-19,payment,2024-11-06
Julianna,Kenig,+48 197 963 588,Wroclaw,Miejska 59/33,47090443434,2020-08-26,payment,2021-09-13
Anna Maria,Krzempek,+48 906 234 407,Wroclaw,Mickiewicza 22/77,73011861337,2022-07-08,payment,2023-04-04
Sylwia,Wiekiera,+48 835 762 705,Poznan,Laskocze 51/60,57110788030,2024-10-29,payment,2021-04-08
Jędrzej,Domek,+48 181 460 177,Poznan,Laskocze 58/42,01112080478,2023-05-04,payment,2023-05-29
Eliza,Miśko,+48 408 704 167,Poznan,Laskotelna 59/89,95092295634,2022-05-07,payment,2024-08-12
Oskar,Andrejczuk,+48 302 701 880,Poznan,Staroleka 78/75,80101333939,2024-02-05,payment,2021-12-06
Przemysław,Bastek,+48 823 493 103,Warsaw,Wilenska 99/58,46090757985,2020-03-18,payment,2020-11-03
Artur,Faruga,+48 664 909 320,Wroclaw,Mickiewicza 19/88,97100971428,2024-03-15,payment,2022-08-14
Marek,Kononowicz,+48 519 919 590,Krakow,Szeroka 58/80,51121410229,2024-12-17,payment,2023-12-04
Justyna,Szymocha,+48 308 612 673,Wroclaw,Mickiewicza 90/7,55092217773,2020-12-01,contract signing,2021-02-13
Gustaw,Skałka,+48 889 411 810,Wroclaw,Osobowicka 48/35,62061155314,2020-11-08,contract signing,2020-05-24
Róża,Łaś,+48 230 324 740,Poznan,Laskowicka 83/36,69062417900,2024-06-24,contract signing,2021-11-12
Damian,Dąbroś,+48 110 440 107,Krakow,Odrzanska 7/78,91122585920,2024-05-17,payment,2023-05-04
Eryk,Kominiak,+48 289 692 274,Poznan,Laskocze 63/35,64051621357,2021-02-07,payment,2022-10-04
Dagmara,Grzywnowicz,+48 429 438 646,Poznan,Przybyszowska 52/20,60102709294,2021-03-02,payment,2023-08-10
Jacek,Krzysiek,+48 815 112 723,Wroclaw,Mickiewicza 4/93,48071169965,2021-02-18,payment,2020-07-14
Marianna,Stoltmann,+48 338 487 207,Poznan,Garbary 54/73,93112235477,2023-08-10,payment,2021-09-26
Stanisław,Burzawa,+48 581 220 823,Poznan,Laskotelna 27/56,78111794224,2022-07-06,payment,2021-02-15
Inga,Smektała,+48 545 863 680,Wroclaw,Mickiewicza 43/13,41052562568,2023-01-18,payment,2024-02-28
Anna Maria,Pelka,+48 689 402 374,Wroclaw,Olawka 32/43,79110867254,2023-04-02,contract signing,2024-08-11
Natan,Krauza,+48 996 925 187,Warsaw,Swietokrzyska 49/43,92042242043,2021-12-02,contract signing,2024-05-14
Ignacy,Maculewicz,+48 365 771 791,Poznan,Kroniki 85/29,72020813032,2021-08-07,contract signing,2023-03-01
Damian,Szram,+48 484 498 586,Poznan,Grunwaldzka 66/54,03050644943,2023-05-24,payment,2022-02-27
Apolonia,Tutka,+48 103 763 332,Poznan,Polwiejska 89/90,96111155829,2022-05-19,payment,2023-11-20
Artur,Sykut,+48 476 189 219,Gdansk,Swietego Ducha 35/86,71060909862,2024-10-29,payment,2022-12-26
Janina,Roskosz,+48 685 531 293,Krakow,Jana Pawla II 68/54,91102558175,2023-04-04,contract signing,2020-06-15
Mateusz,Friedrich,+48 498 954 712,Wroclaw,Aleja 1 Maja 22/88,92062552339,2023-04-06,payment,2024-09-28
Olga,Mleczek,+48 797 191 102,Gdansk,Aleja Jana Pawla II 53/91,00070103274,2023-12-22,contract signing,2021-08-02
Leon,Dyda,+48 321 164 666,Krakow,Mysliwska 90/10,80082502555,2021-10-07,payment,2023-05-22
Krystyna,Groborz,+48 507 731 319,Poznan,Wiosna 31/27,49100296207,2021-03-18,payment,2023-05-12
Anastazja,Jakubiuk,+48 876 373 125,Wroclaw,Czarnowiejska 38/76,75011065445,2020-03-05,payment,2020-05-20
Eliza,Szymula,+48 790 868 339,Poznan,Polwiejska 77/82,51081742514,2020-05-09,payment,2020-10-07
Tadeusz,Sochaj,+48 227 679 860,Warsaw,Nowy Swiat 82/38,47021166670,2022-02-03,payment,2024-03-04
Leon,Sobkiewicz,+48 553 828 164,Gdansk,Aleja Jana Pawla II 76/65,50101286278,2023-08-17,payment,2020-08-12
Kamil,Groborz,+48 705 867 909,Gdansk,Ostroda 95/8,60012339422,2024-01-04,payment,2021-03-03
Sara,Praczyk,+48 653 845 478,Gdansk,Abrahama 15/16,79021582619,2020-04-11,contract signing,2024-03-19
Liwia,Olma,+48 953 848 408,Warsaw,Targowa 82/66,92031401280,2021-01-05,payment,2020-11-09
Inga,Wolańczyk,+48 207 258 528,Warsaw,Inzynierska 82/73,48102039407,2022-07-10,payment,2022-07-16
Alex,Krywult,+48 818 328 601,Krakow,Lobzow 81/99,01092455897,2024-09-03,payment,2024-07-21
Roksana,Kaczan,+48 343 497 205,Krakow,Grodzka 67/46,01022064856,2022-08-21,payment,2024-10-17
Aniela,Biernacik,+48 968 281 977,Wroclaw,Obornicka 63/48,92120563969,2023-02-17,payment,2020-05-31
Ada,Dorynek,+48 328 193 886,Krakow,Wandy 58/26,66010176421,2023-03-27,payment,2023-06-05
Mieszko,Komander,+48 379 753 550,Gdansk,Dlugi Targ 80/25,99060997885,2024-11-29,payment,2024-03-10
Julian,Rykała,+48 642 668 878,Gdansk,Nowe Wrota 13/15,73080303457,2020-12-10,payment,2020-05-26
Apolonia,Cudzich,+48 160 464 793,Wroclaw,Mokotowska 100/91,71042656043,2023-03-11,payment,2021-08-22
Dominik,Wilma,+48 216 185 233,Wroclaw,Ziebicka 3/8,45102766036,2023-12-09,payment,2022-01-31
Julianna,Ograbek,+48 493 577 368,Warsaw,Swietokrzyska 9/92,63011679168,2023-11-02,payment,2024-03-27
Sebastian,Pędzik,+48 517 449 776,Gdansk,Wielki Mlyn 68/2,98111087483,2022-12-05,payment,2024-08-11
Sandra,Gramza,+48 907 566 184,Poznan,Wlasnosciowa 58/16,58010569967,2021-04-01,payment,2021-02-19
Tadeusz,Pajek,+48 139 648 486,Gdansk,Karpacka 67/38,77030191642,2023-05-30,payment,2023-06-20
Aniela,Poniedziałek,+48 986 977 443,Wroclaw,Piekarska 40/20,63091279267,2023-11-29,payment,2020-11-07
Maurycy,Mikłaszewicz,+48 836 529 617,Gdansk,Targ Weglowy 1/51,73010303412,2022-05-21,payment,2023-02-14
Julian,Wojciech,+48 803 958 253,Poznan,Czajkowska 85/100,40051993188,2024-01-19,payment,2023-11-17
Nicole,Drygała,+48 884 801 309,Warsaw,Stalowa 52/18,03080390175,2024-02-08,payment,2020-06-09
Kacper,Klucznik,+48 251 885 736,Poznan,Laskocze 56/86,48111420870,2023-06-23,payment,2024-06-10
Bianka,Elert,+48 953 905 987,Wroclaw,Osobowicka 84/7,97060241867,2021-04-20,payment,2020-07-16
Julianna,Miszkiewicz,+48 355 828 274,Gdansk,Jaskowa Dolina 85/18,68050808597,2022-04-27,payment,2022-02-24
Maurycy,Koterba,+48 268 542 525,Wroclaw,Olawka 67/23,59012672637,2022-10-17,payment,2021-12-13
Tomasz,Rzeszutko,+48 612 819 711,Krakow,Jana Pawla II 59/48,00111089167,2024-05-01,contract signing,2020-11-03
Norbert,John,+48 128 302 563,Gdansk,Aleja Jana Pawla II 81/63,56042898536,2022-07-01,payment,2021-08-17
Malwina,Pokusa,+48 938 632 595,Gdansk,Gdanska 83/97,78122892755,2024-11-21,payment,2023-01-01
Marika,Łyp,+48 718 159 798,Wroclaw,Hutnicza 81/48,80101473242,2023-09-08,payment,2023-07-26
Monika,Szymajda,+48 905 464 832,Krakow,Wielopole 51/86,50122325307,2022-10-02,payment,2023-08-31
Maurycy,Witan,+48 349 809 460,Gdansk,Rynkowska 49/21,44051656148,2024-06-02,payment,2023-09-24
Róża,Duchnik,+48 804 601 891,Poznan,Sienkiewicza 22/31,50120488673,2020-05-01,payment,2022-10-07
Witold,Tymczyszyn,+48 999 168 477,Wroclaw,Polan 42/64,05011047981,2023-07-11,contract signing,2020-11-22
Krystian,Cyba,+48 540 769 100,Gdansk,Karpacka 68/20,77010684591,2020-01-08,payment,2020-10-08
Natan,Jakóbik,+48 529 934 299,Warsaw,Stalowa 6/70,67102639479,2022-06-07,payment,2023-08-11
Angelika,Baumgart,+48 568 469 955,Wroclaw,Olawka 54/4,98092726449,2022-12-03,payment,2024-03-09
Marcin,Andrejczuk,+48 291 536 540,Warsaw,Sowinskiego 70/66,50040796674,2020-10-16,payment,2020-09-11
Julianna,Wisz,+48 556 357 324,Warsaw,Bialostocka 7/78,46070692402,2023-06-28,contract signing,2020-01-28
Kajetan,Lenc,+48 746 609 695,Gdansk,Polski Czerwony Krzyz 73/87,48042411785,2023-11-09,payment,2024-08-07
Agnieszka,Grycz,+48 789 595 599,Wroclaw,Ziebicka 48/20,44121346625,2020-10-15,payment,2023-07-13
Szymon,Kaletka,+48 731 264 175,Warsaw,Nowy Swiat 98/29,75112036005,2022-09-19,payment,2020-12-07
Błażej,Darłak,+48 765 303 579,Warsaw,Krasinskiego 61/85,72101150186,2023-09-17,payment,2023-11-03
Artur,Buk,+48 219 945 474,Gdansk,Podwale Staromiejskie 40/86,81100331492,2024-09-24,payment,2023-10-07
Konrad,Poreda,+48 352 435 789,Warsaw,Swietokrzyska 15/88,79110964227,2021-02-18,payment,2021-12-27
Łukasz,Tyka,+48 735 421 772,Poznan,Blazenkowska 20/8,85100441223,2021-08-30,payment,2020-03-23
Daniel,Jarosik,+48 822 562 244,Gdansk,Dluga 2/70,71100826322,2020-08-09,payment,2023-03-27
Karina,Dziadowicz,+48 350 762 291,Warsaw,Bialostocka 93/12,58030270207,2024-09-06,payment,2022-08-07
Aleksander,Tomaszkiewicz,+48 245 503 134,Gdansk,Podgorna 50/48,99092688715,2022-05-10,payment,2021-11-01
Franciszek,Ruchała,+48 876 719 496,Poznan,Czajkowska 75/96,92020742628,2020-11-19,payment,2021-04-22
Inga,Engler,+48 477 437 909,Wroclaw,Wroclawska 63/66,73031819530,2020-12-24,payment,2024-03-12
Ernest,Łyjak,+48 779 839 830,Warsaw,Limanowskiego 49/89,51070832167,2023-10-21,payment,2024-09-09
Adrianna,Rurka,+48 194 708 625,Gdansk,Morska 66/39,94052110224,2020-09-12,payment,2023-06-24
Hubert,Augustynek,+48 515 563 906,Wroclaw,Trzmielowice 67/71,91070903803,2021-12-25,payment,2023-12-06
Inga,Danisz,+48 766 728 809,Poznan,Poludniowa 13/9,95061370393,2020-10-10,payment,2024-09-18
Cezary,Chlebda,+48 835 420 192,Gdansk,Bociania 39/30,86042872968,2023-09-04,payment,2020-02-02
Julianna,Cis,+48 632 854 745,Gdansk,Bociania 66/9,65070745644,2020-05-23,payment,2023-08-07
Ernest,Piwowarek,+48 311 961 742,Warsaw,Chmielna 42/82,75030435201,2023-03-26,payment,2020-02-03
Łukasz,Kansy,+48 381 291 162,Krakow,Grodzka 88/51,50112360600,2022-11-28,payment,2023-01-29
Jeremi,Kopciuch,+48 591 670 938,Krakow,Jozefa 97/22,06082554378,2020-07-27,payment,2022-02-27
Kornelia,Przekop,+48 145 616 220,Wroclaw,Wroclawska 57/63,76081396563,2020-02-26,payment,2024-02-14
Rozalia,Prokopiak,+48 182 945 948,Poznan,Przybyszowska 98/25,52120973582,2023-11-29,payment,2022-12-27
Daniel,Ochal,+48 120 857 575,Wroclaw,Mokotowska 98/8,54112011436,2023-04-21,contract signing,2023-06-11
Konstanty,Korzeniak,+48 941 153 195,Gdansk,Podgorna 38/11,00111284968,2021-12-16,payment,2021-10-28
Ada,Mazan,+48 818 528 941,Wroclaw,Wroclawska 28/10,06121924573,2020-09-22,payment,2024-01-07
Marcel,Symonowicz,+48 757 356 739,Gdansk,Ostroda 16/11,44082051341,2023-07-27,payment,2021-01-20
Gabriel,Pindor,+48 822 263 909,Krakow,Krolowej Jadwigi 42/67,62010753433,2021-01-21,contract signing,2020-06-09
Sara,Pawełko,+48 945 109 634,Wroclaw,Polan 69/54,96112037018,2020-05-05,payment,2020-09-16
Klara,Grubba,+48 400 418 811,Warsaw,Klopot 39/87,54061847317,2024-03-24,payment,2022-12-10
Mikołaj,Wydmuch,+48 227 428 661,Krakow,Odrzanska 64/21,88122101856,2020-10-28,payment,2020-11-24
Malwina,Kukuczka,+48 125 136 757,Gdansk,Ostroda 33/68,62041151868,2023-02-27,payment,2022-05-17
Kamil,Bogdał,+48 644 358 101,Poznan,Zernickie 28/39,87011473959,2024-09-09,payment,2020-03-07
Oliwier,Żuberek,+48 922 384 395,Poznan,Garbary 84/47,82112387895,2021-12-18,payment,2021-06-11
Julianna,Szlachcic,+48 624 586 838,Wroclaw,Olawka 46/74,75081786783,2022-02-23,payment,2023-06-14
Anastazja,Bartocha,+48 378 907 611,Krakow,Kasprowicza 65/30,50041372217,2024-12-06,payment,2020-03-21
Eliza,Achtelik,+48 387 839 260,Gdansk,Swietego Ducha 38/25,70091731284,2020-10-28,payment,2023-10-14
Gabriel,Wichary,+48 212 525 160,Poznan,Gorzyslawa 13/83,86072810282,2024-02-08,payment,2021-08-19
Liwia,Jurczuk,+48 354 567 474,Poznan,Przybyszowska 44/90,75110454627,2024-10-26,payment,2022-03-13
Kornelia,Dawiec,+48 785 753 992,Poznan,Opolska 40/49,62091724340,2020-05-20,payment,2023-02-20
Mateusz,Budniak,+48 122 549 832,Poznan,Wiosna 41/84,62040838784,2022-11-27,payment,2024-04-15
Kaja,Cofała,+48 510 411 798,Warsaw,Stalowa 96/86,56092818186,2020-05-21,payment,2022-11-06
Ewelina,Ellwart,+48 227 896 672,Poznan,Laskocze 64/36,03061818300,2023-07-11,payment,2021-03-16
Ignacy,Dudzicz,+48 544 409 670,Warsaw,Pulawska 67/16,90092630153,2024-09-09,payment,2020-08-15
Maks,Gustaw,+48 537 874 451,Warsaw,Woronicza 62/74,00100144754,2022-12-29,payment,2024-04-13
Kalina,Baster,+48 332 782 861,Wroclaw,Legnicka 56/80,92021180960,2023-12-06,payment,2023-10-05
Tomasz,Wołodźko,+48 358 234 816,Warsaw,Jagiellonska 43/41,62012575671,2022-05-01,payment,2022-06-05
Michał,Gryga,+48 518 935 350,Poznan,Staroleka 12/85,48022801337,2023-08-13,contract signing,2024-03-31
Ewelina,Kusyk,+48 276 429 771,Krakow,Wandy 91/52,59101146227,2024-07-17,payment,2023-08-16
Klara,Folga,+48 443 126 163,Wroclaw,Legnicka 50/35,76041707028,2020-09-12,payment,2024-07-01
Elżbieta,Pera,+48 478 923 759,Krakow,Wiosny Ludow 10/62,43021037127,2023-12-17,payment,2021-06-05
Anna Maria,Młynarz,+48 389 124 161,Krakow,Lipowa 51/30,66102563881,2023-03-15,payment,2024-04-27
Julianna,Graj,+48 856 531 963,Gdansk,Podgorna 4/17,64082170969,2022-02-11,payment,2022-05-24
Karol,Bork,+48 470 314 782,Poznan,Garbary 39/35,65061106373,2020-10-19,payment,2020-05-04
Mateusz,Machniak,+48 917 797 408,Warsaw,Nowy Swiat 78/78,63011287758,2021-09-27,contract signing,2022-04-12
Anna Maria,Kukawka,+48 686 110 521,Wroclaw,Czarnowiejska 28/84,99091802628,2020-02-12,payment,2023-05-03
Daniel,Samulak,+48 117 542 893,Wroclaw,Mickiewicza 18/34,61031902404,2023-02-19,payment,2020-06-15
Ryszard,Kręcisz,+48 784 396 423,Wroclaw,Wroclawska 9/23,89060262913,2023-02-27,payment,2021-10-09
Kornelia,Amanowicz,+48 280 674 656,Warsaw,Inzynierska 4/81,65020147786,2023-11-27,payment,2021-02-23
Rozalia,Goska,+48 370 490 161,Poznan,Grunwaldzka 49/93,73070804056,2021-09-18,payment,2021-08-20
Róża,Bilewicz,+48 342 880 955,Poznan,Garbary 79/39,00042329299,2020-12-01,payment,2020-09-18
Alex,Wawszczyk,+48 548 855 880,Warsaw,Marszalkowska 97/23,73042765008,2022-03-27,payment,2024-05-22
Artur,Gortat,+48 622 103 277,Poznan,Przybyszowska 76/48,65112539172,2020-11-26,payment,2020-05-24
Agnieszka,Roczniak,+48 629 449 138,Warsaw,Batory 36/71,95071825368,2023-02-13,payment,2024-12-03
Olga,Kurda,+48 363 149 675,Krakow,Podgorki 89/16,79122310478,2024-12-17,contract signing,2023-09-06
Anastazja,Walusiak,+48 678 248 695,Wroclaw,Olawska 10/71,82071114044,2022-12-22,contract signing,2022-11-08
Dorota,Sobuś,+48 617 812 800,Gdansk,Nowe Wrota 82/97,72100972457,2023-11-28,contract signing,2021-02-17
Filip,Niećko,+48 407 929 998,Gdansk,Al. Grunwaldzka 37/22,00042633655,2020-11-29,payment,2023-04-19
Julian,Szmelter,+48 599 230 818,Wroclaw,Grabiszynska 28/68,89020673683,2024-10-04,payment,2024-06-09
Tomasz,Magryta,+48 135 756 336,Gdansk,Dlugi Targ 95/100,44031962672,2024-08-26,payment,2024-06-26
Olgierd,Hanke,+48 976 522 282,Krakow,Dluga 68/88,79061688500,2021-01-23,payment,2021-05-05
Urszula,Bacik,+48 777 343 907,Wroclaw,Ziebicka 99/4,90080677894,2023-10-18,payment,2023-02-27
Maksymilian,Kornet,+48 518 210 466,Warsaw,Rakowiecka 87/99,91012128435,2020-11-14,payment,2021-01-13
Aleksander,Ostręga,+48 109 512 472,Gdansk,Dlugi Targ 82/43,63020817645,2020-11-06,payment,2022-09-24
Fryderyk,Cieloch,+48 430 201 894,Gdansk,Dluga 99/74,52112029136,2021-01-29,payment,2023-10-28
Klara,Kajdas,+48 649 440 923,Wroclaw,Legnicka 46/30,64031289629,2022-10-20,payment,2023-08-02
Gaja,Kurpanik,+48 404 118 451,Poznan,Swiety Marcin 39/51,87110988000,2022-11-19,payment,2021-04-19
Oliwier,Danel,+48 160 163 748,Krakow,Plac Nowy 73/14,91100463802,2024-01-16,payment,2024-11-02
Stefan,Kudlak,+48 864 444 443,Poznan,Mikolajewska 32/49,76021829106,2024-08-09,payment,2022-10-20
Oliwier,Rychert,+48 284 506 902,Krakow,Chorazowka 7/53,95011033121,2020-10-18,payment,2020-10-23
Fryderyk,Pilich,+48 127 541 280,Gdansk,Podwale Staromiejskie 52/58,74092782096,2020-07-16,contract signing,2020-09-09
Blanka,Tutka,+48 903 690 984,Warsaw,Wilenska 21/62,55051067672,2022-03-04,payment,2024-03-21
Anastazja,Zaranek,+48 263 393 631,Gdansk,Zaspa 12/8,92070619006,2024-06-07,contract signing,2024-09-11
Fryderyk,Jasionek,+48 263 430 939,Wroclaw,Legnicka 98/87,40092052505,2024-08-17,payment,2021-12-28
Cyprian,Macheta,+48 937 985 444,Wroclaw,Aleja 1 Maja 76/89,94021569491,2020-09-20,payment,2024-11-16
Adam,Brachaczek,+48 556 691 568,Warsaw,Wilenska 82/53,40102348398,2022-03-11,payment,2022-12-28
Mariusz,Borysiuk,+48 335 852 547,Warsaw,Targowa 73/86,99070363423,2021-01-05,contract signing,2022-11-14
Aurelia,Suchenek,+48 197 450 185,Wroclaw,Katedralna 25/77,67101881600,2021-03-29,payment,2020-10-27
Damian,Opioła,+48 874 499 183,Wroclaw,Olawska 67/45,80101927253,2023-02-07,payment,2024-01-16
Norbert,Tyma,+48 313 145 994,Warsaw,Woronicza 34/48,52092162560,2020-12-10,contract signing,2024-02-08
Kacper,Proć,+48 845 834 521,Poznan,Kroniki 70/53,68022645429,2023-07-22,payment,2023-01-06
Ksawery,Gabryelczyk,+48 162 577 624,Gdansk,Swinoujscie 23/17,85041711720,2021-02-21,payment,2024-03-24
Kamila,Wiszowata,+48 933 461 502,Warsaw,Krasinskiego 59/26,49112481356,2021-02-12,payment,2023-06-03
Angelika,Gałaj,+48 984 511 507,Gdansk,Podwale Staromiejskie 70/13,06092770931,2020-09-02,payment,2024-02-08
Sandra,Żuberek,+48 373 139 348,Warsaw,Lechitow 44/69,84090670996,2020-08-11,payment,2023-01-09
Wojciech,Jędrak,+48 954 649 304,Poznan,Czajkowska 15/54,94080607662,2022-02-18,contract signing,2021-06-01
Maksymilian,Boryczko,+48 711 581 171,Krakow,Wandy 73/64,60052835083,2024-04-17,payment,2020-06-15
Tymon,Świt,+48 684 378 137,Krakow,Rzeszowska 81/26,67052190703,2024-07-18,payment,2024-02-24
Julianna,Rubaj,+48 883 406 835,Gdansk,Wielki Mlyn 85/28,53051309611,2024-08-30,payment,2021-10-17
Olga,Wiencek,+48 726 296 506,Krakow,Plac Nowy 74/40,73082312945,2021-09-21,payment,2021-01-14
Kalina,Siemek,+48 616 888 322,Poznan,Gorzyslawa 1/23,56112814170,2024-12-19,contract signing,2020-01-03
Marika,Niedbał,+48 237 266 930,Warsaw,Ludwika Rydygiera 98/30,85121071690,2021-03-24,payment,2023-09-12
Sonia,Ornat,+48 338 804 936,Krakow,Karmelicka 100/99,66022405054,2020-11-13,payment,2022-05-17
Blanka,Dąbrowicz,+48 807 930 699,Krakow,Jozefa 86/67,87112868159,2020-07-04,payment,2021-03-29
Dorota,Kozdra,+48 520 681 256,Poznan,Zernickie 83/7,67091069732,2021-10-30,payment,2023-05-03
Daniel,Strójwąs,+48 321 570 961,Krakow,Chorazowka 61/84,47062040728,2024-09-21,payment,2022-03-04
Angelika,Paździora,+48 471 360 235,Warsaw,Lechitow 7/80,56051350854,2020-09-26,payment,2022-08-22
Justyna,Słomiany,+48 858 817 633,Warsaw,Mlynarska 40/72,94111957120,2023-02-13,contract signing,2023-12-15
Julian,Gołota,+48 605 504 756,Poznan,Laskowicka 25/44,88020165765,2024-04-22,payment,2024-11-04
Antoni,Duszkiewicz,+48 976 876 381,Wroclaw,Legnicka 62/1,43112174544,2023-02-28,payment,2021-09-30
Lidia,Pogorzelec,+48 694 450 688,Gdansk,Nowe Wrota 59/17,80082427504,2023-05-08,payment,2022-06-08
Adrianna,Kieca,+48 816 753 666,Warsaw,Chmielna 54/10,03081280327,2022-12-28,payment,2023-04-23
Borys,Swiątek,+48 139 645 476,Wroclaw,Obornicka 36/27,43071527582,2024-01-08,payment,2022-10-11
Filip,Wilusz,+48 904 236 258,Wroclaw,Mokotowska 12/33,95051884011,2023-03-04,payment,2024-05-15
Krystyna,Kajdas,+48 997 777 401,Krakow,Plac Nowy 66/83,42041374177,2020-06-13,payment,2023-06-04
Kaja,Wandzel,+48 866 597 950,Wroclaw,Piekarska 53/5,98020750485,2023-11-16,payment,2023-10-14
Krystyna,Wac,+48 424 958 458,Krakow,Wiosny Ludow 93/58,68111028465,2022-11-14,payment,2023-11-09
Kacper,Konat,+48 721 204 493,Gdansk,Bociania 1/75,49022808799,2022-07-14,payment,2024-08-21
Franciszek,Stawinoga,+48 822 284 907,Krakow,Grodzka 13/60,91020682824,2023-01-23,payment,2022-07-20
Dariusz,Mojsa,+48 688 559 322,Krakow,Wandy 9/75,43040575620,2022-07-17,payment,2020-07-15
Sylwia,Pezda,+48 614 342 999,Gdansk,Swinoujscie 100/62,88072804843,2020-01-10,payment,2021-08-31
Igor,Rosada,+48 265 188 532,Warsaw,Marszalkowska 56/38,60040295684,2021-09-20,payment,2020-08-06
Natasza,Kośka,+48 616 971 849,Gdansk,Dlugi Targ 33/20,81031626012,2023-01-24,payment,2023-10-04
Dagmara,Goral,+48 225 319 709,Krakow,Rzeszowska 25/82,51120915718,2022-04-06,payment,2024-05-13
Marika,Mordak,+48 114 851 408,Poznan,Staroleka 27/29,83040786181,2020-05-19,payment,2023-04-16
Mateusz,Łapaj,+48 707 926 152,Krakow,Lobzow 6/54,42010256259,2024-11-25,contract signing,2024-11-30
Alex,Babij,+48 198 113 948,Warsaw,Jagiellonska 8/2,00072127036,2020-07-24,payment,2022-06-08
Hubert,Ochnio,+48 159 518 253,Warsaw,Zabkowska 41/25,63120649164,2022-02-02,payment,2022-05-24
Aurelia,Macioł,+48 410 215 705,Krakow,Jana Pawla II 71/8,95081756027,2022-09-11,payment,2023-04-07
Kalina,Chwedoruk,+48 800 798 302,Poznan,Grunwaldzka 58/24,42052146084,2021-09-28,payment,2022-11-07
Adrianna,Dybka,+48 319 180 720,Krakow,Chorazowka 79/24,91042210984,2022-08-02,contract signing,2024-10-17
Olga,Zięciak,+48 862 452 425,Krakow,Dluga 23/43,81032856175,2023-10-31,payment,2021-09-13
Elżbieta,Hankiewicz,+48 704 593 973,Wroclaw,Olawska 43/64,86031420178,2024-03-13,payment,2020-07-26
Eliza,Przewoźniak,+48 990 112 683,Gdansk,Trojmiasto 8/22,95110645832,2024-01-24,contract signing,2020-07-06
Paweł,Hampel,+48 576 728 191,Poznan,Przybyszowska 68/38,70021757616,2024-06-28,payment,2023-05-28
Borys,Rząd,+48 248 877 381,Krakow,Podgorki 94/15,65122281834,2021-07-21,payment,2022-07-09
Gaja,Paczos,+48 124 399 124,Krakow,Florianska 25/60,71092431203,2023-01-07,payment,2023-10-10
Marika,Meler,+48 702 827 941,Gdansk,Abrahama 85/17,69081449676,2023-05-20,payment,2021-08-18
Julianna,Bubak,+48 856 220 500,Krakow,Wandy 47/37,00021939903,2020-12-01,payment,2024-10-30
Ryszard,Szafarz,+48 117 766 371,Gdansk,Bociania 1/10,59102563036,2024-07-27,contract signing,2021-06-04
Mieszko,Lepka,+48 388 773 910,Poznan,Laskocze 75/12,91082238821,2021-08-10,payment,2021-12-17
Agnieszka,Gapys,+48 688 123 118,Gdansk,Dluga 72/67,99101074285,2021-06-13,contract signing,2023-04-27
Alan,Pytlarz,+48 256 642 430,Krakow,Swietokrzyska 65/53,77061464311,2023-04-08,payment,2023-07-25
Maciej,Częścik,+48 924 477 290,Krakow,Rzeszowska 66/73,44020593469,2024-10-06,payment,2021-06-14
Juliusz,Maculewicz,+48 426 113 101,Krakow,Rzeszowska 67/33,67121834709,2022-02-02,payment,2024-07-06
Agnieszka,Pietryga,+48 967 571 442,Warsaw,Lechitow 6/99,72090288118,2024-08-13,payment,2022-03-08
Gaja,Langiewicz,+48 463 436 378,Warsaw,Rakowiecka 86/93,62061781007,2020-03-09,payment,2020-10-22
Miłosz,Rudowicz,+48 308 215 764,Warsaw,Limanowskiego 99/78,97120940826,2020-10-01,payment,2022-11-06
Róża,Kobza,+48 242 824 935,Gdansk,Morska 53/36,04101366623,2024-10-03,payment,2021-12-27
Klara,Młot,+48 158 629 520,Gdansk,Polski Czerwony Krzyz 52/87,53022290717,2024-12-29,payment,2023-02-13
Dorota,Lato,+48 804 737 315,Wroclaw,Olawska 7/56,89061928830,2024-09-11,payment,2020-05-10
Dominik,Brygoła,+48 562 638 125,Wroclaw,Zaodrze 37/46,59080978220,2024-01-27,payment,2020-12-23
Daniel,Kołata,+48 715 881 802,Wroclaw,Sudecka 53/21,85122107998,2023-02-08,contract signing,2022-12-10
Adrianna,Jacak,+48 697 833 375,Poznan,Gorzyslawa 87/19,70102123161,2022-08-23,payment,2020-01-09
Adrian,Szram,+48 198 403 824,Gdansk,Podwale Staromiejskie 70/98,62052770001,2023-04-13,payment,2023-07-01
Kornel,Grund,+48 948 450 735,Gdansk,Targ Weglowy 100/55,45070192271,2020-04-14,payment,2021-07-29
Tola,Moryc,+48 278 594 189,Warsaw,Powisle 100/1,82020657668,2023-04-07,payment,2021-02-27
Ida,Bojczuk,+48 992 154 802,Poznan,Mikolajewska 53/3,82052094819,2024-05-25,payment,2020-12-02
Kalina,Ciepłuch,+48 695 126 835,Krakow,Chorazowka 56/21,81071745780,2022-06-23,payment,2020-08-27
Lidia,Dubis,+48 613 840 789,Poznan,Mikolajewska 58/79,42031690469,2021-10-08,payment,2021-02-02
Olga,Hamera,+48 280 215 602,Warsaw,Woronicza 86/2,81121860434,2022-02-03,payment,2021-06-12
Monika,Kryszkiewicz,+48 415 533 155,Wroclaw,Miejska 59/13,44072805819,2021-11-06,payment,2020-10-25
Jan,Sasak,+48 118 505 152,Gdansk,Dlugi Targ 62/35,98022273821,2023-02-21,payment,2020-09-10
Olga,Szurek,+48 889 282 561,Warsaw,Krakowskie Przedmiescie 62/3,66081393899,2020-08-20,payment,2024-11-24
Maksymilian,Kurpanik,+48 293 164 600,Gdansk,Rynkowska 30/15,84072055777,2020-03-03,payment,2022-08-19
Rozalia,Leszczyk,+48 186 408 126,Gdansk,Trojmiasto 84/22,49032173223,2024-03-15,contract signing,2024-12-10
Fabian,Fidor,+48 981 684 281,Warsaw,Limanowskiego 18/42,84112574316,2023-06-20,payment,2022-09-26
Kornelia,Jamroży,+48 351 129 586,Wroclaw,Obornicka 68/8,55102757668,2023-05-06,payment,2023-01-14
Adrianna,Szachniewicz,+48 974 336 166,Poznan,Blazenkowska 19/84,65030924425,2020-06-21,payment,2024-09-06
Stefan,Bodziony,+48 168 741 232,Gdansk,Polski Czerwony Krzyz 46/44,83092764803,2020-02-27,payment,2020-10-04
Dawid,Bork,+48 260 352 425,Krakow,Szeroka 3/99,69062339147,2022-01-02,payment,2023-10-16
Nicole,Dzieża,+48 928 143 515,Gdansk,Ostroda 19/5,73052084036,2024-06-19,payment,2024-05-06
Cyprian,Borejko,+48 898 246 501,Poznan,Zernickie 52/6,52122058883,2021-01-15,payment,2021-05-01
Urszula,Spychaj,+48 440 218 497,Poznan,Blazenkowska 74/66,73041619254,2023-09-05,payment,2021-10-12
Adrianna,Lizurej,+48 840 528 267,Poznan,Strzeszynska 78/65,51101000356,2021-06-19,payment,2020-01-20
Kacper,Proch,+48 103 605 661,Krakow,Jana Pawla II 7/58,72092300357,2023-12-21,payment,2023-05-24
Adam,Sąsiadek,+48 606 482 763,Wroclaw,Biskupin 42/85,56071203130,2023-06-10,payment,2020-01-04
Ada,Zaborek,+48 723 389 614,Wroclaw,Grabiszynska 75/64,68050384745,2022-05-06,payment,2022-03-18
Karina,Smagała,+48 657 266 324,Warsaw,Narbutta 26/1,62120648036,2023-12-11,payment,2021-10-21
Albert,Flisiak,+48 693 348 527,Warsaw,Chmielna 67/95,53080378264,2021-01-08,payment,2023-05-15
Sebastian,Jaje,+48 880 245 957,Warsaw,Narbutta 25/65,64011726737,2024-03-07,payment,2022-07-23
Bianka,Moździerz,+48 626 261 316,Wroclaw,Biskupin 29/47,99032579581,2024-03-28,payment,2020-06-07
Kaja,Glazer,+48 878 232 263,Wroclaw,Osobowicka 49/24,98030387330,2023-05-16,payment,2021-10-07
Aleksander,Drop,+48 311 872 532,Gdansk,Ostroda 68/97,42082126746,2022-04-06,payment,2024-03-30
Anita,Walasik,+48 716 273 424,Wroclaw,Ziebicka 56/52,96080833122,2022-02-28,payment,2021-12-19
Adrianna,Kamela,+48 595 712 872,Poznan,Laskowicka 59/95,02050325742,2024-10-07,contract signing,2023-04-16
Bianka,Idec,+48 632 571 848,Warsaw,Bialostocka 8/32,94021975375,2021-06-05,payment,2024-04-02
Rozalia,Zysk,+48 591 113 440,Gdansk,Wielki Mlyn 69/47,78020317903,2021-06-01,payment,2024-08-20
Maurycy,Majdak,+48 897 567 125,Poznan,Garbary 8/43,50062776708,2022-12-10,payment,2024-01-04
Krzysztof,Puła,+48 406 669 533,Poznan,Grunwaldzka 53/32,48081144606,2023-12-19,payment,2020-01-26
Rozalia,Dziugieł,+48 638 238 786,Krakow,Mysliwska 38/40,52071044803,2022-05-13,payment,2024-05-31
Tobiasz,Rudolf,+48 688 766 748,Krakow,Plac Nowy 33/17,55042103101,2024-02-02,payment,2021-11-16
Aleks,Barczuk,+48 838 638 427,Poznan,Kraszewskiego 81/3,40052210082,2023-04-14,payment,2024-05-06
Melania,Stypa,+48 959 506 865,Krakow,Podgorki 59/17,04022819792,2021-01-08,payment,2021-03-04
Maksymilian,Słysz,+48 290 775 796,Gdansk,Abrahama 81/52,58112537899,2020-07-12,payment,2024-02-11
Gustaw,Krzyk,+48 422 504 427,Wroclaw,Olawska 1/68,90070834311,2023-02-26,payment,2022-06-08
Dawid,Kubasiak,+48 713 559 185,Wroclaw,Zaodrze 43/97,86100469484,2020-03-25,payment,2021-07-05
Leon,Orzeszek,+48 260 554 447,Warsaw,Targowa 68/30,80090446670,2020-01-31,payment,2022-05-23
Marianna,Owsiany,+48 656 300 208,Wroclaw,Sudecka 85/21,84092068041,2021-11-28,payment,2023-03-10
Szymon,Wałaszek,+48 412 398 286,Gdansk,Alei Grunwaldzka 69/18,01042347801,2023-07-20,payment,2020-01-31
Tola,Pachla,+48 749 591 510,Gdansk,Ostroda 56/28,70012713625,2022-01-31,payment,2023-04-03
Natasza,Gmur,+48 785 427 168,Poznan,Polwiejska 32/37,60021630990,2021-05-14,payment,2024-08-12
Filip,Walenciak,+48 312 976 866,Krakow,Lipowa 65/33,61030834706,2020-10-06,contract signing,2021-01-13
Stanisław,Pietrusiak,+48 891 985 892,Wroclaw,Zaodrze 60/1,52072036559,2020-10-21,payment,2020-10-11
Urszula,Sugier,+48 945 909 597,Wroclaw,Swidnicka 28/84,02061230255,2020-08-10,payment,2022-12-13
Igor,Przewoźna,+48 984 650 243,Gdansk,Abrahama 23/47,52122410201,2021-05-15,payment,2020-03-28
Krystian,Chabior,+48 322 252 485,Poznan,Laskocze 59/93,53030565694,2021-08-28,payment,2021-07-04
Sebastian,Kudra,+48 112 794 524,Krakow,Swietokrzyska 78/11,45052393937,2021-11-10,payment,2021-10-26
Anastazja,Bryja,+48 974 305 457,Gdansk,Alei Grunwaldzka 42/12,55040988054,2021-05-15,payment,2021-11-19
Kornelia,Dreszer,+48 696 272 850,Gdansk,Piastowska 78/45,51092161135,2021-01-14,payment,2022-08-27
Ada,Olewniczak,+48 290 809 410,Warsaw,Woronicza 81/93,56111060831,2023-02-15,payment,2022-10-06
Anita,Bejma,+48 316 803 316,Krakow,Jana Pawla II 43/73,53011545572,2020-04-01,payment,2020-06-24
Franciszek,Kral,+48 724 738 664,Krakow,Odrzanska 38/12,84052516908,2024-02-07,payment,2021-11-30
Adrianna,Golczyk,+48 135 931 378,Krakow,Wiosny Ludow 21/24,94090642127,2023-11-09,payment,2020-03-07
Urszula,Goliszek,+48 225 405 453,Poznan,Dabrowa 53/24,94102444011,2024-08-28,payment,2020-06-28
Stanisław,Czajor,+48 854 831 831,Wroclaw,Obornicka 2/56,98040236079,2020-07-12,payment,2020-01-20
Norbert,Pazera,+48 379 534 534,Warsaw,Swietokrzyska 63/73,91082260365,2021-01-16,payment,2024-07-05
Adrian,Nagórka,+48 463 306 893,Wroclaw,Obornicka 13/78,45060301832,2024-11-18,payment,2024-11-20
Dominik,Strzała,+48 621 333 269,Wroclaw,Katedralna 30/54,01040184457,2022-05-01,payment,2022-10-04
Elżbieta,Sporek,+48 698 998 567,Wroclaw,Ziebicka 20/50,05032088480,2022-03-15,payment,2021-07-12
Ignacy,Białka,+48 439 692 658,Poznan,Staroleka 77/71,86010960938,2021-12-11,payment,2021-02-20
Urszula,Damian,+48 508 540 590,Wroclaw,Ziebicka 79/40,50101391037,2023-11-12,payment,2022-06-17
Leon,Sprycha,+48 369 591 449,Krakow,Mysliwska 100/83,65120904131,2024-09-29,payment,2022-03-06
Marika,Biernacik,+48 839 782 830,Poznan,Swiety Marcin 15/71,59122074839,2024-03-09,payment,2023-02-12
Olaf,Konstanty,+48 176 761 856,Gdansk,Dluga 62/57,94061905576,2024-05-21,payment,2023-12-10
Eryk,Cieniuch,+48 848 301 629,Gdansk,Rynkowska 76/70,49071653548,2024-10-20,contract signing,2021-07-15
Ksawery,Hinca,+48 572 253 780,Warsaw,Powisle 87/24,51101090926,2022-10-06,contract signing,2024-02-07
Damian,Rakus,+48 208 944 460,Gdansk,Zaspa 23/17,54121439935,2022-08-13,payment,2021-09-02
Stefan,Dąbkiewicz,+48 836 596 925,Wroclaw,Osobowicka 65/92,50051169959,2024-01-25,payment,2022-04-17
Maksymilian,Stachów,+48 699 981 371,Poznan,Gorzyslawa 21/57,68110910116,2024-03-10,payment,2020-08-18
Andrzej,Wąsiewicz,+48 681 478 547,Gdansk,Swinoujscie 66/37,48080953414,2020-03-06,contract signing,2024-06-24
Aleksander,Krzysiek,+48 904 956 166,Poznan,Sienkiewicza 49/25,47011273874,2021-03-02,payment,2024-03-04
Iwo,Falba,+48 763 478 894,Gdansk,Gdanska 73/67,90080916643,2020-02-13,payment,2023-06-06
Klara,Nowotnik,+48 199 174 109,Warsaw,Krasinskiego 75/1,59122469815,2022-11-01,payment,2024-08-30
Lidia,Pietrusiak,+48 209 596 351,Warsaw,Targowa 59/8,64112682675,2024-06-17,payment,2024-02-03
Ewelina,Giedrojć,+48 833 162 504,Poznan,Sienkiewicza 45/33,66051715809,2024-09-10,contract signing,2022-08-03
Janina,Klaus,+48 898 376 480,Poznan,Poludniowa 1/67,68022548258,2021-03-11,payment,2024-09-22
Bianka,Seweryniak,+48 380 733 676,Krakow,Chorazowka 31/27,64111367278,2024-09-22,contract signing,2024-01-24
Oliwier,Łodyga,+48 620 520 837,Poznan,Kroniki 72/59,75121728302,2023-02-01,payment,2020-01-20
Robert,Sałuda,+48 265 678 545,Krakow,Dluga 72/97,05032323617,2023-01-09,payment,2020-01-22
Elżbieta,Tomaszkiewicz,+48 488 758 794,Gdansk,Targ Weglowy 67/79,88120100628,2023-01-31,payment,2024-03-23
Błażej,Markiel,+48 631 661 786,Gdansk,Swietego Ducha 27/29,03070435697,2020-08-28,payment,2022-10-28
Nicole,Merchel,+48 138 918 119,Poznan,Garbary 75/40,62071077156,2020-01-06,contract signing,2024-01-14
Bianka,Poczta,+48 504 942 179,Warsaw,Woronicza 35/91,68030595970,2024-09-13,payment,2023-07-03
Kornelia,Biesek,+48 726 392 440,Wroclaw,Piekarska 23/74,01062595343,2020-08-30,payment,2021-06-01
Aleksander,Utrata,+48 720 620 400,Poznan,Pieciomorgowa 42/73,83121727283,2020-09-19,contract signing,2021-07-28
Miłosz,Komperda,+48 152 971 473,Krakow,Lobzow 50/82,45032375993,2024-12-26,payment,2023-05-19
Angelika,Fogiel,+48 312 799 331,Poznan,Dabrowa 2/9,57021184857,2023-01-21,payment,2024-09-21
Norbert,Glonek,+48 391 831 861,Wroclaw,Sudecka 61/58,49102711911,2022-10-14,payment,2020-08-29
Alan,Fołta,+48 940 212 439,Warsaw,Sowinskiego 23/50,02110265807,2023-06-24,payment,2023-06-29
Lidia,Solis,+48 677 464 998,Warsaw,Nowy Swiat 98/22,53042459918,2021-03-06,payment,2021-07-14
Michał,Połetek,+48 604 625 663,Wroclaw,Katedralna 70/93,56071182617,2024-09-06,payment,2020-09-07
Bianka,Osman,+48 490 757 987,Warsaw,Rakowiecka 88/96,05032639396,2021-12-30,payment,2023-12-22
Nela,Ćwierz,+48 955 420 192,Gdansk,Ostroda 25/15,49062789265,2023-07-25,payment,2024-12-03
Maks,Bryzek,+48 487 510 936,Wroclaw,Legnicka 34/65,91072126743,2023-09-26,contract signing,2021-02-21
Mikołaj,Łudzik,+48 516 649 642,Warsaw,Batory 82/79,47051751295,2021-11-15,payment,2021-03-19
Przemysław,Przeklasa,+48 291 151 764,Wroclaw,Rynkowska 99/59,45012678582,2023-02-02,contract signing,2021-04-27
Jerzy,Cheba,+48 592 908 656,Wroclaw,Obornicka 74/16,72011430318,2022-09-28,payment,2022-12-25
Nataniel,Sobuś,+48 316 907 330,Wroclaw,Olawska 57/30,99102673407,2023-12-20,payment,2022-03-22
Jeremi,Browarczyk,+48 268 830 168,Krakow,Jana Pawla II 100/33,42062162490,2024-07-12,payment,2021-03-31
Hubert,Kobel,+48 837 211 780,Gdansk,Karpacka 97/77,44110807568,2022-12-07,payment,2020-01-06
Ada,Siciarz,+48 500 553 402,Wroclaw,Aleja 1 Maja 32/63,51021761995,2023-12-08,payment,2020-06-09
Ida,Pakos,+48 382 471 209,Warsaw,Krakowskie Przedmiescie 93/51,95041602874,2024-02-14,payment,2020-04-05
Bartek,Żero,+48 343 759 365,Warsaw,Rakowiecka 49/8,01022483729,2024-01-31,contract signing,2021-09-27
Bruno,Sorbian,+48 895 724 855,Warsaw,Pulawska 88/45,77041200696,2023-09-09,contract signing,2022-06-06
Kamila,Mazepa,+48 302 624 724,Gdansk,Dlugi Targ 75/58,01052112477,2021-10-27,payment,2022-11-18
Konrad,Boruń,+48 869 396 377,Poznan,Opolska 8/20,74061756341,2024-01-12,payment,2021-01-07
Sonia,Szajda,+48 378 484 620,Krakow,Wiosny Ludow 20/57,64021974803,2020-10-11,payment,2020-09-06
Norbert,Kopa,+48 398 486 625,Wroclaw,Aleja 1 Maja 19/4,05030637815,2023-02-14,payment,2020-04-15
Bianka,Morcinek,+48 775 822 983,Poznan,Staroleka 94/47,97102372050,2020-01-18,payment,2024-06-25
Ida,Zeman,+48 289 154 978,Krakow,Wielopole 48/73,55062666017,2020-09-30,payment,2022-08-31
Nela,Paluszak,+48 518 597 374,Poznan,Pieciomorgowa 40/48,01052678834,2024-06-01,payment,2020-10-24
Jeremi,Walkusz,+48 310 490 109,Warsaw,Batory 23/78,44062381509,2020-06-05,payment,2021-05-31
Sylwia,Andruszko,+48 652 758 905,Gdansk,Aleja Jana Pawla II 92/46,72121130175,2021-07-15,payment,2020-02-17
Olga,Śnieg,+48 503 955 826,Warsaw,Nowy Swiat 27/62,63092297772,2024-11-30,payment,2024-01-15
Natan,Pilipczuk,+48 389 392 340,Krakow,Pieciomorgowa 62/98,74011010417,2024-01-08,contract signing,2021-08-13
Gustaw,Mzyk,+48 549 180 620,Warsaw,Krakowskie Przedmiescie 50/36,82082665045,2023-08-09,payment,2020-06-09
Robert,Piekara,+48 114 349 254,Wroclaw,Mickiewicza 15/38,45040615012,2023-06-20,payment,2021-05-27
Kalina,Banyś,+48 476 804 830,Warsaw,Zabkowska 60/12,00061236608,2020-08-06,payment,2022-05-28
Dominik,Małysiak,+48 704 868 797,Wroclaw,Aleja 1 Maja 50/64,66102275991,2020-01-06,payment,2020-07-22
Grzegorz,Żymełka,+48 480 492 904,Krakow,Chorazowka 6/61,56011143665,2022-05-09,payment,2023-09-23
Elżbieta,Wąsek,+48 201 247 694,Gdansk,Dluga 78/69,67080917028,2022-01-04,payment,2020-12-06
Urszula,Futyma,+48 878 419 943,Gdansk,Nowe Wrota 31/84,82082403232,2022-07-05,payment,2020-05-15
Konrad,Cop,+48 823 901 865,Gdansk,Bociania 74/8,63070742050,2020-05-08,payment,2020-10-04
Leon,Śleziak,+48 133 818 166,Krakow,Rzeszowska 78/93,73120364927,2020-03-23,payment,2021-10-26
Oskar,Konat,+48 232 569 794,Krakow,Wielopole 41/33,01111945086,2023-09-18,payment,2024-06-13
Tymon,Maruszczyk,+48 511 677 351,Warsaw,Rakowiecka 85/13,81022052082,2022-06-10,payment,2020-11-14
Oliwier,Bosek,+48 182 817 532,Poznan,Laskotelna 70/10,62071603757,2020-02-08,contract signing,2023-12-19
Anita,Hajdasz,+48 543 226 871,Warsaw,Marszalkowska 89/48,64061176063,2021-07-24,payment,2021-07-24
Arkadiusz,Frydel,+48 960 362 671,Poznan,Kroniki 83/100,46062509792,2021-01-03,payment,2024-02-22
Wojciech,Toborek,+48 572 855 817,Krakow,Chorazowka 56/81,88050853632,2021-10-22,payment,2023-03-30
Krystian,Chadaj,+48 238 375 222,Warsaw,Targowa 65/15,64090147533,2024-08-05,payment,2024-12-18
Malwina,Zastawny,+48 127 968 220,Wroclaw,Mokotowska 100/74,89101714096,2024-09-05,contract signing,2021-05-14
Natan,Krauz,+48 526 897 202,Warsaw,Nowy Swiat 13/60,72042865022,2020-10-25,payment,2023-11-12
Anita,Antończak,+48 736 873 128,Poznan,Wlasnosciowa 23/61,76031013744,2022-11-11,payment,2021-07-30
Franciszek,Ślimak,+48 445 991 710,Krakow,Lipowa 72/51,74071865792,2023-10-05,payment,2024-03-27
Bartek,Męcik,+48 507 828 957,Warsaw,Krasinskiego 85/56,51091383404,2021-01-15,payment,2023-01-16
Dariusz,Kłosowicz,+48 692 317 145,Wroclaw,Grabiszynska 10/60,42072208458,2021-02-13,payment,2023-09-23
Sylwia,Słoka,+48 231 791 544,Warsaw,Powisle 2/68,57082400374,2020-12-01,payment,2020-06-16
Adam,Ruszczak,+48 549 750 560,Gdansk,Trojmiasto 16/4,48080845799,2021-03-02,payment,2024-09-16
Anita,Bobik,+48 524 239 267,Poznan,Staroleka 100/29,41011516946,2022-04-21,payment,2022-10-15
Karol,Pacocha,+48 986 396 472,Gdansk,Wielki Mlyn 44/68,60031878896,2022-02-09,payment,2023-06-05
Miłosz,Irla,+48 188 299 713,Krakow,Wiosny Ludow 21/52,46030909638,2024-04-07,contract signing,2023-02-12
Agnieszka,Budzeń,+48 389 971 651,Krakow,Mysliwska 50/3,75062241320,2024-10-14,payment,2021-09-07
Sandra,Łukowiak,+48 625 189 254,Wroclaw,Trzmielowice 38/75,00092050064,2023-02-13,payment,2022-01-15
Leonard,Kozdra,+48 286 587 784,Wroclaw,Polan 39/72,56070394303,2022-05-26,payment,2021-11-15
Blanka,Zdziech,+48 391 583 689,Wroclaw,Rynkowska 2/25,57092637221,2020-12-25,payment,2022-04-13
Konstanty,Doliwa,+48 183 408 410,Gdansk,Al. Grunwaldzka 57/91,84032342921,2021-11-15,payment,2020-03-20
Aurelia,Danieluk,+48 945 389 806,Poznan,Tory 63/81,52021879563,2024-03-12,payment,2020-10-08
Michał,Kaja,+48 400 697 401,Gdansk,Alei Grunwaldzka 30/84,71081557134,2023-09-20,payment,2020-08-13
Iwo,Golon,+48 183 921 637,Poznan,Zernickie 69/52,61022825879,2023-03-23,payment,2022-10-07
Gustaw,Preś,+48 237 454 651,Poznan,Staroleka 41/62,51121168993,2024-05-25,payment,2024-11-20
Adam,Szafarz,+48 850 399 461,Gdansk,Targ Weglowy 24/87,59121852371,2020-09-05,payment,2024-07-10
Marcelina,Wenda,+48 250 836 365,Krakow,Kasprowicza 25/86,77061697041,2020-11-26,payment,2020-07-26
Ada,Ziegler,+48 889 779 426,Gdansk,Trojmiasto 36/18,68012785212,2020-10-15,payment,2023-05-03
Alan,Kala,+48 927 278 688,Wroclaw,Osobowicka 77/56,40062062932,2020-01-31,payment,2020-12-20
Róża,Hrynkiewicz,+48 807 681 332,Warsaw,Limanowskiego 59/89,41112492026,2022-02-02,payment,2022-08-20
Radosław,Kmak,+48 649 669 529,Krakow,Wiosny Ludow 67/62,83091252286,2022-03-17,contract signing,2020-04-09
Albert,Waloszczyk,+48 897 144 517,Wroclaw,Grabiszynska 75/22,79062412720,2021-10-19,payment,2023-10-11
Błażej,Pysz,+48 226 763 924,Gdansk,Wielki Mlyn 90/17,65060746385,2023-10-18,payment,2021-11-20
Ernest,Nieszporek,+48 823 403 838,Warsaw,Woronicza 17/87,64012274154,2021-12-07,payment,2020-09-23
Urszula,Dziadura,+48 428 701 791,Wroclaw,Hutnicza 97/98,49061841317,2023-08-18,payment,2021-11-30
Apolonia,Kominiak,+48 354 560 587,Poznan,Garbary 67/39,97060423324,2023-01-06,payment,2023-10-28
Marcelina,Krzywonos,+48 976 127 517,Krakow,Lipowa 42/42,76120383183,2021-08-01,payment,2020-12-07
Alan,Duszkiewicz,+48 408 460 975,Gdansk,Podwale Staromiejskie 32/80,79081106273,2022-01-28,payment,2021-03-10
Juliusz,Kuryłowicz,+48 287 748 653,Warsaw,Krasinskiego 41/1,59081127517,2022-03-01,payment,2022-09-06
Julianna,Jachna,+48 908 211 180,Wroclaw,Sudecka 21/78,76052387482,2024-02-19,payment,2024-09-05
Ignacy,Głownia,+48 562 327 888,Wroclaw,Mokotowska 68/75,52022416556,2022-09-06,payment,2024-12-13
Paweł,Groborz,+48 596 224 240,Poznan,Dabrowa 36/51,57070362521,2024-01-11,payment,2022-12-15
Mieszko,Gregorowicz,+48 857 978 331,Gdansk,Trojmiasto 94/81,67120533432,2020-04-02,payment,2021-09-14
Robert,Kretowicz,+48 290 194 420,Gdansk,Swinoujscie 80/100,41091152326,2023-04-17,payment,2021-11-18
Bartek,Zuziak,+48 370 865 732,Warsaw,Sowinskiego 89/28,76051607213,2024-04-11,payment,2024-04-13
Wiktor,Łuszczak,+48 150 633 708,Krakow,Grodzka 41/30,80052302671,2021-04-03,payment,2023-03-25
Alan,Fiutak,+48 569 366 804,Krakow,Lobzow 8/26,87011601783,2021-05-06,contract signing,2022-03-18
Kacper,Stypka,+48 924 858 238,Wroclaw,Legnicka 15/63,61041560861,2022-10-09,payment,2021-06-05
Damian,Prokopczuk,+48 234 871 320,Wroclaw,Piekarska 67/76,46102614879,2020-02-04,payment,2020-09-14
Krystian,Filek,+48 711 577 380,Warsaw,Mlynarska 81/96,62102053090,2020-05-22,payment,2023-04-09
Leonard,Cieciura,+48 486 464 996,Krakow,Odrzanska 47/61,49011182422,2023-01-07,payment,2024-01-15
Agnieszka,Ziegler,+48 823 787 507,Warsaw,Chmielna 96/76,49082235553,2024-09-27,payment,2021-05-21
Kalina,Dub,+48 700 297 627,Poznan,Strzeszynska 66/97,49011948514,2020-01-25,payment,2023-09-06
Mieszko,Flieger,+48 521 215 285,Poznan,Kroniki 89/60,02052786389,2024-11-18,contract signing,2020-01-31
Roksana,Dawidek,+48 504 684 343,Gdansk,Dlugi Targ 81/61,64062410335,2021-07-19,payment,2020-04-15
Marcelina,Kacperczyk,+48 637 111 440,Gdansk,Karpacka 62/45,90091774560,2024-12-21,contract signing,2021-07-26
Cyprian,Brejnak,+48 357 977 194,Krakow,Pilsudskiego 34/69,51061148806,2022-07-23,payment,2022-07-17
Leon,Dudkowiak,+48 653 390 971,Wroclaw,Miejska 76/19,64031624341,2020-01-22,payment,2023-10-10
Urszula,Korab,+48 702 635 819,Poznan,Dabrowa 67/61,73091762056,2022-09-21,payment,2020-08-21
Wiktor,Jargiło,+48 423 471 846,Wroclaw,Rynkowska 93/58,77101900861,2021-12-09,payment,2021-04-13
Kajetan,Żołądkiewicz,+48 388 197 739,Wroclaw,Hutnicza 48/81,75020239477,2020-08-19,payment,2021-05-28
Ksawery,Karpiak,+48 377 453 128,Wroclaw,Mickiewicza 72/72,58061662992,2022-03-16,payment,2022-06-02
Liwia,Szumna,+48 201 979 289,Warsaw,Batory 84/29,00032449031,2020-10-16,payment,2020-09-04
Juliusz,Sadlik,+48 745 946 982,Gdansk,Ostroda 77/43,52061081900,2024-05-25,payment,2023-08-15
Przemysław,Kostro,+48 561 366 733,Poznan,Blazenkowska 59/71,46082122047,2024-10-27,payment,2023-08-30
Adam,Bobel,+48 340 280 933,Gdansk,Piastowska 78/46,70100161439,2024-11-06,payment,2021-06-20
Sebastian,Petryk,+48 615 647 838,Wroclaw,Czarnowiejska 77/72,03081587608,2021-06-02,payment,2020-06-18
Tola,Zagozda,+48 669 695 909,Warsaw,Inzynierska 8/3,96022612352,2022-12-04,payment,2022-09-03
Agnieszka,Jarmuła,+48 906 874 603,Wroclaw,Polan 55/27,72112104185,2024-07-21,payment,2021-08-05
Miłosz,Portka,+48 633 563 714,Poznan,Dabrowa 8/21,64100917985,2021-08-04,contract signing,2021-01-08
Malwina,Glica,+48 510 128 702,Gdansk,Alei Grunwaldzka 97/75,77030626412,2023-12-22,payment,2022-06-19
Ewelina,Praczyk,+48 930 298 887,Warsaw,Krakowskie Przedmiescie 61/40,94010772248,2022-12-04,contract signing,2021-06-11
Sonia,Wojaczek,+48 219 742 189,Poznan,Grunwaldzka 61/95,92060486351,2024-09-23,payment,2021-12-07
Dagmara,Strzępek,+48 518 106 887,Wroclaw,Czarnowiejska 24/64,81080783843,2022-04-19,payment,2022-12-18
Bianka,Bas,+48 664 958 397,Wroclaw,Biskupin 62/64,82042362450,2024-07-13,payment,2021-03-31
Sylwia,Pawlos,+48 841 352 197,Wroclaw,Legnicka 84/66,97071363220,2024-01-06,payment,2022-09-19
Dagmara,Wojtalewicz,+48 234 778 471,Krakow,Krolowej Jadwigi 35/26,63050824488,2023-01-02,payment,2021-03-16
Piotr,Szywała,+48 514 137 573,Poznan,Blazenkowska 59/39,02062223407,2022-02-02,payment,2022-03-05
Tymon,Pyziak,+48 278 724 540,Wroclaw,Zaodrze 100/69,64071680226,2020-02-17,payment,2023-08-17
Maks,Tomaszuk,+48 581 452 794,Wroclaw,Polan 11/62,83101628810,2021-09-04,payment,2020-06-18
Stanisław,Dytko,+48 160 968 841,Poznan,Tory 61/72,49071377592,2020-07-23,contract signing,2020-03-17
Kamila,Bondaruk,+48 775 635 853,Warsaw,Sowinskiego 90/28,98070505202,2022-11-25,payment,2023-05-18
Radosław,Szmurło,+48 296 903 992,Wroclaw,Mickiewicza 8/18,90101813111,2023-10-01,payment,2022-04-03
Kaja,Goliszek,+48 709 233 864,Krakow,Wielopole 1/12,44042855040,2020-01-21,payment,2020-06-13
Nicole,Kozica,+48 674 472 325,Wroclaw,Zaodrze 90/83,80121742429,2021-08-17,payment,2024-09-04
Ryszard,Cukier,+48 546 210 485,Gdansk,Ostroda 71/80,95100620267,2020-10-23,payment,2022-10-15
Inga,Sporek,+48 823 586 186,Wroclaw,Zaodrze 35/95,88081003565,2020-08-21,contract signing,2024-12-31
Norbert,Dziarmaga,+48 214 528 168,Krakow,Szeroka 48/12,92010463791,2024-06-29,contract signing,2021-03-31
Fabian,Piekart,+48 975 543 990,Gdansk,Targ Weglowy 3/77,51110954732,2023-08-15,payment,2022-07-02
Krystyna,Pelka,+48 466 400 414,Poznan,Mikolajewska 52/29,78051358892,2021-12-11,payment,2021-04-02
Justyna,Szumiec,+48 141 173 756,Gdansk,Abrahama 92/79,72070726395,2023-01-02,contract signing,2023-06-28
Roksana,Dziduch,+48 503 572 112,Warsaw,Marszalkowska 32/3,97012424380,2024-01-05,payment,2020-04-27
Damian,Baster,+48 318 714 882,Warsaw,Inzynierska 87/35,96082678642,2023-06-30,payment,2024-06-30
Sylwia,Flisek,+48 757 779 662,Krakow,Jozefa 80/14,58090723251,2020-03-02,payment,2020-03-20
Ernest,Dudkowiak,+48 972 348 624,Warsaw,Jagiellonska 41/25,80110410052,2021-05-04,payment,2024-11-16
Wojciech,Tomaszuk,+48 462 911 363,Gdansk,Abrahama 26/11,68092044027,2020-08-14,payment,2021-06-21
Roksana,Budzeń,+48 192 458 384,Gdansk,Piastowska 1/32,80101388380,2020-10-21,payment,2022-03-07
Mikołaj,Wożniak,+48 979 857 990,Gdansk,Dlugi Targ 15/97,57122273357,2023-03-01,payment,2022-02-15
Gustaw,Rećko,+48 618 419 555,Poznan,Kraszewskiego 21/4,91031340737,2023-05-17,payment,2024-02-06
Melania,Malcharek,+48 178 321 751,Gdansk,Gdanska 3/54,91112881360,2020-02-24,payment,2022-09-15
Klara,Giersz,+48 336 126 710,Wroclaw,Legnicka 15/34,88121353216,2022-12-06,payment,2020-11-17
Julianna,Gill,+48 400 723 652,Krakow,Jana Pawla II 70/60,06111789113,2022-01-18,payment,2023-09-23
Szymon,Doktór,+48 603 813 417,Gdansk,Podwale Staromiejskie 64/30,86061532876,2021-03-01,payment,2024-03-08
Grzegorz,Orszulik,+48 296 257 607,Krakow,Odrzanska 39/70,73030376531,2021-04-19,payment,2024-05-03
Fabian,Ksel,+48 524 217 653,Gdansk,Gdanska 50/46,89091470866,2021-10-04,payment,2024-10-15
Nataniel,Zapiór,+48 709 380 589,Gdansk,Gdanska 84/46,97051136686,2020-11-25,payment,2021-02-21
Emil,Zyguła,+48 816 122 622,Krakow,Mysliwska 77/8,75021541045,2021-06-12,payment,2024-11-25
Sonia,Kopiczko,+48 133 248 245,Poznan,Strzeszynska 82/10,00030589193,2021-03-01,payment,2022-01-09
Tola,Ellwart,+48 508 253 530,Wroclaw,Biskupin 7/5,42051539588,2023-01-15,payment,2023-01-12
Fryderyk,Siejak,+48 548 693 124,Krakow,Dluga 17/58,67111210034,2022-06-06,contract signing,2022-07-09
Tymoteusz,Behrendt,+48 750 348 521,Warsaw,Batory 23/22,75082073459,2020-04-05,payment,2022-07-30
Miłosz,Zysk,+48 572 956 600,Wroclaw,Obornicka 64/14,43052886693,2023-10-24,payment,2021-07-06
Emil,Bogusiewicz,+48 240 385 720,Warsaw,Ludwika Rydygiera 20/57,69081686310,2024-07-09,payment,2022-02-20
Fryderyk,Szmagaj,+48 617 834 298,Poznan,Garbary 64/90,70091134728,2024-02-08,payment,2021-11-06
Krzysztof,Swatek,+48 863 568 859,Wroclaw,Olawska 23/11,84110326274,2024-07-13,contract signing,2021-09-18
Gaja,Wojsław,+48 732 368 470,Warsaw,Inzynierska 58/98,45031714726,2023-12-13,payment,2024-08-20
Nela,Zięcik,+48 599 641 704,Poznan,Pieciomorgowa 26/56,89090822916,2022-10-10,payment,2022-04-05
Albert,Domurad,+48 971 505 482,Poznan,Grunwaldzka 13/95,42071201582,2021-09-24,payment,2022-11-16
Agnieszka,Wziątek,+48 769 607 281,Warsaw,Marszalkowska 61/10,59122802269,2020-04-27,payment,2020-08-21
Kalina,Bociek,+48 375 224 468,Poznan,Kroniki 39/18,50120163909,2021-07-19,payment,2020-09-25
Bartek,Wichary,+48 586 609 521,Gdansk,Karpacka 47/24,04111372364,2023-06-10,payment,2023-10-22
Julita,Handzel,+48 719 889 480,Warsaw,Ludwika Rydygiera 60/15,89032281012,2023-05-22,payment,2024-09-21
Krzysztof,Doroszuk,+48 311 765 788,Krakow,Krolowej Jadwigi 12/30,94052465409,2021-07-05,payment,2020-09-15
Radosław,Kubisz,+48 467 241 795,Poznan,Kroniki 21/88,50110493878,2021-09-21,contract signing,2022-05-06
Kalina,Welenc,+48 196 843 238,Warsaw,Rakowiecka 66/20,76030838933,2024-12-08,payment,2024-06-24
Albert,Dworczak,+48 670 465 639,Wroclaw,Zaodrze 7/25,64122649725,2021-04-20,payment,2022-10-13
Nataniel,Wochna,+48 122 324 653,Krakow,Jana Pawla II 90/32,96010480129,2022-06-11,payment,2024-04-15
Adrian,Janowiak,+48 414 201 917,Gdansk,Jaskowa Dolina 4/54,98091713888,2021-07-31,contract signing,2021-04-08
Dominik,Wochnik,+48 983 660 671,Krakow,Aleja Roz 32/88,65031983469,2023-08-17,payment,2024-10-15
Monika,Podgórna,+48 814 504 141,Krakow,Jana Pawla II 89/95,06030242157,2024-11-05,payment,2023-02-03
Leonard,Świech,+48 970 524 511,Krakow,Mysliwska 49/78,95102061143,2023-05-23,payment,2022-02-09
Malwina,Kubów,+48 278 514 230,Poznan,Garbary 41/12,66101660626,2024-03-04,payment,2021-06-28
Szymon,Rabiej,+48 454 109 939,Wroclaw,Osobowicka 83/62,00091133564,2020-02-02,payment,2023-06-19
Jerzy,Irla,+48 557 393 524,Gdansk,Nowe Wrota 65/82,52032270586,2020-04-21,payment,2022-10-01
Bartek,Skrzecz,+48 711 977 520,Poznan,Strzeszynska 70/61,60071556105,2022-07-26,contract signing,2024-11-30
Krzysztof,Pokrzywa,+48 161 636 902,Krakow,Pilsudskiego 74/76,64021183434,2020-08-05,payment,2022-09-11
Borys,Barankiewicz,+48 703 638 101,Gdansk,Trojmiasto 47/4,74081506511,2020-03-10,payment,2021-12-28
Kamila,Kazimierczuk,+48 584 358 920,Warsaw,Targowa 37/65,76042448722,2024-07-16,contract signing,2020-03-22
Urszula,Wojaczek,+48 575 496 966,Warsaw,Chmielna 16/11,56102100203,2022-04-22,payment,2020-02-05
Konrad,Waniek,+48 971 189 125,Poznan,Opolska 1/72,88111828834,2023-11-29,payment,2023-07-14
Elżbieta,Majdan,+48 711 653 411,Poznan,Laskowicka 53/79,04042420578,2023-11-21,payment,2023-05-07
Julita,Żbik,+48 282 717 421,Wroclaw,Swietego Mikolaja 11/28,82090647549,2022-06-19,contract signing,2024-09-15
Kaja,Cyrulik,+48 524 694 154,Gdansk,Karpacka 85/73,48031097794,2023-06-18,payment,2022-10-03
Tomasz,Wojtalewicz,+48 320 635 620,Poznan,Polwiejska 3/65,96070648736,2023-04-18,payment,2024-08-26
Ida,Łyskawa,+48 214 761 724,Gdansk,Podgorna 97/76,05072478854,2023-02-23,payment,2023-01-04
Jeremi,Kurzac,+48 689 784 562,Poznan,Strzeszynska 98/46,51012336830,2022-07-25,payment,2022-03-08
Alex,Zbroja,+48 116 395 948,Gdansk,Al. Grunwaldzka 66/31,92070337290,2021-12-14,payment,2022-01-07
Ksawery,Wilusz,+48 265 376 893,Gdansk,Zaspa 12/39,75042145745,2022-12-07,contract signing,2024-09-27
Maks,Majerczyk,+48 578 765 502,Poznan,Czajkowska 71/62,06091028950,2023-12-05,payment,2022-11-21
Ida,Opas,+48 696 902 978,Warsaw,Sowinskiego 53/61,76042708943,2020-07-23,payment,2022-06-23
Liwia,Broncel,+48 258 672 441,Poznan,Opolska 52/9,90022297535,2020-06-30,payment,2021-01-12
Karina,Bok,+48 195 817 360,Wroclaw,Hutnicza 18/83,05080591525,2023-08-28,payment,2023-07-14
Filip,Koźlak,+48 806 801 108,Gdansk,Swinoujscie 54/34,05110795871,2021-10-18,payment,2022-10-27
Lidia,Bazylewicz,+48 386 887 331,Krakow,Centralna 39/8,60022258506,2023-05-26,payment,2024-07-31
Piotr,Doroz,+48 880 648 113,Gdansk,Jaskowa Dolina 81/58,72061978332,2024-05-19,payment,2023-05-13
Wiktor,Rogal,+48 479 523 681,Poznan,Strzeszynska 90/91,94121175952,2024-04-28,payment,2024-02-08
Mikołaj,Szałas,+48 643 543 765,Krakow,Centralna 26/93,01092231053,2021-05-27,payment,2021-02-20
Sonia,Mizgała,+48 285 626 764,Poznan,Mikolajewska 84/68,78091839247,2020-05-31,payment,2021-11-23
Miłosz,Szałata,+48 827 940 923,Gdansk,Wielki Mlyn 78/12,50071807400,2022-07-05,payment,2021-12-03
Krystian,Czerwionka,+48 194 682 439,Gdansk,Jaskowa Dolina 65/16,61030817666,2021-10-04,payment,2021-12-01
Borys,Puc,+48 955 398 932,Wroclaw,Osobowicka 90/52,93101654982,2023-02-27,payment,2022-03-15
Michał,Sędek,+48 589 101 471,Warsaw,Nowy Swiat 20/82,53111799301,2022-06-08,payment,2021-04-26
Maksymilian,Turoń,+48 371 781 141,Poznan,Garbary 49/79,63011368149,2021-12-25,payment,2024-07-12
Kornelia,Morgała,+48 426 573 653,Krakow,Szeroka 65/45,57021768253,2022-12-31,payment,2021-03-08
Tobiasz,Bekus,+48 337 843 994,Krakow,Pieciomorgowa 36/49,63082111156,2024-06-26,payment,2020-10-01
Michał,Szmuc,+48 885 411 270,Poznan,Blazenkowska 57/42,89031129955,2020-01-20,payment,2024-11-24
Dagmara,Jaszcz,+48 841 535 393,Warsaw,Woronicza 91/81,66071816632,2020-08-25,payment,2020-11-01
Ewelina,Sierota,+48 906 241 726,Wroclaw,Katedralna 64/71,49090100722,2023-01-07,contract signing,2021-06-09
Anita,Dudkowiak,+48 739 153 879,Wroclaw,Olawska 88/49,83111665643,2023-11-23,payment,2023-01-08
Sandra,Pietrusiewicz,+48 970 792 810,Gdansk,Podwale Staromiejskie 54/88,60031260053,2024-08-28,payment,2021-11-14
Witold,Walenciak,+48 438 789 472,Wroclaw,Ziebicka 30/67,98072460961,2024-05-28,payment,2020-04-25
Krystyna,Detka,+48 738 655 308,Wroclaw,Obornicka 92/87,57092805439,2021-06-27,payment,2020-05-20
Aleksander,Serwach,+48 254 824 258,Krakow,Krolowej Jadwigi 7/41,51112275448,2022-04-18,payment,2023-06-15
Gabriel,Jasina,+48 850 384 851,Gdansk,Podgorna 59/49,66111053670,2020-12-08,payment,2020-12-25
Sonia,Dworczak,+48 790 159 452,Wroclaw,Miejska 62/31,92060878020,2021-08-21,payment,2023-09-02
Błażej,Mętel,+48 210 933 329,Warsaw,Limanowskiego 96/56,79110311616,2023-12-26,payment,2021-01-08
Stanisław,Łyjak,+48 933 554 567,Warsaw,Ludwika Rydygiera 78/16,67041808192,2021-01-10,payment,2020-08-24
Filip,Zegar,+48 703 262 227,Poznan,Wlasnosciowa 3/63,70012143561,2024-10-25,payment,2021-08-12
Tola,Uroda,+48 623 527 807,Krakow,Swietokrzyska 14/95,75022696577,2021-10-06,payment,2024-12-04
Fryderyk,Dębosz,+48 724 931 164,Gdansk,Morska 92/50,44012146619,2023-11-24,payment,2023-11-14
Jan,Żero,+48 523 392 346,Poznan,Swiety Marcin 10/56,96071765759,2023-07-09,payment,2023-09-17
Rafał,Piguła,+48 235 306 779,Warsaw,Inzynierska 11/75,50120517487,2020-10-03,payment,2021-04-17
Róża,Gula,+48 884 559 861,Gdansk,Karpacka 58/37,89120708052,2024-10-22,payment,2021-07-21
Dariusz,Goliasz,+48 940 555 124,Wroclaw,Swietego Mikolaja 22/95,82112194570,2021-11-29,payment,2023-04-20
Albert,Furga,+48 703 393 866,Warsaw,Lechitow 19/49,54121927379,2024-10-01,payment,2022-08-15
Kacper,Szałas,+48 295 604 772,Wroclaw,Olawka 77/56,05031092594,2021-02-14,payment,2022-11-28
Alex,Zinkiewicz,+48 579 254 107,Wroclaw,Obornicka 80/26,49031537842,2024-11-29,payment,2024-12-14
Nela,Mycek,+48 189 355 780,Wroclaw,Olawka 88/77,59102162051,2022-01-02,payment,2021-01-29
Sylwia,Uroda,+48 352 509 633,Poznan,Mikolajewska 56/2,42051199519,2020-06-12,payment,2024-12-11
Oliwier,Gill,+48 443 357 888,Krakow,Lipowa 29/1,87010799960,2022-03-28,payment,2020-12-26
Konstanty,Furmankiewicz,+48 569 213 554,Wroclaw,Piekarska 98/3,05090195157,2023-07-11,payment,2020-08-27
Nela,Semik,+48 439 937 791,Krakow,Pilsudskiego 20/62,83090302982,2022-10-22,payment,2020-10-07
Justyna,Burnat,+48 918 679 886,Krakow,Lobzow 57/93,92082697854,2022-05-30,contract signing,2020-08-31
Stanisław,Kamyszek,+48 267 520 192,Wroclaw,Olawska 77/22,62051813080,2023-05-12,payment,2021-06-07
Liwia,Rompa,+48 164 744 396,Krakow,Lipowa 44/62,60030928660,2024-09-23,payment,2024-04-05
Dawid,Stochaj,+48 466 723 239,Poznan,Dabrowa 21/63,62110158958,2024-03-14,contract signing,2024-09-05
Nela,Pracz,+48 769 211 904,Wroclaw,Rynkowska 99/22,06020259019,2023-04-03,payment,2021-05-24
Aleksander,Świergiel,+48 396 807 551,Warsaw,Woronicza 86/23,99100537886,2023-02-06,payment,2022-02-17
Tomasz,Krysik,+48 492 649 259,Gdansk,Aleja Jana Pawla II 30/41,56121578067,2021-05-06,payment,2022-04-04
Sara,Matejczyk,+48 835 375 273,Gdansk,Karpacka 51/90,40041621084,2021-11-16,payment,2024-04-27
Leon,Chaba,+48 984 211 506,Wroclaw,Grabiszynska 6/29,96061100012,2024-07-16,contract signing,2023-09-11
Anna Maria,Leszczak,+48 150 239 429,Warsaw,Jagiellonska 52/50,41091777916,2023-03-20,payment,2020-01-26
Olaf,Durlik,+48 709 491 230,Warsaw,Chmielna 73/87,54012148061,2020-12-23,payment,2022-08-13
Szymon,Solarczyk,+48 920 773 991,Krakow,Odrzanska 91/55,69091550364,2023-11-13,payment,2022-12-22
Fryderyk,Twardosz,+48 660 301 841,Warsaw,Nowy Swiat 10/76,48122439506,2023-03-12,payment,2020-02-25
Nataniel,Hanusiak,+48 970 979 511,Wroclaw,Zaodrze 1/96,00110671848,2020-03-28,payment,2020-12-04
Janina,Małysiak,+48 287 563 112,Wroclaw,Swidnicka 66/38,70120128269,2023-10-27,payment,2021-11-02
Grzegorz,Hanusiak,+48 740 501 615,Wroclaw,Olawska 39/19,43010769332,2022-02-06,payment,2020-02-16
Kazimierz,Zbroja,+48 216 449 338,Warsaw,Inzynierska 56/60,91031475127,2020-06-09,payment,2021-07-20
Kamil,Samul,+48 295 238 769,Poznan,Polwiejska 23/37,73010499832,2020-04-25,payment,2023-10-28
Ewa,Maciejuk,+48 841 618 336,Gdansk,Alei Grunwaldzka 25/23,87050309983,2024-03-28,payment,2021-08-17
Tomasz,Brząkała,+48 888 806 720,Wroclaw,Hutnicza 21/80,53031834403,2020-06-13,payment,2021-03-10
Aurelia,Makurat,+48 668 248 668,Gdansk,Swinoujscie 48/5,67081213796,2023-05-31,payment,2023-10-20
Emil,Kretowicz,+48 970 102 152,Poznan,Kraszewskiego 40/72,60050817159,2020-04-15,payment,2023-08-07
Justyna,Labus,+48 526 506 128,Gdansk,Podwale Staromiejskie 57/60,03090318255,2024-04-20,contract signing,2023-06-01
Jerzy,Szpyt,+48 169 674 141,Poznan,Mikolajewska 67/59,58090572848,2020-04-19,payment,2021-02-06
Konrad,Sygut,+48 558 980 551,Krakow,Karmelicka 13/29,54040503142,2021-05-10,payment,2020-10-24
Antoni,Kolendo,+48 953 176 536,Warsaw,Lechitow 82/89,92111167840,2020-04-23,payment,2023-05-03
Olaf,Doroszkiewicz,+48 929 539 924,Gdansk,Al. Grunwaldzka 72/38,00082763679,2022-02-27,payment,2023-10-29
Fryderyk,Obuchowicz,+48 523 555 476,Poznan,Wiosna 65/96,93051963673,2024-09-06,payment,2020-03-27
Sara,Dubik,+48 255 525 627,Gdansk,Nowe Wrota 2/16,05030427931,2022-06-29,payment,2024-04-05
Norbert,Łusiak,+48 844 991 930,Poznan,Laskocze 81/40,70082145041,2024-01-17,payment,2021-02-26
Kornel,Łacina,+48 725 644 396,Gdansk,Abrahama 1/53,85022248681,2023-08-22,payment,2024-11-26
Nela,Rabiej,+48 120 268 375,Warsaw,Sowinskiego 32/75,44062297235,2024-03-22,payment,2023-05-27
Aleksander,Gruszczyk,+48 416 729 763,Wroclaw,Swidnicka 68/79,90091092350,2022-06-14,payment,2023-10-17
Agnieszka,Kieszek,+48 698 128 605,Poznan,Dabrowa 63/53,85040866896,2024-03-18,payment,2024-02-15
Rozalia,Ryszkiewicz,+48 654 999 499,Gdansk,Karpacka 16/74,97041704259,2024-02-11,payment,2024-08-17
Franciszek,Pajdak,+48 311 212 267,Poznan,Przybyszowska 33/26,74091189863,2024-01-07,payment,2024-08-31
Dominik,Brach,+48 695 676 476,Warsaw,Targowa 44/61,48120375028,2024-07-02,payment,2023-08-13
Filip,Leonowicz,+48 193 763 912,Wroclaw,Swidnicka 24/5,44061896954,2022-02-09,payment,2020-11-06
Julian,Bobrowicz,+48 865 519 556,Warsaw,Rakowiecka 41/46,73011194453,2023-05-22,payment,2020-04-06
Damian,Doroz,+48 666 241 376,Poznan,Strzeszynska 16/6,98090911409,2022-05-21,payment,2023-01-15
Igor,Dynak,+48 544 362 548,Poznan,Sienkiewicza 99/76,65070946588,2020-01-18,payment,2022-02-03
Damian,Szpala,+48 775 877 731,Gdansk,Targ Weglowy 8/19,88090200872,2021-01-02,payment,2022-12-20
Ewelina,Golus,+48 120 111 672,Gdansk,Al. Grunwaldzka 24/51,98121558931,2020-04-05,payment,2023-06-05
Krzysztof,Kandzia,+48 497 736 966,Wroclaw,Olawska 51/56,97030779071,2022-01-31,payment,2022-09-06
Eliza,Pastucha,+48 955 471 532,Gdansk,Gdanska 62/74,06122380253,2021-03-10,payment,2021-12-10
Kazimierz,Szóstak,+48 152 172 993,Poznan,Wiosna 28/63,60010702884,2020-11-01,payment,2021-10-02
Karol,Koman,+48 151 386 999,Warsaw,Rakowiecka 3/82,06042885566,2020-02-13,payment,2024-06-03
Jędrzej,Dziadkowiec,+48 972 460 254,Krakow,Rzeszowska 23/47,70051705094,2020-03-17,payment,2024-03-19
Krystian,Trojanek,+48 682 229 314,Warsaw,Woronicza 84/22,43080879148,2022-01-18,payment,2022-10-07
Jakub,Patoka,+48 652 496 297,Poznan,Czajkowska 98/21,50060472224,2021-08-03,payment,2020-11-11
Szymon,Jeżyna,+48 117 291 922,Gdansk,Bociania 18/65,91030239119,2020-12-05,payment,2022-04-26
Mikołaj,Szabla,+48 158 102 439,Wroclaw,Zaodrze 44/42,77110219224,2022-02-23,payment,2021-10-22
Piotr,Stoltmann,+48 874 725 489,Poznan,Wlasnosciowa 2/95,78062158140,2020-03-30,payment,2022-03-29
Eliza,Stelmasiak,+48 702 665 166,Warsaw,Woronicza 77/30,90020211728,2024-02-24,payment,2021-08-22
Eliza,Guzdek,+48 732 578 332,Warsaw,Krakowskie Przedmiescie 99/81,66052298695,2021-04-20,payment,2020-06-29
Nataniel,Sierota,+48 496 427 961,Poznan,Polwiejska 38/73,55010159507,2024-09-12,payment,2020-05-02
Paweł,Pysz,+48 614 151 276,Warsaw,Limanowskiego 25/33,58070609030,2022-05-28,payment,2022-07-02
Krzysztof,Mytnik,+48 490 790 638,Gdansk,Bociania 32/48,71041318371,2020-08-15,payment,2020-09-12
Kamila,Sztuba,+48 349 891 362,Poznan,Mikolajewska 16/71,49102009535,2024-06-19,payment,2022-09-06
Ernest,Ciuk,+48 219 468 958,Wroclaw,Olawska 98/44,48022430306,2024-09-30,payment,2024-04-10
Inga,Michel,+48 907 756 275,Poznan,Swiety Marcin 39/44,90041883403,2023-10-25,payment,2022-11-11
Jacek,Zawartka,+48 503 510 980,Wroclaw,Zaodrze 36/47,61100992013,2024-08-08,contract signing,2020-06-07
Aleksander,Tuzimek,+48 202 952 345,Krakow,Karmelicka 9/25,78102756338,2022-05-29,payment,2024-07-07
Tymon,Białasik,+48 363 992 881,Wroclaw,Olawska 60/69,91081844106,2023-08-23,payment,2024-12-17
Lidia,Bąkiewicz,+48 838 545 791,Gdansk,Piastowska 59/84,44122480740,2022-03-25,payment,2020-01-03
Ksawery,Kobak,+48 836 237 938,Krakow,Krolowej Jadwigi 66/24,88050375543,2020-10-08,payment,2024-09-20
Mikołaj,Kowalówka,+48 979 686 643,Krakow,Jana Pawla II 48/23,40031512732,2023-05-16,payment,2023-12-01
Łukasz,Andrejczuk,+48 655 879 512,Wroclaw,Sudecka 45/40,48102520905,2022-10-08,payment,2024-01-24
Radosław,Jarczak,+48 694 966 135,Wroclaw,Hutnicza 73/18,66121226808,2022-11-13,payment,2023-04-15
Nicole,Karwala,+48 510 711 642,Krakow,Podgorki 38/55,69110983032,2020-08-14,payment,2022-07-27
Damian,Andreasik,+48 233 338 217,Gdansk,Wielki Mlyn 88/36,52112880872,2024-05-14,payment,2020-09-25
Aurelia,Księżak,+48 646 796 156,Gdansk,Aleja Jana Pawla II 100/31,61020660348,2023-08-13,payment,2023-05-02
Albert,Kretek,+48 716 222 685,Wroclaw,Rynkowska 27/55,57112855200,2022-04-02,payment,2023-08-20
Leon,Obuchowicz,+48 856 906 340,Wroclaw,Piekarska 27/36,82112765215,2024-09-22,payment,2022-11-16
Anita,Szyndler,+48 893 218 272,Wroclaw,Mokotowska 23/84,88020208149,2022-12-08,payment,2024-09-19
Albert,Stefanik,+48 113 369 368,Wroclaw,Wroclawska 13/75,43112444898,2024-12-22,payment,2023-05-12
Iwo,Troka,+48 231 708 375,Krakow,Grodzka 50/4,76091840728,2020-12-17,payment,2021-07-27
Adrian,Pacyga,+48 180 983 755,Gdansk,Gdanska 13/54,99090159677,2020-03-12,payment,2024-04-22
Sara,Kozdra,+48 697 747 836,Wroclaw,Olawka 62/21,92051209644,2023-11-27,payment,2021-06-07
Justyna,Maron,+48 369 527 480,Krakow,Grodzka 4/71,99021054967,2020-09-15,payment,2020-03-02
Witold,Tatarczuk,+48 235 836 597,Krakow,Pilsudskiego 43/21,59111268810,2023-01-03,payment,2021-02-28
Daniel,Bystroń,+48 131 993 966,Warsaw,Woronicza 75/9,67061470366,2023-02-01,payment,2023-05-29
Tobiasz,Gumienna,+48 614 565 671,Gdansk,Podwale Staromiejskie 19/91,86082346139,2024-10-17,payment,2023-01-10
Ida,Swatek,+48 414 367 268,Gdansk,Gdanska 98/24,86050797453,2021-08-07,payment,2021-04-17
Dominik,Prawdzik,+48 794 113 651,Krakow,Lobzow 93/38,98032802204,2023-01-28,payment,2020-01-14
Marcelina,Suszka,+48 782 619 133,Gdansk,Rynkowska 56/5,46092014453,2024-08-28,payment,2023-09-22
Julita,Barej,+48 672 161 197,Gdansk,Trojmiasto 78/83,98030650489,2023-11-02,payment,2022-10-14
Rozalia,Chomik,+48 780 529 202,Poznan,Wlasnosciowa 53/20,48042739797,2024-09-26,payment,2022-09-30
Tymoteusz,Plich,+48 171 680 954,Poznan,Dabrowa 99/77,44072231287,2022-12-29,payment,2023-04-11
Kalina,Moczko,+48 198 129 776,Poznan,Zernickie 85/1,70121506992,2023-02-23,payment,2020-09-14
Leonard,Noculak,+48 519 404 708,Krakow,Podgorki 74/41,52072623937,2023-06-05,contract signing,2024-07-14
Julian,Kniaź,+48 683 708 979,Warsaw,Krasinskiego 95/24,66101970668,2022-03-25,payment,2024-01-23
Szymon,Gozdur,+48 227 271 278,Gdansk,Dluga 26/20,56062208614,2021-11-10,payment,2020-01-05
Julita,Szmagaj,+48 367 215 374,Gdansk,Swinoujscie 1/43,06052605019,2023-11-05,payment,2020-11-22
Nataniel,Ryznar,+48 217 477 820,Krakow,Szeroka 13/30,46040730086,2022-01-11,payment,2024-02-27
Marcin,Adamaszek,+48 202 649 682,Wroclaw,Czarnowiejska 33/97,51031970695,2021-08-27,payment,2020-12-02
Eliza,Heinrich,+48 934 600 652,Warsaw,Marszalkowska 66/57,40021616237,2020-04-04,payment,2024-03-05
Adrianna,Piłka,+48 466 393 298,Wroclaw,Katedralna 55/20,56082008636,2022-10-23,contract signing,2024-12-01
Gabriel,Siudek,+48 128 602 117,Gdansk,Gdanska 27/57,80110846369,2023-08-26,payment,2021-01-11
Inga,Zdonek,+48 794 774 609,Warsaw,Powisle 9/42,59050459364,2020-03-15,contract signing,2021-07-23
Liwia,Sadlak,+48 909 293 235,Warsaw,Pulawska 44/96,43020703186,2021-01-08,payment,2020-03-22
Alex,Bejm,+48 560 179 471,Poznan,Swiety Marcin 74/1,76031891100,2022-10-28,payment,2021-07-09
Maksymilian,Gawłowicz,+48 861 255 232,Warsaw,Narbutta 93/90,98061838159,2020-06-15,payment,2024-09-10
Malwina,Szmurło,+48 146 418 150,Poznan,Grunwaldzka 71/61,89010300427,2023-06-05,contract signing,2023-03-26
Aurelia,Sztuba,+48 730 110 154,Warsaw,Narbutta 70/18,82071660538,2023-01-28,payment,2022-09-04
Jerzy,Lisik,+48 432 224 274,Warsaw,Rakowiecka 25/72,79090901795,2023-07-06,payment,2024-08-07
Mikołaj,Turczyk,+48 488 227 182,Krakow,Plac Nowy 59/32,75042780805,2022-12-28,payment,2022-05-07
Anna Maria,Hejduk,+48 547 578 727,Gdansk,Polski Czerwony Krzyz 84/26,46050763195,2020-09-02,contract signing,2022-01-14
Tobiasz,Wudarczyk,+48 488 466 977,Warsaw,Chmielna 29/51,49081430454,2024-06-27,payment,2020-10-13
Nikodem,Muzyk,+48 999 351 147,Poznan,Laskotelna 88/86,59082271642,2021-04-19,payment,2023-09-08
Karina,Mućka,+48 569 156 157,Warsaw,Targowa 99/58,54010209601,2024-07-29,payment,2020-01-07
Robert,Kazana,+48 302 534 543,Warsaw,Chmielna 23/68,85050194673,2022-06-10,payment,2021-12-25
Eliza,Fryś,+48 520 578 471,Gdansk,Trojmiasto 54/39,78052005304,2022-09-27,contract signing,2020-11-08
Klara,Kowalówka,+48 386 151 203,Warsaw,Limanowskiego 11/56,69030976291,2021-04-02,payment,2020-09-23
Aurelia,Wężyk,+48 506 280 135,Wroclaw,Osobowicka 64/3,75011519968,2022-11-26,payment,2024-02-28
Cezary,Kornak,+48 614 387 195,Wroclaw,Olawska 28/59,44121727253,2021-07-04,payment,2023-02-12
Piotr,Dziedzina,+48 173 359 286,Gdansk,Aleja Jana Pawla II 55/43,77040188463,2024-03-21,payment,2021-01-10
Przemysław,Bernatowicz,+48 318 511 672,Warsaw,Krasinskiego 64/84,95021715769,2023-04-09,payment,2020-09-01
Aleksander,Sierżant,+48 582 827 833,Krakow,Jozefa 81/1,50030849692,2022-01-02,payment,2020-09-11
Witold,Figat,+48 377 771 767,Krakow,Odrzanska 31/6,56111293318,2021-02-15,payment,2020-11-13
Nicole,Feliksiak,+48 962 323 776,Poznan,Poludniowa 62/78,83011505164,2022-06-02,payment,2022-02-13
Inga,Ludwiniak,+48 742 447 169,Wroclaw,Wroclawska 2/93,85050736945,2022-10-01,payment,2024-01-14
Sonia,Bulczak,+48 635 603 756,Krakow,Aleja Roz 2/24,80102695021,2022-05-18,payment,2024-10-14
Maks,Posłuszny,+48 238 393 890,Gdansk,Bociania 2/81,53031420224,2022-09-25,payment,2020-01-11
Janina,Mikłaszewicz,+48 317 229 731,Krakow,Krolowej Jadwigi 14/48,85032534563,2023-11-16,payment,2022-11-09
Ewelina,Bosek,+48 743 370 806,Krakow,Mysliwska 32/72,40030370155,2023-09-05,payment,2024-06-09
Ewa,Kowara,+48 180 980 360,Wroclaw,Grabiszynska 78/7,55121297675,2020-04-26,payment,2022-08-02
Karol,Gmurczyk,+48 513 110 115,Wroclaw,Biskupin 52/71,75060497600,2022-12-02,payment,2021-01-10
Ewelina,Rećko,+48 538 314 208,Poznan,Przybyszowska 65/88,73030693269,2022-01-30,payment,2020-10-25
Sandra,Zbiciak,+48 521 783 705,Poznan,Swiety Marcin 76/51,47092421342,2023-12-27,payment,2021-03-29
Iwo,Gromala,+48 305 659 647,Gdansk,Targ Weglowy 28/86,88042129002,2022-02-01,contract signing,2023-03-16
Artur,Sierota,+48 567 574 528,Gdansk,Swietego Ducha 85/17,89050545798,2021-04-24,payment,2023-07-12
Julian,Nytko,+48 822 288 559,Gdansk,Wielki Mlyn 27/23,69111242138,2022-08-02,payment,2021-03-09
Maciej,Sygut,+48 215 475 987,Wroclaw,Hutnicza 14/47,70071641820,2023-07-27,payment,2021-03-30
Ksawery,Uryga,+48 438 224 664,Wroclaw,Legnicka 78/77,77080205603,2022-11-19,payment,2020-02-12
Patryk,Wałek,+48 833 449 652,Wroclaw,Trzmielowice 73/99,63041492630,2023-02-23,payment,2022-11-18
Kamil,Pawlonka,+48 166 813 586,Wroclaw,Sudecka 68/6,63112690464,2022-01-14,payment,2020-08-14
Alex,Skomra,+48 823 799 325,Warsaw,Klopot 31/52,68011204718,2024-04-19,payment,2021-09-18
Aurelia,Laszuk,+48 259 433 297,Krakow,Centralna 25/4,77062087656,2020-07-24,contract signing,2022-01-05
Patryk,Stypa,+48 915 989 741,Gdansk,Rynkowska 81/95,64012887817,2024-06-12,payment,2023-09-11
Krystyna,Sus,+48 720 344 146,Warsaw,Swietokrzyska 13/79,75060505370,2020-05-04,payment,2024-02-26
Natan,Swiątek,+48 560 268 324,Wroclaw,Olawska 88/9,45092796185,2021-12-30,payment,2021-06-25
Julianna,Rozum,+48 875 128 890,Poznan,Zernickie 95/81,58082270156,2020-04-01,contract signing,2022-02-08
Marcin,Sąsiadek,+48 228 974 398,Poznan,Staroleka 23/22,91061922080,2024-09-28,payment,2022-12-18
Adrianna,Bąbel,+48 969 346 494,Wroclaw,Trzmielowice 81/47,69010229885,2020-04-04,payment,2024-01-06
Lidia,Mikłaszewicz,+48 533 452 382,Gdansk,Rynkowska 61/99,56030468080,2022-03-11,payment,2021-10-19
Blanka,Pogorzelec,+48 643 738 912,Krakow,Krolowej Jadwigi 28/41,59022272470,2022-01-25,contract signing,2020-06-27
Maksymilian,Kiwior,+48 403 640 103,Wroclaw,Mokotowska 100/75,02112043049,2024-01-26,payment,2020-11-23
Sandra,Tabak,+48 194 414 635,Krakow,Centralna 35/26,76082339727,2021-09-13,payment,2024-12-26
Andrzej,Płaneta,+48 408 455 736,Krakow,Florianska 36/14,90030679594,2022-05-20,payment,2023-09-19
Bianka,Nocek,+48 388 499 188,Gdansk,Bociania 36/4,52060321645,2023-01-28,payment,2020-02-22
Agnieszka,Naumiuk,+48 658 158 523,Krakow,Grodzka 69/12,42042880293,2022-08-30,payment,2020-12-02
Anita,Pałyga,+48 441 953 582,Warsaw,Wilenska 59/5,87111519261,2023-07-15,payment,2021-02-21
Juliusz,Kijanka,+48 418 388 279,Wroclaw,Sudecka 83/15,49071800544,2023-05-20,contract signing,2022-09-01
Karol,Komuda,+48 791 985 263,Gdansk,Swinoujscie 45/2,47100335096,2022-06-05,payment,2021-02-22
Bruno,Szczesiak,+48 273 958 441,Gdansk,Podgorna 93/48,66050706235,2023-11-03,payment,2022-06-25
Natasza,Flisek,+48 417 120 440,Krakow,Dluga 12/6,98011483545,2022-06-20,payment,2020-05-03
Ida,Koziatek,+48 339 922 596,Gdansk,Gdanska 30/1,97060785165,2021-04-09,payment,2020-12-05
Cyprian,Handzel,+48 204 485 448,Warsaw,Rakowiecka 7/55,04051476397,2021-12-17,contract signing,2020-03-14
Adrianna,Stupak,+48 599 253 855,Krakow,Jana Pawla II 91/73,98030878050,2020-03-30,payment,2022-07-19
Olgierd,Plewnia,+48 889 772 243,Krakow,Jana Pawla II 81/94,96081685766,2021-06-23,contract signing,2020-06-05
Blanka,Kononowicz,+48 827 725 176,Krakow,Wiosny Ludow 19/63,95060878335,2024-12-30,payment,2020-09-18
Blanka,Kociemba,+48 779 531 716,Gdansk,Piastowska 93/3,95052681969,2023-02-08,payment,2020-11-07
Anastazja,Ernst,+48 327 468 439,Krakow,Lobzow 67/21,42102001545,2022-09-08,payment,2022-07-23
Patryk,Soczówka,+48 129 222 669,Poznan,Zernickie 99/57,76021398347,2020-05-14,payment,2023-01-05
Daniel,Minkina,+48 533 267 121,Krakow,Grodzka 3/39,90041743060,2021-08-03,payment,2024-06-12
Dominik,Saj,+48 671 353 954,Wroclaw,Olawka 78/63,04091550488,2023-01-29,payment,2023-12-31
Cezary,Bejger,+48 592 736 543,Krakow,Podgorki 22/78,57032766459,2021-10-22,payment,2023-01-06
Andrzej,Lisik,+48 224 457 682,Wroclaw,Legnicka 42/83,49042469112,2022-01-09,payment,2020-06-10
Ada,Giża,+48 334 559 839,Poznan,Laskocze 29/67,50120466378,2023-01-23,payment,2020-10-31
Daniel,Turoń,+48 291 194 865,Gdansk,Gdanska 83/75,49011610844,2024-10-04,payment,2023-02-18
Sonia,Ciuk,+48 755 212 733,Warsaw,Targowa 18/97,02032493300,2021-10-28,payment,2021-12-05
Urszula,Maćków,+48 817 902 448,Krakow,Florianska 60/32,70092793597,2020-07-28,payment,2023-09-24
Daniel,Kurzyna,+48 469 213 362,Wroclaw,Trzmielowice 43/32,04042265663,2023-05-29,payment,2021-09-10
Mikołaj,Dzieża,+48 287 628 103,Wroclaw,Biskupin 70/16,64062149158,2024-03-27,payment,2023-09-08
Robert,Miękina,+48 754 192 884,Warsaw,Woronicza 100/55,71081393657,2020-02-18,payment,2024-04-03
Mieszko,Wojtiuk,+48 950 950 492,Warsaw,Limanowskiego 72/56,59082752079,2022-09-02,payment,2024-09-11
Alan,Legutko,+48 233 560 383,Krakow,Karmelicka 43/99,57051188939,2023-03-14,payment,2023-12-05
Nikodem,Piotrkowicz,+48 653 493 684,Wroclaw,Sudecka 96/67,45050470432,2021-05-11,payment,2021-03-06
Ada,Choroś,+48 667 405 855,Gdansk,Gdanska 55/68,79102686269,2020-09-05,payment,2024-04-15
Mariusz,Semenowicz,+48 301 751 891,Poznan,Zernickie 20/93,91092748455,2024-12-19,payment,2023-08-30
Konstanty,Leszczyk,+48 542 845 150,Poznan,Kraszewskiego 27/80,76100193692,2023-08-09,payment,2024-12-07
Cyprian,Leonowicz,+48 148 452 253,Krakow,Grodzka 5/92,88051924302,2022-12-01,payment,2024-10-01
Gaja,Paszkowiak,+48 681 381 582,Poznan,Tory 71/21,57041507337,2021-08-09,payment,2023-11-10
Sylwia,Rajch,+48 718 429 478,Gdansk,Piastowska 27/17,85011349412,2022-11-07,payment,2022-11-12
Alan,Wasyluk,+48 109 899 620,Wroclaw,Miejska 88/89,67062537121,2020-04-08,payment,2023-04-07
Marianna,Kałwa,+48 845 416 441,Gdansk,Zaspa 40/44,64122583137,2021-12-07,payment,2023-06-14
Sylwia,Kopczyk,+48 419 648 629,Wroclaw,Mickiewicza 48/22,52092584054,2023-05-02,payment,2020-03-24
Maks,Gołas,+48 965 433 264,Krakow,Pieciomorgowa 39/88,74091884201,2020-12-29,contract signing,2023-11-20
Inga,Baumgart,+48 439 952 106,Gdansk,Alei Grunwaldzka 97/35,77041619504,2024-11-05,payment,2022-08-26
Tymoteusz,Durma,+48 180 478 745,Warsaw,Wilenska 91/68,66081380954,2024-06-28,payment,2022-11-04
Rozalia,Smolorz,+48 871 367 908,Warsaw,Zabkowska 64/52,64012520170,2021-03-04,payment,2020-06-28
Mikołaj,Chłąd,+48 644 121 891,Warsaw,Inzynierska 40/77,02101007997,2022-03-06,payment,2024-04-25
Kamil,Rajtar,+48 173 188 856,Poznan,Zernickie 23/87,67102427302,2022-11-16,payment,2022-03-18
Maurycy,Klinkosz,+48 157 246 754,Krakow,Jozefa 95/37,47101793587,2024-04-26,contract signing,2021-11-10
Michał,Kubanek,+48 339 538 775,Krakow,Jana Pawla II 48/76,59062432582,2021-10-21,payment,2022-01-05
Kazimierz,Mulawa,+48 791 652 321,Warsaw,Klopot 20/7,88062371890,2023-06-16,payment,2022-11-27
Tola,Nyk,+48 325 643 179,Krakow,Jana Pawla II 90/10,54042482672,2020-01-15,payment,2023-09-29
Jacek,Roda,+48 632 270 700,Warsaw,Bialostocka 95/30,49091248292,2021-03-23,contract signing,2022-09-14
Nela,Darul,+48 992 684 831,Gdansk,Zaspa 25/70,66051847081,2020-01-07,contract signing,2021-11-17
Kornelia,Cich,+48 160 721 439,Warsaw,Inzynierska 75/19,82112480253,2022-11-10,payment,2022-09-14
Lidia,Kurant,+48 178 792 369,Gdansk,Podwale Staromiejskie 55/48,69070125842,2021-01-12,payment,2021-02-22
Damian,Kułach,+48 297 318 377,Warsaw,Ludwika Rydygiera 82/18,53030875278,2021-08-14,payment,2020-03-08
Ida,Małocha,+48 649 345 788,Wroclaw,Polan 52/74,00101004792,2023-10-25,contract signing,2020-01-19
Krystyna,Gałaj,+48 791 270 626,Gdansk,Podgorna 65/86,83112841868,2020-08-18,payment,2020-10-03
Agnieszka,Galik,+48 864 597 155,Wroclaw,Rynkowska 22/74,03020143159,2024-12-03,payment,2022-02-16
Sebastian,Burzawa,+48 770 423 402,Warsaw,Sowinskiego 95/10,53042214221,2024-08-01,payment,2022-01-06
Krystian,Hrabia,+48 905 851 992,Warsaw,Inzynierska 61/46,48122275982,2021-01-07,payment,2021-05-13
Justyna,Łudzik,+48 140 761 491,Warsaw,Marszalkowska 11/19,65062261921,2022-07-23,payment,2024-12-21
Elżbieta,Kidoń,+48 818 388 374,Gdansk,Al. Grunwaldzka 46/96,84091148739,2020-02-26,contract signing,2021-07-15
Julita,Juras,+48 201 428 927,Gdansk,Ostroda 71/93,78050127264,2023-05-06,payment,2020-12-11
Alex,Buczko,+48 484 218 728,Wroclaw,Trzmielowice 4/91,59081713475,2020-05-17,payment,2021-06-18
Alex,Fuławka,+48 725 895 874,Krakow,Wiosny Ludow 9/98,47042631481,2022-01-27,payment,2023-08-04
Juliusz,Troć,+48 257 230 147,Warsaw,Swietokrzyska 77/11,70092866703,2023-07-05,payment,2023-03-24
Sara,Miodek,+48 666 752 277,Krakow,Kasprowicza 19/34,85032364674,2024-12-20,payment,2021-08-21
Justyna,Roj,+48 610 366 203,Wroclaw,Mokotowska 77/78,50032341369,2023-04-17,payment,2022-12-26
Ada,Chaber,+48 331 256 215,Wroclaw,Swietego Mikolaja 81/68,78040695038,2023-03-13,payment,2023-02-08
Alan,Jambor,+48 123 965 114,Wroclaw,Osobowicka 90/43,74040429558,2023-08-06,payment,2022-10-21
Jan,Sadza,+48 186 436 188,Poznan,Zernickie 97/98,94021435309,2022-01-17,payment,2022-10-08
Adrianna,Kucewicz,+48 611 197 644,Krakow,Rzeszowska 73/19,95120322963,2022-05-31,payment,2023-03-23
Rozalia,Sobel,+48 349 832 373,Gdansk,Podwale Staromiejskie 19/38,61072250913,2023-11-13,payment,2022-01-01
Adam,Ciarka,+48 559 911 893,Wroclaw,Osobowicka 73/3,93041940130,2021-11-01,payment,2021-02-05
Olga,Misiarz,+48 416 817 835,Poznan,Staroleka 8/9,64120274921,2020-07-13,payment,2024-07-01
Olgierd,Hawro,+48 396 378 570,Gdansk,Aleja Jana Pawla II 48/86,44011452900,2021-04-21,contract signing,2020-03-03
Rafał,Głuszko,+48 501 261 340,Poznan,Kroniki 31/15,65070979900,2022-02-03,payment,2022-11-11
Adrianna,Gryta,+48 255 876 789,Poznan,Polwiejska 61/43,81080975402,2022-04-15,contract signing,2021-01-23
Blanka,Broś,+48 886 800 504,Gdansk,Podgorna 74/89,01101088698,2021-12-03,payment,2020-12-15
Emil,Gajownik,+48 680 914 147,Poznan,Blazenkowska 18/17,81020502428,2023-05-26,payment,2022-02-03
Angelika,Grupa,+48 402 898 214,Krakow,Kasprowicza 92/72,69082782756,2023-05-26,payment,2024-02-27
Marcelina,Pronobis,+48 452 714 680,Wroclaw,Miejska 74/26,79061661798,2022-06-03,payment,2024-01-21
Dagmara,Lepa,+48 418 339 142,Gdansk,Piastowska 20/86,77091427339,2022-11-25,payment,2024-11-17
Angelika,Dytrych,+48 452 857 933,Gdansk,Karpacka 92/32,95021493692,2024-12-04,payment,2024-06-05
Aleksander,Gasz,+48 858 858 520,Poznan,Laskowicka 25/52,86060644244,2023-10-26,payment,2020-12-20
Rozalia,Gąsienica,+48 817 210 936,Krakow,Jana Pawla II 31/82,77052411274,2024-05-13,payment,2020-01-17
Jędrzej,Dynia,+48 129 735 376,Poznan,Tory 1/72,51091033828,2021-07-16,payment,2020-02-08
Błażej,Namysło,+48 761 536 386,Warsaw,Bialostocka 83/18,05022620256,2022-11-12,payment,2020-05-31
Robert,Famuła,+48 953 283 219,Poznan,Tory 88/72,83022116016,2023-08-17,contract signing,2021-12-21
Adrianna,Grygo,+48 605 981 223,Wroclaw,Rynkowska 35/21,89050446853,2024-07-04,payment,2021-07-11
Gaja,Pachołek,+48 784 568 292,Poznan,Laskocze 55/35,43122545781,2020-11-21,payment,2020-04-29
Dagmara,Słysz,+48 337 282 519,Krakow,Krolowej Jadwigi 83/79,74062670213,2024-10-12,payment,2023-03-09
Marika,Cieplucha,+48 335 343 151,Krakow,Jozefa 76/45,72032346335,2024-03-08,payment,2022-12-02
Tomasz,Bodek,+48 764 699 948,Warsaw,Batory 75/64,47060755451,2023-06-28,payment,2023-01-30
Leon,Rejek,+48 240 130 917,Warsaw,Sowinskiego 21/53,55111118834,2022-05-15,payment,2021-09-21
Karol,Godyń,+48 665 661 212,Gdansk,Jaskowa Dolina 57/10,44072702147,2024-05-08,payment,2022-04-26
Miłosz,Ryszkiewicz,+48 306 871 539,Wroclaw,Biskupin 16/14,91012044935,2021-01-17,payment,2023-09-14
Jeremi,Wawrzeńczyk,+48 245 739 967,Wroclaw,Katedralna 3/63,06071988379,2022-12-09,payment,2024-05-11
Szymon,Nalazek,+48 286 983 685,Gdansk,Jaskowa Dolina 50/93,04101097301,2024-01-18,payment,2024-06-13
Julianna,Irla,+48 332 769 706,Gdansk,Podgorna 91/71,53120897094,2020-04-14,contract signing,2021-07-10
Ernest,Dyrek,+48 222 664 427,Krakow,Plac Nowy 81/73,00041885572,2021-11-01,payment,2021-02-12
Rozalia,Pacewicz,+48 586 591 228,Krakow,Centralna 14/57,69082002708,2022-12-24,contract signing,2022-11-24
Robert,Kazek,+48 413 122 876,Wroclaw,Olawska 77/61,99021854550,2022-04-09,contract signing,2022-09-13
Fryderyk,Gradek,+48 730 704 317,Wroclaw,Rynkowska 86/6,96071200935,2022-10-03,payment,2024-02-26
Nicole,Cichos,+48 607 306 653,Poznan,Kroniki 77/34,47051688362,2021-12-03,payment,2022-07-19
Sara,Kozica,+48 840 679 131,Warsaw,Krakowskie Przedmiescie 25/29,40042033512,2021-03-27,payment,2020-07-10
Dariusz,Chomiak,+48 185 110 213,Wroclaw,Swietego Mikolaja 95/61,92050576323,2022-06-04,payment,2020-01-10
Anastazja,Mendyka,+48 321 482 888,Warsaw,Nowy Swiat 16/7,74100642796,2020-01-27,payment,2021-06-25
Melania,Szela,+48 561 335 801,Gdansk,Al. Grunwaldzka 7/14,40031760920,2023-10-12,payment,2024-11-18
Kajetan,Labudda,+48 780 878 330,Warsaw,Wilenska 27/55,77050876093,2020-11-18,payment,2021-02-12
Marianna,Kupaj,+48 208 510 795,Warsaw,Woronicza 6/10,54050635974,2020-10-08,payment,2024-05-08
Borys,Winnik,+48 312 663 247,Gdansk,Zaspa 36/12,55030763744,2022-12-12,payment,2024-03-17
Marianna,Dobrosz,+48 453 475 607,Gdansk,Targ Weglowy 30/53,91070885666,2023-03-16,payment,2023-09-16
Marek,Miksza,+48 616 125 956,Wroclaw,Legnicka 42/66,78021462565,2021-03-03,payment,2023-03-01
Agnieszka,Kuffel,+48 415 706 557,Krakow,Aleja Roz 69/83,52051281033,2022-02-19,payment,2020-06-23
Alan,Labudda,+48 450 429 259,Gdansk,Podwale Staromiejskie 59/29,87051312285,2023-07-04,payment,2021-08-06
Bartek,Berendt,+48 399 501 261,Krakow,Krolowej Jadwigi 44/7,57091811804,2021-02-20,payment,2023-05-03
Miłosz,Pietraś,+48 983 409 508,Krakow,Mysliwska 44/60,51051549903,2022-01-04,payment,2021-09-22
Ewelina,Gajcy,+48 895 422 455,Wroclaw,Swietego Mikolaja 98/46,75011584117,2024-06-23,payment,2022-01-02
Jakub,Prasek,+48 352 232 728,Wroclaw,Polan 83/66,74092069395,2022-11-16,payment,2024-08-03
Anna Maria,Ładziak,+48 472 314 456,Gdansk,Gdanska 80/84,87031411241,2024-10-30,contract signing,2020-09-26
Natan,Mueller,+48 358 279 853,Wroclaw,Katedralna 10/24,95040584546,2020-10-23,contract signing,2022-04-30
Maksymilian,Szumiec,+48 350 497 990,Wroclaw,Rynkowska 88/85,05032805960,2023-01-08,payment,2021-01-31
Norbert,Białach,+48 355 410 854,Krakow,Aleja Roz 90/62,86072426658,2022-08-19,payment,2021-04-28
Kajetan,Kalinka,+48 323 616 673,Gdansk,Polski Czerwony Krzyz 47/85,43011094732,2024-08-26,payment,2020-12-10
Krystian,Kostorz,+48 804 689 479,Gdansk,Rynkowska 66/59,05102351492,2020-08-29,payment,2020-08-15
Dorota,Zbiciak,+48 484 790 149,Krakow,Plac Nowy 14/34,90061632108,2024-01-28,payment,2023-07-08
Ernest,Chudoba,+48 480 684 632,Krakow,Centralna 75/86,48110941514,2020-03-09,payment,2023-01-19
Apolonia,Hajda,+48 798 804 128,Wroclaw,Mickiewicza 14/6,01091680209,2024-07-18,payment,2020-01-27
Witold,Urynowicz,+48 516 550 949,Poznan,Blazenkowska 3/53,71101441058,2020-07-26,payment,2024-04-23
Ida,Lulek,+48 391 457 495,Krakow,Lobzow 12/39,76050476142,2022-07-23,payment,2022-08-06
Aurelia,Ziemkiewicz,+48 170 946 299,Warsaw,Sowinskiego 32/70,64032294404,2022-07-11,payment,2024-10-18
Eliza,Potęga,+48 576 708 607,Krakow,Pieciomorgowa 4/26,52021338978,2023-12-13,payment,2020-02-02
Urszula,Gnyp,+48 290 382 343,Warsaw,Pulawska 86/9,90011385797,2022-06-05,contract signing,2020-10-28
Norbert,Kazior,+48 474 649 567,Wroclaw,Sudecka 61/75,67042696147,2020-02-15,payment,2022-11-15
Krystian,Froń,+48 243 608 229,Gdansk,Dluga 64/93,90071061686,2023-03-13,payment,2023-09-30
Lidia,Barłóg,+48 118 368 457,Gdansk,Targ Weglowy 10/21,79101803779,2022-02-05,payment,2021-11-09
Konrad,Weremczuk,+48 106 188 707,Warsaw,Swietokrzyska 54/51,85120411134,2024-06-03,payment,2024-07-05
Marcelina,Zwara,+48 898 959 601,Poznan,Gorzyslawa 82/85,47061807379,2022-09-06,payment,2023-01-20
Radosław,Rogal,+48 438 823 669,Gdansk,Gdanska 38/76,95032696941,2020-04-29,payment,2024-08-05
Borys,Cheba,+48 787 859 650,Warsaw,Inzynierska 37/17,03122088587,2022-09-26,payment,2022-07-14
Karina,Świątkiewicz,+48 406 146 454,Poznan,Laskowicka 39/37,83032133638,2024-10-22,payment,2023-10-15
Bianka,Świerkot,+48 132 998 892,Wroclaw,Polan 25/68,97061262474,2022-04-04,payment,2021-04-09
Roksana,Grzeszkowiak,+48 773 417 696,Krakow,Jozefa 29/5,02081590386,2020-02-05,payment,2022-07-06
Stefan,Zagrodnik,+48 856 602 865,Krakow,Wielopole 90/76,00052853472,2021-11-28,payment,2020-11-10
Maksymilian,Czapiga,+48 798 833 112,Poznan,Wiosna 17/84,87022155961,2020-10-05,payment,2024-04-22
Olaf,Beck,+48 281 485 732,Wroclaw,Hutnicza 98/35,60092301645,2021-10-04,payment,2024-02-07
Krystyna,Żyrek,+48 751 175 377,Wroclaw,Grabiszynska 97/100,77060717502,2022-01-30,contract signing,2023-05-15
Adrianna,Gumienna,+48 602 594 749,Krakow,Grodzka 24/25,57071629342,2021-09-28,payment,2022-09-04
Janina,Kapałka,+48 282 574 253,Poznan,Przybyszowska 37/94,50060369283,2021-04-22,payment,2021-04-25
Daniel,Szabla,+48 742 911 148,Poznan,Gorzyslawa 97/87,92072726735,2021-05-16,payment,2021-10-22
Antoni,Bochnia,+48 877 145 612,Warsaw,Zabkowska 87/91,45070485807,2021-01-12,payment,2024-02-20
Angelika,Ledzion,+48 714 781 334,Krakow,Wiosny Ludow 66/91,52022572632,2024-10-13,payment,2024-01-09
Kajetan,Wlaźlak,+48 875 710 367,Warsaw,Krakowskie Przedmiescie 62/57,79090609730,2021-03-24,payment,2020-12-27
Monika,Miszkurka,+48 711 175 162,Gdansk,Jaskowa Dolina 85/93,43052379261,2021-10-25,payment,2023-07-04
Inga,Galek,+48 111 986 588,Krakow,Podgorki 60/83,69120434812,2022-11-04,payment,2024-02-10
Ida,Wojtera,+48 700 717 527,Krakow,Pilsudskiego 14/76,95032170623,2022-12-23,payment,2024-10-17
Lidia,Wożniak,+48 968 469 795,Gdansk,Swinoujscie 13/17,89062633188,2021-10-10,payment,2023-01-21
Przemysław,Rymarz,+48 891 182 287,Warsaw,Lechitow 59/80,41102786720,2024-04-18,payment,2024-05-10
Agnieszka,Grzelczyk,+48 266 467 533,Poznan,Poludniowa 97/30,03092088451,2023-10-31,payment,2023-10-25
Witold,Domżał,+48 171 793 843,Warsaw,Bialostocka 87/51,65060910704,2023-05-28,payment,2021-12-08
Aniela,Orpel,+48 197 176 802,Poznan,Wiosna 45/92,68042194765,2022-02-25,payment,2021-04-25
Damian,Cieplucha,+48 340 113 433,Gdansk,Trojmiasto 54/48,55031415718,2021-02-18,payment,2024-05-15
Kalina,Batóg,+48 826 362 901,Poznan,Sienkiewicza 9/22,49052669841,2024-01-01,payment,2021-12-06
Sylwia,Rajchel,+48 182 833 990,Poznan,Grunwaldzka 38/48,70031974232,2021-12-29,payment,2020-06-15
Józef,Wołkowicz,+48 794 680 192,Wroclaw,Mickiewicza 53/93,94090278704,2021-01-13,contract signing,2023-05-20
Bruno,Panasiewicz,+48 341 218 929,Gdansk,Nowe Wrota 33/21,42120285596,2022-02-22,payment,2021-05-22
Krystyna,Pieczyrak,+48 609 683 312,Warsaw,Targowa 11/9,41062129894,2020-08-05,payment,2022-02-16
Rafał,Musiolik,+48 212 806 569,Krakow,Centralna 14/47,92091885145,2022-01-28,payment,2022-11-17
Ewa,Kabza,+48 145 795 685,Gdansk,Wielki Mlyn 88/67,78092280974,2021-02-13,payment,2024-07-05
Konrad,Gemza,+48 527 633 825,Wroclaw,Wroclawska 15/17,94070166045,2020-06-09,payment,2024-09-11
Fryderyk,Truchel,+48 163 966 343,Poznan,Kroniki 71/26,93021610619,2023-02-05,payment,2024-01-08
Dominik,Macha,+48 510 744 759,Poznan,Garbary 95/55,60020888271,2022-03-27,contract signing,2022-12-08
Dominik,Wojtaszczyk,+48 879 440 109,Wroclaw,Swidnicka 30/25,70071034118,2022-03-03,payment,2020-09-07
Jędrzej,Hinca,+48 342 925 585,Gdansk,Rynkowska 4/41,86031379014,2020-10-25,payment,2023-06-29
Monika,Kostorz,+48 143 212 433,Poznan,Strzeszynska 70/42,85042341232,2022-11-25,contract signing,2023-09-01
Inga,Steciuk,+48 979 508 299,Krakow,Odrzanska 99/90,59101008176,2023-08-04,payment,2021-11-03
Eliza,Paliga,+48 719 387 342,Poznan,Dabrowa 11/53,57012352384,2021-06-10,payment,2024-11-16
Bartek,Szkup,+48 331 493 383,Warsaw,Inzynierska 55/58,05011706314,2020-11-10,contract signing,2021-08-17
Kamila,Łaszcz,+48 153 895 337,Gdansk,Swinoujscie 39/38,48120972171,2024-01-15,payment,2020-08-16
Rozalia,Drost,+48 257 833 114,Gdansk,Wielki Mlyn 23/76,98032577162,2023-11-02,payment,2020-12-28
Agnieszka,Rębiś,+48 789 513 368,Warsaw,Krasinskiego 23/46,96112344958,2023-07-19,payment,2022-01-16
Filip,Pasiak,+48 164 184 950,Krakow,Jana Pawla II 68/43,85010615091,2022-10-21,payment,2024-07-14
Ewa,Gniewek,+48 510 332 972,Wroclaw,Piekarska 99/21,44020869818,2020-03-08,payment,2024-06-23
Urszula,Janc,+48 141 447 548,Wroclaw,Aleja 1 Maja 67/81,68092659232,2021-07-24,payment,2024-08-29
Leon,Naczk,+48 724 538 576,Poznan,Gorzyslawa 42/77,81121851067,2022-09-30,payment,2022-03-23
Melania,Nowrot,+48 547 477 299,Krakow,Aleja Roz 82/95,72010124715,2020-02-12,payment,2024-09-13
Elżbieta,Witan,+48 239 226 376,Poznan,Dabrowa 32/55,88112629953,2021-07-11,payment,2022-12-15
Paweł,Sado,+48 788 966 288,Wroclaw,Katedralna 23/19,50022371145,2022-09-09,payment,2021-05-31
Apolonia,Staśko,+48 611 228 878,Gdansk,Nowe Wrota 45/76,89040341041,2023-01-18,payment,2021-06-22
Melania,Łyczek,+48 180 620 232,Krakow,Karmelicka 70/13,04112050937,2022-12-06,payment,2021-11-05
Marianna,Fogel,+48 888 749 763,Wroclaw,Olawska 3/4,06060712439,2024-09-29,payment,2023-08-15
Kaja,Matusewicz,+48 219 404 352,Wroclaw,Swidnicka 65/10,49080201958,2021-02-22,payment,2020-06-04
Maciej,Zubel,+48 187 878 693,Wroclaw,Olawska 5/8,45070478876,2024-05-16,payment,2023-03-22
Mariusz,Tolak,+48 131 191 593,Poznan,Laskotelna 49/25,92061583712,2021-06-03,payment,2023-01-09
Patryk,Furmankiewicz,+48 121 932 788,Poznan,Opolska 67/65,54090687210,2022-10-28,payment,2023-05-10
Inga,Rubacha,+48 530 167 239,Warsaw,Chmielna 41/87,66121023979,2021-07-13,contract signing,2022-07-13
Sara,Fitrzyk,+48 339 265 474,Warsaw,Pulawska 85/12,02031455660,2020-12-21,payment,2023-07-26
Karol,Ryndak,+48 852 572 688,Warsaw,Chmielna 27/97,53050300712,2023-12-01,payment,2024-05-06
Nela,Żelazo,+48 439 791 594,Krakow,Podgorki 2/31,52081664857,2022-01-12,payment,2021-06-07
Natan,Galos,+48 941 675 734,Wroclaw,Mokotowska 37/97,91031900324,2023-11-09,payment,2020-11-16
Kornel,Rajtar,+48 460 474 569,Poznan,Opolska 21/95,47010551922,2022-04-26,payment,2022-11-19
Anastazja,Fiedoruk,+48 311 897 468,Warsaw,Rakowiecka 73/73,58081530217,2021-03-03,payment,2024-12-01
Krzysztof,Malcher,+48 364 877 158,Gdansk,Gdanska 77/73,66030256912,2022-03-23,payment,2023-09-25
Jeremi,Solis,+48 209 880 569,Warsaw,Wilenska 38/12,05060376160,2023-11-04,payment,2022-07-23
Kalina,Topa,+48 678 831 518,Gdansk,Ostroda 52/53,56080818460,2022-08-20,payment,2022-02-05
Tadeusz,Rogal,+48 117 207 769,Poznan,Kroniki 48/9,65062247471,2021-09-20,payment,2024-03-06
Aleks,Kwak,+48 858 704 883,Gdansk,Trojmiasto 98/60,58041187118,2024-12-06,payment,2023-10-31
Marianna,Latoszek,+48 343 358 762,Warsaw,Bialostocka 6/18,59012418471,2020-07-17,payment,2023-11-11
Rozalia,Berg,+48 679 810 228,Warsaw,Ludwika Rydygiera 56/63,56100387576,2021-01-16,payment,2020-08-02
Sara,Chołody,+48 875 681 245,Gdansk,Karpacka 14/17,75081098307,2023-09-11,payment,2023-08-30
Maksymilian,Małota,+48 359 119 847,Wroclaw,Osobowicka 48/62,49022016664,2020-05-26,payment,2022-11-22
Ewa,Ciesielka,+48 299 867 238,Warsaw,Woronicza 71/11,78070933964,2022-12-27,contract signing,2023-05-27
Szymon,Lampart,+48 238 935 187,Warsaw,Mlynarska 3/5,49102713968,2021-05-02,payment,2022-06-25
Apolonia,Kolanko,+48 234 891 552,Krakow,Florianska 17/30,48051448134,2020-09-29,payment,2021-10-26
Natan,Łepek,+48 681 973 760,Poznan,Tory 56/90,72071969072,2023-06-23,payment,2020-06-21
Olgierd,Żmija,+48 174 355 240,Wroclaw,Czarnowiejska 3/60,01081744986,2024-01-31,payment,2020-12-22
Mateusz,Krywult,+48 998 243 341,Wroclaw,Osobowicka 75/9,41092873536,2022-04-21,payment,2024-05-15
Melania,Grycz,+48 544 697 401,Gdansk,Gdanska 19/55,92021224369,2021-07-07,payment,2022-12-24
Kajetan,Pyzel,+48 121 355 259,Wroclaw,Olawska 100/23,53101082653,2024-06-14,payment,2020-11-11
Kacper,Radke,+48 407 262 456,Krakow,Wandy 90/35,44081769175,2022-03-15,payment,2020-10-03
Sylwia,Grygorcewicz,+48 870 876 623,Poznan,Wiosna 95/23,88071071532,2023-08-02,payment,2024-04-29
Roksana,Szyndler,+48 682 947 262,Gdansk,Jaskowa Dolina 84/7,88032566008,2024-05-14,payment,2023-03-15
Mieszko,Cybul,+48 758 460 757,Poznan,Blazenkowska 65/90,56052655750,2024-07-01,payment,2021-09-17
Blanka,Tekieli,+48 439 653 515,Krakow,Wiosny Ludow 85/11,74020456125,2021-03-27,payment,2021-03-17
Ewa,Knych,+48 988 333 451,Wroclaw,Aleja 1 Maja 96/86,58081835053,2021-12-13,payment,2024-09-23
Rafał,Sklorz,+48 361 847 892,Poznan,Przybyszowska 67/5,80090707779,2022-05-31,contract signing,2022-08-25
Natasza,Fogiel,+48 557 616 415,Poznan,Dabrowa 97/46,84021724154,2020-10-08,payment,2022-11-14
Lidia,Trzop,+48 933 176 301,Warsaw,Stalowa 61/1,82030370544,2024-09-21,payment,2024-04-25
Natasza,Boruń,+48 881 784 646,Krakow,Pieciomorgowa 86/37,73080554556,2021-11-28,payment,2022-09-24
Ignacy,Hadała,+48 257 673 313,Gdansk,Al. Grunwaldzka 17/49,78100521981,2024-09-07,payment,2021-01-16
Daniel,Kucharz,+48 549 297 909,Warsaw,Klopot 38/76,87110573929,2020-09-18,payment,2020-01-04
Maciej,Deszcz,+48 265 431 425,Krakow,Pieciomorgowa 16/53,61011960040,2024-01-10,payment,2021-04-29
Adrianna,Rakus,+48 580 474 713,Krakow,Krolowej Jadwigi 43/9,93110268877,2020-08-16,payment,2023-07-01
Krystyna,Kluczyk,+48 710 485 358,Krakow,Kasprowicza 55/23,47010326306,2021-01-13,payment,2020-09-15
Stanisław,Matyka,+48 541 937 564,Gdansk,Jaskowa Dolina 1/45,90122745505,2020-02-11,payment,2022-06-14
Adam,Zagozda,+48 165 194 192,Gdansk,Jaskowa Dolina 28/5,46120129203,2024-12-02,payment,2022-06-02
Justyna,Świętoń,+48 149 558 714,Gdansk,Rynkowska 31/27,02101434847,2023-05-12,payment,2021-04-27
Fabian,Pronobis,+48 934 279 211,Warsaw,Powisle 83/93,79041390588,2021-08-22,contract signing,2023-07-28
Kalina,Brojek,+48 654 267 776,Poznan,Staroleka 42/98,43022049657,2024-01-28,payment,2021-05-28
Tobiasz,Wac,+48 499 506 927,Krakow,Kasprowicza 10/76,42101738817,2020-10-11,payment,2023-01-06
Elżbieta,Pietrewicz,+48 464 149 340,Warsaw,Marszalkowska 69/64,84011025858,2021-09-11,payment,2022-07-24
Róża,Łuksza,+48 370 288 105,Krakow,Rzeszowska 39/20,84010674367,2021-07-31,payment,2023-02-20
Nela,Gzyl,+48 780 224 412,Wroclaw,Obornicka 10/79,50121897177,2020-02-02,payment,2024-03-09
Oskar,Synak,+48 217 123 933,Krakow,Jozefa 69/59,77072047495,2022-06-18,payment,2021-07-29
Sandra,Góraj,+48 962 804 644,Krakow,Centralna 70/39,71110447193,2021-01-26,payment,2020-07-13
Kamila,Kozubal,+48 678 206 176,Gdansk,Bociania 93/73,74022895115,2024-01-09,payment,2020-03-31
Ksawery,Jarmuż,+48 345 586 549,Poznan,Sienkiewicza 100/46,82051073721,2021-02-06,payment,2021-01-16
Ksawery,Kawiak,+48 754 543 568,Krakow,Wandy 29/16,48031769291,2024-09-03,payment,2023-01-02
Ignacy,Kuropatwa,+48 811 893 323,Krakow,Wielopole 3/70,59060832087,2023-12-11,payment,2022-04-17
Jakub,Miękina,+48 654 153 351,Krakow,Mysliwska 89/62,83071628050,2024-10-29,contract signing,2023-01-23
Ignacy,Mila,+48 309 811 891,Krakow,Plac Nowy 1/20,78072887407,2020-07-11,payment,2021-11-29
Bartek,Tadych,+48 779 738 894,Warsaw,Sowinskiego 68/69,96070232784,2024-11-12,payment,2020-07-26
Mateusz,Wydmuch,+48 108 677 456,Wroclaw,Obornicka 22/93,95081360002,2020-12-30,payment,2024-09-18
Blanka,Jarmuła,+48 361 183 577,Warsaw,Marszalkowska 94/80,88051957021,2022-09-27,payment,2022-10-05
Marianna,Solis,+48 174 300 793,Warsaw,Nowy Swiat 98/83,66021538245,2024-03-11,payment,2020-08-18
Lidia,Pierzak,+48 985 863 439,Wroclaw,Swidnicka 54/41,99081992584,2020-04-02,payment,2021-10-18
Tola,Sass,+48 822 382 656,Warsaw,Chmielna 23/63,78111768212,2021-09-16,payment,2021-07-14
Ernest,Żyrek,+48 206 964 256,Gdansk,Abrahama 72/39,77032873041,2024-04-28,contract signing,2024-09-22
Julianna,Kumorek,+48 343 123 381,Krakow,Rzeszowska 59/59,94050899396,2022-07-25,payment,2024-09-20
Ewelina,Kołodziejak,+48 163 616 515,Gdansk,Al. Grunwaldzka 75/75,55061725388,2020-11-14,payment,2021-04-05
Robert,Basak,+48 128 316 331,Poznan,Dabrowa 73/8,58012102863,2022-04-24,payment,2021-09-07
Grzegorz,Łęgowik,+48 381 194 637,Wroclaw,Wroclawska 23/50,46082559454,2023-07-09,payment,2020-09-09
Dagmara,Moj,+48 761 979 414,Wroclaw,Miejska 15/44,50021669760,2020-12-27,payment,2024-12-14
Andrzej,Cieniuch,+48 316 655 856,Poznan,Pieciomorgowa 44/16,78090811084,2023-08-09,payment,2024-12-12
Roksana,Czupryn,+48 152 914 145,Warsaw,Rakowiecka 14/65,77060341439,2021-03-01,payment,2021-01-08
Alan,Kosowicz,+48 280 187 302,Krakow,Jozefa 7/96,73070875423,2024-12-24,payment,2020-01-13
Kamil,Gajowiak,+48 331 694 850,Wroclaw,Trzmielowice 41/76,93061877056,2024-09-13,payment,2020-03-03
Aniela,Wypchło,+48 175 408 632,Poznan,Tory 70/2,67041211646,2024-11-17,payment,2022-12-20
Blanka,Andreasik,+48 316 410 924,Gdansk,Jaskowa Dolina 7/65,85041565701,2023-02-13,payment,2022-10-15
Dorota,Narożna,+48 161 546 311,Poznan,Czajkowska 71/8,70042812334,2023-06-20,payment,2024-11-04
Monika,Prokurat,+48 961 303 642,Wroclaw,Olawka 83/84,01122275406,2021-07-10,payment,2023-12-13
Angelika,Drobot,+48 874 902 339,Poznan,Kraszewskiego 56/36,66071826819,2021-05-02,payment,2023-10-07
Leon,Ornat,+48 546 521 107,Poznan,Dabrowa 47/40,86052258271,2021-08-20,payment,2022-09-17
Malwina,Pędzik,+48 247 642 377,Wroclaw,Olawska 21/21,55050871836,2023-05-28,payment,2022-12-02
Agnieszka,Szurek,+48 842 946 782,Warsaw,Limanowskiego 70/38,87012433543,2022-09-08,payment,2020-12-06
Agnieszka,Karczmarek,+48 532 134 489,Krakow,Odrzanska 6/31,06062745576,2023-05-13,payment,2022-10-31
Sonia,Sularz,+48 336 632 923,Wroclaw,Polan 26/82,88072028229,2023-06-10,contract signing,2022-12-19
Cezary,Kabala,+48 674 909 991,Warsaw,Swietokrzyska 64/97,64021998476,2023-01-06,payment,2024-07-08
Julita,Matwiejczyk,+48 691 211 453,Poznan,Grunwaldzka 56/84,73020127884,2022-11-06,payment,2020-07-02
Kamila,Ośko,+48 134 675 111,Krakow,Plac Nowy 5/63,51120245572,2024-11-16,payment,2023-08-23
Dorota,Salach,+48 895 288 755,Wroclaw,Wroclawska 4/11,60071050401,2023-02-20,payment,2022-10-10
Nataniel,Doktór,+48 691 546 565,Gdansk,Swietego Ducha 30/4,59051476885,2021-08-05,payment,2021-12-24
Liwia,Wypiór,+48 806 258 541,Wroclaw,Olawska 98/66,72031231584,2020-04-12,payment,2022-06-30
Borys,Polasik,+48 221 467 402,Wroclaw,Swietego Mikolaja 4/63,55010119017,2021-06-14,payment,2021-08-13
Przemysław,Kobza,+48 528 291 706,Poznan,Czajkowska 49/76,69102208291,2020-09-25,payment,2021-10-19
Tomasz,Bruś,+48 193 343 588,Krakow,Grodzka 58/100,80012111668,2020-06-14,contract signing,2021-12-07
Kornelia,Ciechowicz,+48 339 732 160,Gdansk,Gdanska 46/42,43071780532,2021-08-15,payment,2022-09-05
Mateusz,Woszczak,+48 339 804 708,Poznan,Gorzyslawa 69/79,63010310352,2021-06-23,payment,2022-01-06
Marek,Monkiewicz,+48 702 679 429,Warsaw,Targowa 85/50,77080858061,2024-10-19,payment,2020-11-27
Sonia,Zagozda,+48 527 848 940,Warsaw,Wilenska 100/96,71051112365,2020-09-28,payment,2020-11-29
Robert,Mydlarz,+48 938 166 775,Poznan,Zernickie 3/55,99101962153,2023-10-21,payment,2020-09-28
Ewa,Hajda,+48 817 399 848,Krakow,Jozefa 7/94,96121158694,2024-01-31,payment,2021-08-21
Norbert,Pleśniak,+48 898 342 174,Warsaw,Zabkowska 90/36,53101128603,2024-01-31,payment,2021-01-20
Tomasz,Budzich,+48 114 104 186,Gdansk,Swinoujscie 20/35,55121817673,2024-10-13,payment,2021-11-05
Justyna,Rusnak,+48 732 905 765,Warsaw,Nowy Swiat 60/84,85042556128,2021-07-17,payment,2023-08-22
Damian,Owsiany,+48 475 221 943,Wroclaw,Olawska 85/21,67090320016,2023-12-01,payment,2024-08-06
Sara,Hinca,+48 814 215 931,Warsaw,Krasinskiego 90/22,04071925626,2024-08-27,payment,2023-10-05
Liwia,Laszkiewicz,+48 823 531 271,Warsaw,Nowy Swiat 12/78,50012263290,2024-11-07,payment,2024-01-27
Ewelina,Woroch,+48 187 155 554,Krakow,Plac Nowy 41/77,62031180278,2020-07-08,payment,2023-07-18
Jacek,Seweryniak,+48 422 319 954,Wroclaw,Olawska 61/37,84050826102,2022-06-13,payment,2021-04-04
Antoni,Kremer,+48 901 879 486,Krakow,Odrzanska 16/75,75041274727,2020-12-14,payment,2024-09-23
Oskar,Wołoszczuk,+48 474 190 145,Wroclaw,Piekarska 11/8,42020812478,2023-02-14,payment,2023-05-27
Oliwier,Hallmann,+48 882 941 509,Poznan,Zernickie 73/70,64011578563,2020-08-20,payment,2023-01-29
Rozalia,Wdowczyk,+48 319 553 334,Gdansk,Aleja Jana Pawla II 58/69,86121518424,2024-11-22,payment,2022-12-28
Tymoteusz,Łapot,+48 869 679 309,Warsaw,Batory 33/26,77071489757,2024-11-16,payment,2021-06-08
Alan,Trepczyk,+48 666 893 703,Wroclaw,Miejska 17/65,54011627046,2024-07-31,payment,2020-08-01
Jeremi,Słobodzian,+48 356 674 577,Gdansk,Rynkowska 41/14,81101082601,2020-10-25,payment,2020-05-16
Norbert,Nabiałek,+48 303 880 541,Wroclaw,Biskupin 48/50,50082349041,2022-11-14,contract signing,2023-06-06
Miłosz,Dobroń,+48 881 560 801,Krakow,Lipowa 68/2,90110889653,2020-01-18,payment,2020-01-17
Stefan,Fabiszak,+48 305 444 528,Warsaw,Bialostocka 86/66,43042555165,2021-02-12,payment,2024-10-01
Albert,Łyp,+48 898 128 345,Poznan,Sienkiewicza 26/97,58102741493,2020-11-06,payment,2023-06-12
Julita,Duras,+48 101 491 832,Poznan,Mikolajewska 4/87,83120173528,2024-10-10,payment,2024-03-28
Anna Maria,Ciaś,+48 723 394 246,Krakow,Lobzow 54/54,75041360536,2022-08-08,payment,2024-02-27
Malwina,Gosek,+48 765 509 406,Poznan,Swiety Marcin 4/1,56010966692,2023-03-03,payment,2022-02-12
Eliza,Lizoń,+48 583 627 214,Krakow,Lipowa 26/12,87012633097,2023-04-14,payment,2021-10-21
Mateusz,Drygała,+48 862 956 453,Warsaw,Jagiellonska 63/81,78102882828,2023-09-04,payment,2023-12-08
Mateusz,Bieniak,+48 315 716 412,Krakow,Karmelicka 100/47,64071369884,2024-11-08,payment,2021-11-27
Olaf,Klaus,+48 614 467 262,Wroclaw,Katedralna 37/71,43060137433,2021-11-30,payment,2021-04-16
Marcelina,Borkiewicz,+48 169 641 495,Krakow,Jana Pawla II 65/57,54121731808,2022-05-29,payment,2024-01-08
Ewelina,Gładka,+48 282 863 575,Gdansk,Dluga 19/38,05052497321,2023-05-24,payment,2023-06-19
Mateusz,Jeżyk,+48 466 776 617,Warsaw,Limanowskiego 87/94,64082178509,2021-05-16,payment,2024-03-21
Aleks,Droś,+48 164 648 446,Poznan,Gorzyslawa 25/61,62030331873,2023-06-19,payment,2020-12-30
Norbert,Lenc,+48 499 157 526,Krakow,Chorazowka 62/49,45110233926,2021-10-25,payment,2024-03-06
Tola,Such,+48 269 222 763,Gdansk,Bociania 82/12,81112116939,2020-12-29,payment,2023-03-20
Radosław,Niewiara,+48 505 200 628,Krakow,Florianska 83/36,52012152477,2024-12-04,payment,2023-06-06
Iwo,Kulczak,+48 726 430 866,Gdansk,Zaspa 77/44,57041158496,2020-07-27,payment,2022-02-27
Anna Maria,Gmur,+48 911 534 202,Krakow,Grodzka 67/32,55080616573,2023-06-30,payment,2020-08-08
Marek,Mijas,+48 992 630 702,Poznan,Swiety Marcin 79/61,43112870952,2022-07-16,payment,2023-06-22
Dariusz,Fulara,+48 552 218 104,Gdansk,Targ Weglowy 8/44,53020233844,2020-07-12,contract signing,2022-12-31
Grzegorz,Balawender,+48 508 939 833,Krakow,Florianska 57/83,00072756791,2024-12-28,payment,2021-08-16
Elżbieta,Szczerek,+48 609 740 511,Gdansk,Swinoujscie 16/5,98102601919,2024-05-09,payment,2024-01-31
Robert,Fitas,+48 872 206 646,Warsaw,Nowy Swiat 26/7,02092569492,2024-12-24,payment,2024-08-30
Julita,Bejnarowicz,+48 363 736 727,Wroclaw,Hutnicza 21/78,86110710086,2024-12-31,payment,2021-03-08
Karina,Knych,+48 769 580 722,Warsaw,Wilenska 95/64,98080950027,2020-03-29,payment,2022-05-05
Jerzy,Bernatek,+48 113 931 936,Gdansk,Al. Grunwaldzka 28/100,45090784816,2020-04-19,payment,2022-04-06
Jakub,Smagacz,+48 279 939 865,Gdansk,Piastowska 98/51,63110146073,2021-11-06,payment,2022-11-27
Miłosz,Koloch,+48 215 175 365,Krakow,Grodzka 38/62,74080555370,2020-01-18,contract signing,2024-06-18
Maks,Waloszek,+48 501 524 454,Wroclaw,Obornicka 38/67,68061608043,2022-03-31,payment,2020-12-23
Robert,Widłak,+48 955 952 356,Poznan,Dabrowa 66/74,90061054432,2022-01-10,payment,2020-11-28
Tymon,Brodowicz,+48 806 351 818,Poznan,Staroleka 62/85,58102636856,2023-04-12,payment,2020-07-11
Tomasz,Fijak,+48 590 349 221,Krakow,Pilsudskiego 54/68,06110413116,2020-11-03,payment,2021-01-15
Mikołaj,Filek,+48 963 111 648,Poznan,Kraszewskiego 38/28,98120722870,2020-11-29,payment,2021-11-04
Nicole,Adamiuk,+48 203 217 933,Wroclaw,Legnicka 10/53,62112478922,2021-05-27,payment,2021-08-10
Eliza,Jarosiewicz,+48 962 714 212,Wroclaw,Olawska 14/17,58051975844,2022-11-19,payment,2024-05-30
Marcelina,Kidoń,+48 398 353 729,Wroclaw,Osobowicka 69/23,89120399359,2020-02-18,contract signing,2022-11-25
Tobiasz,Galos,+48 230 603 426,Krakow,Wielopole 35/24,84060597906,2020-11-21,payment,2023-02-23
Anita,Kurtyka,+48 478 289 390,Gdansk,Alei Grunwaldzka 18/19,94120524252,2024-01-10,contract signing,2023-08-09
Błażej,Bździuch,+48 356 692 487,Krakow,Podgorki 4/3,82122659029,2021-12-07,contract signing,2023-01-13
Julita,Wiertelak,+48 470 457 414,Gdansk,Wielki Mlyn 33/24,75022188281,2021-03-06,contract signing,2020-07-09
Cezary,Kośnik,+48 242 853 491,Krakow,Jana Pawla II 70/75,71081785029,2021-11-11,payment,2023-05-12
Sebastian,Doliwa,+48 162 990 365,Wroclaw,Grabiszynska 6/1,94041262174,2021-07-29,payment,2022-02-03
Ewa,Ziajka,+48 993 680 356,Krakow,Kasprowicza 60/59,44051155302,2022-01-26,payment,2021-07-04
Iwo,Kęsek,+48 206 988 342,Warsaw,Lechitow 43/43,80111587261,2021-12-28,payment,2024-02-10
Krzysztof,Thiel,+48 181 746 838,Krakow,Aleja Roz 73/37,94102804345,2021-08-21,payment,2024-02-07
Melania,Ulewicz,+48 662 558 974,Warsaw,Chmielna 41/89,78012179432,2022-12-02,payment,2023-04-16
Artur,Flasza,+48 518 321 725,Krakow,Plac Nowy 24/38,52070835518,2021-01-19,payment,2022-08-18
Melania,Mikłaszewicz,+48 505 416 182,Wroclaw,Katedralna 90/89,44040817264,2024-02-01,payment,2020-03-15
Kornelia,Barej,+48 235 280 195,Krakow,Lipowa 26/94,97071324052,2021-01-13,contract signing,2020-10-27
Jakub,Karol,+48 263 975 723,Krakow,Florianska 57/54,01121436714,2021-09-01,payment,2020-10-15
Nikodem,Pilich,+48 728 497 637,Poznan,Czajkowska 67/92,05010726199,2024-02-05,payment,2020-01-08
Marcelina,Siatka,+48 953 850 277,Wroclaw,Katedralna 89/31,06071808941,2021-09-02,payment,2020-03-02
Kazimierz,Srokosz,+48 680 125 748,Wroclaw,Swidnicka 63/82,81070857332,2022-11-27,payment,2021-07-23
Inga,Fojt,+48 367 754 847,Warsaw,Krasinskiego 35/98,05010853826,2020-10-09,payment,2022-02-12
Anna Maria,Lenc,+48 695 485 789,Gdansk,Zaspa 8/56,59102798089,2023-05-18,payment,2020-08-16
Angelika,Prostak,+48 567 941 594,Warsaw,Powisle 45/94,81011779817,2023-12-14,payment,2021-11-22
Nikodem,Malka,+48 398 780 884,Gdansk,Zaspa 12/79,55120772861,2023-12-04,contract signing,2021-06-16
Janina,Tolak,+48 747 133 342,Warsaw,Zabkowska 20/77,73010212066,2020-03-22,contract signing,2021-08-16
Emil,Ostasz,+48 134 601 175,Wroclaw,Grabiszynska 69/65,03122363600,2021-08-03,payment,2020-02-20
Ida,Bazyluk,+48 105 800 237,Krakow,Grodzka 56/97,84091860590,2023-03-07,payment,2024-12-11
Franciszek,Chołody,+48 945 835 723,Krakow,Grodzka 27/36,48080116945,2023-12-21,payment,2024-06-18
Marianna,Czochara,+48 347 271 148,Wroclaw,Miejska 14/3,73072697524,2022-08-28,payment,2021-12-03
Hubert,Gołas,+48 623 128 567,Wroclaw,Grabiszynska 49/83,99022111272,2024-08-05,payment,2020-08-12
Arkadiusz,Wąsala,+48 643 690 417,Wroclaw,Miejska 44/27,75020348919,2023-01-02,payment,2024-09-05
Wojciech,Halama,+48 925 874 148,Poznan,Laskocze 47/61,79011426105,2020-07-13,payment,2020-07-16
Roksana,Duchnik,+48 508 226 425,Poznan,Pieciomorgowa 35/74,75072305283,2024-12-10,payment,2022-07-19
Ignacy,Jaremek,+48 436 173 657,Krakow,Pilsudskiego 77/27,41021335245,2021-12-02,payment,2020-06-27
Nicole,Karwot,+48 701 718 111,Warsaw,Rakowiecka 56/99,65100195254,2021-06-18,payment,2024-08-20
Łukasz,Kusik,+48 362 909 605,Krakow,Chorazowka 12/49,47080440522,2022-09-21,payment,2021-07-11
Malwina,Mętel,+48 315 977 883,Krakow,Jozefa 63/75,95110670850,2023-05-11,contract signing,2020-12-21
Maurycy,Martyn,+48 308 310 764,Poznan,Gorzyslawa 8/20,50081492672,2021-11-08,payment,2022-12-27
Patryk,Waloszczyk,+48 421 930 781,Gdansk,Ostroda 1/48,57041055984,2020-03-06,contract signing,2023-07-28
Jacek,Piesik,+48 974 563 908,Wroclaw,Rynkowska 94/49,49041708801,2023-12-26,payment,2023-10-16
Agnieszka,Turoń,+48 848 935 499,Poznan,Polwiejska 52/37,81032402383,2024-08-01,payment,2023-04-24
Leonard,Topa,+48 761 824 506,Poznan,Przybyszowska 62/23,87091677375,2024-01-02,payment,2022-02-17
Bianka,Komisarczyk,+48 796 779 681,Warsaw,Jagiellonska 20/30,47120831389,2023-05-26,payment,2023-03-08
Tymoteusz,Żero,+48 561 883 146,Warsaw,Limanowskiego 62/3,40041922673,2021-08-12,payment,2024-01-14
Damian,Bieniak,+48 774 831 353,Poznan,Grunwaldzka 26/71,61020969560,2022-11-26,payment,2021-01-05
Eliza,Kycia,+48 678 372 893,Krakow,Wielopole 67/29,60120285545,2021-01-28,payment,2022-09-19
Karol,Baka,+48 583 264 556,Krakow,Mysliwska 84/44,47070269454,2020-01-28,payment,2021-03-16
Franciszek,Wowra,+48 354 604 110,Poznan,Wiosna 54/85,86071356002,2021-03-16,payment,2023-09-30
Nikodem,Walenciak,+48 524 687 283,Krakow,Mysliwska 95/58,80112401652,2024-01-17,payment,2021-11-14
Ksawery,Zatoń,+48 788 299 913,Poznan,Kroniki 25/9,94031893519,2023-10-15,payment,2020-05-21
Kajetan,Barłóg,+48 839 307 371,Wroclaw,Olawka 31/5,87012556228,2020-04-22,payment,2024-10-25
Julianna,Chaba,+48 193 224 311,Gdansk,Targ Weglowy 55/23,45080522675,2024-07-14,payment,2023-02-08
Róża,Sąsiadek,+48 795 224 524,Wroclaw,Miejska 13/97,91051048774,2021-02-17,payment,2021-01-20
Daniel,Fiedorczuk,+48 882 237 659,Krakow,Grodzka 72/17,98112568253,2023-05-18,payment,2022-01-19
Roksana,Domurad,+48 561 638 259,Wroclaw,Katedralna 61/37,46120421701,2021-01-30,payment,2024-06-11
Mieszko,Gortat,+48 919 847 347,Krakow,Chorazowka 53/75,52101289039,2020-05-14,payment,2022-10-16
Maksymilian,Babij,+48 788 554 708,Warsaw,Bialostocka 85/66,06052637379,2020-03-14,payment,2023-02-27
Kalina,Misiarz,+48 321 595 882,Wroclaw,Grabiszynska 7/22,62090205389,2021-02-20,payment,2024-07-03
Artur,Bąbel,+48 239 972 552,Wroclaw,Legnicka 65/42,00122115787,2022-10-28,payment,2024-10-05
Inga,Wacław,+48 555 738 585,Warsaw,Woronicza 95/54,43102287621,2020-07-09,payment,2022-06-02
Monika,Koj,+48 116 829 578,Warsaw,Nowy Swiat 94/22,63011801255,2024-02-05,payment,2022-03-19
Maciej,Żywica,+48 200 157 237,Warsaw,Narbutta 12/54,57110671880,2024-08-31,contract signing,2022-05-17
Wojciech,Chyb,+48 594 498 615,Gdansk,Aleja Jana Pawla II 97/63,88030901241,2023-05-01,payment,2020-12-02
Stefan,Rogacz,+48 927 120 445,Gdansk,Piastowska 83/99,57041140204,2022-06-17,payment,2024-10-06
Marika,Babiuch,+48 950 222 797,Krakow,Chorazowka 83/29,75101995265,2022-07-22,payment,2021-11-26
Paweł,Kulon,+48 754 682 489,Poznan,Laskotelna 14/86,45011755123,2020-11-10,payment,2020-06-04
Kornelia,Breś,+48 797 340 600,Gdansk,Karpacka 85/50,89061526496,2022-03-09,payment,2021-03-17
Bartek,Kmak,+48 212 119 336,Krakow,Lobzow 73/27,61102636719,2020-02-26,payment,2024-08-02
Ada,Kwapień,+48 557 665 346,Poznan,Kroniki 91/24,57082526649,2023-06-06,payment,2024-06-18
Nicole,Roch,+48 825 350 975,Wroclaw,Wroclawska 99/72,89020210431,2021-01-13,payment,2022-01-07
Janina,Żółkiewicz,+48 958 746 992,Gdansk,Gdanska 34/33,90112266094,2022-09-08,payment,2022-02-01
Marika,Wojcik,+48 261 937 618,Wroclaw,Ziebicka 69/52,53092593794,2022-12-19,payment,2024-11-29
Monika,Krzysztoszek,+48 685 664 942,Poznan,Polwiejska 10/94,55020954417,2023-12-27,contract signing,2020-02-22
Aniela,Hankiewicz,+48 660 144 947,Gdansk,Karpacka 33/83,69091533699,2020-07-05,payment,2020-03-21
Adrianna,Pacura,+48 414 253 197,Warsaw,Wilenska 1/88,67050948735,2021-09-02,payment,2024-05-05
Dariusz,Postawa,+48 182 561 109,Krakow,Chorazowka 72/27,46030349485,2023-12-04,payment,2024-05-28
Józef,Grzebyk,+48 179 669 900,Wroclaw,Czarnowiejska 80/78,66111523096,2023-04-19,payment,2023-10-23
Roksana,Wendt,+48 358 115 139,Krakow,Pilsudskiego 11/72,68031256885,2024-10-03,payment,2021-02-16
Daniel,Stąpór,+48 276 773 443,Wroclaw,Olawska 84/33,95030800142,2022-11-02,payment,2021-08-26
Daniel,Boruń,+48 391 775 986,Krakow,Kasprowicza 52/14,81062005749,2020-12-25,payment,2024-05-25
Franciszek,Zimmer,+48 789 616 976,Poznan,Staroleka 57/52,47061747879,2024-11-06,payment,2021-12-05
Adrian,Jakoniuk,+48 125 451 751,Wroclaw,Swidnicka 29/97,79012122543,2021-07-19,payment,2021-02-26
Radosław,Mirga,+48 584 356 687,Gdansk,Podgorna 59/32,80060980197,2022-11-28,contract signing,2022-11-12
Borys,Zagozda,+48 572 652 881,Krakow,Jozefa 91/21,00112154794,2021-07-26,payment,2021-02-21
Rozalia,Bartoszczyk,+48 468 963 517,Poznan,Garbary 58/20,50040317901,2020-10-12,payment,2023-01-01
Aurelia,Aleksiejuk,+48 593 611 438,Wroclaw,Trzmielowice 30/16,57061353084,2023-03-21,payment,2021-10-20
Kamila,Kłysz,+48 621 993 437,Krakow,Podgorki 54/80,72100104810,2021-09-20,contract signing,2022-12-13
Kazimierz,Gonsior,+48 821 101 999,Gdansk,Piastowska 98/34,49051413878,2022-01-31,payment,2021-02-05
Anita,Burza,+48 413 924 632,Poznan,Laskotelna 1/6,40070983928,2024-06-22,payment,2023-12-05
Dagmara,Pal,+48 563 836 858,Gdansk,Alei Grunwaldzka 71/1,52082423781,2021-07-04,payment,2020-12-27
Rozalia,Pałgan,+48 378 321 557,Wroclaw,Ziebicka 77/29,50011053614,2024-02-05,payment,2020-11-13
Gaja,Roszkiewicz,+48 284 803 382,Krakow,Mysliwska 27/46,75031937153,2024-04-02,contract signing,2021-01-18
Rozalia,Wołoszczuk,+48 902 353 271,Poznan,Czajkowska 81/22,85040940860,2020-02-20,payment,2021-12-20
Łukasz,Ficoń,+48 957 661 115,Poznan,Gorzyslawa 95/40,46011070061,2024-09-29,payment,2020-12-25
Robert,Smykała,+48 647 157 868,Gdansk,Rynkowska 99/10,75080276151,2020-01-18,payment,2020-09-18
Maurycy,Janoszka,+48 756 290 520,Wroclaw,Polan 72/71,02071859260,2022-09-18,payment,2020-07-01
Kornel,Koczy,+48 777 730 598,Poznan,Czajkowska 4/9,97012582932,2022-09-02,payment,2022-09-16
Hubert,Brańka,+48 525 739 191,Warsaw,Woronicza 10/20,47041591407,2024-08-26,payment,2024-05-02
Eliza,Rećko,+48 122 822 430,Wroclaw,Mickiewicza 97/90,59101440338,2024-03-06,payment,2024-12-25
Karina,Juszczuk,+48 335 201 207,Gdansk,Podwale Staromiejskie 15/38,06041327955,2021-03-13,payment,2020-02-02
Mieszko,Podsiadła,+48 768 189 111,Krakow,Odrzanska 53/50,60020258775,2023-12-02,payment,2024-12-07
Krystyna,Penar,+48 380 280 987,Poznan,Przybyszowska 58/58,66021682616,2022-05-09,payment,2022-09-15
Leon,Malcher,+48 622 430 850,Krakow,Mysliwska 45/16,83032058595,2021-01-01,payment,2021-01-28
Krystian,Kohnke,+48 229 174 544,Warsaw,Narbutta 14/76,86092849046,2024-10-24,payment,2021-11-12
Ksawery,Boba,+48 513 503 429,Gdansk,Zaspa 17/73,96122022493,2024-01-23,payment,2021-10-20
Wojciech,Matuszyk,+48 990 748 718,Wroclaw,Piekarska 46/32,70072125433,2021-01-19,payment,2024-02-17
Mateusz,Ochal,+48 283 444 427,Krakow,Lipowa 1/74,89102180045,2020-08-25,payment,2023-04-02
Leonard,Mokwa,+48 241 374 699,Krakow,Krolowej Jadwigi 54/81,80021729236,2022-08-19,payment,2022-08-04
Julianna,Pazik,+48 339 759 304,Krakow,Swietokrzyska 58/2,87052010878,2023-10-15,payment,2022-03-25
Olaf,Jaremko,+48 493 136 471,Krakow,Wielopole 32/37,79021017809,2024-08-05,payment,2023-12-11
Marcel,Andrukiewicz,+48 343 711 677,Wroclaw,Sudecka 89/2,87101440805,2020-11-20,contract signing,2023-08-03
Dawid,Malon,+48 395 231 954,Warsaw,Inzynierska 85/41,67120569680,2020-09-16,payment,2021-02-27
Janina,Gruszczyk,+48 594 817 976,Gdansk,Gdanska 55/12,90022159866,2022-03-13,payment,2020-02-07
Blanka,Piwowarek,+48 366 951 129,Gdansk,Podgorna 85/95,91040350077,2023-04-21,payment,2022-02-02
Maciej,Niechciał,+48 420 418 647,Krakow,Florianska 77/81,84021121074,2024-06-17,payment,2023-04-20
Maciej,Kusztal,+48 447 649 389,Krakow,Pilsudskiego 8/56,49122738152,2023-07-18,payment,2022-08-02
Dagmara,Krzan,+48 368 657 732,Gdansk,Swinoujscie 72/89,88110904207,2022-11-16,payment,2023-04-06
Ernest,Łokaj,+48 633 760 667,Poznan,Blazenkowska 54/49,04080619147,2024-06-02,payment,2023-11-27
Dorota,Bondyra,+48 411 395 837,Wroclaw,Legnicka 92/38,91081404199,2024-05-02,payment,2020-07-07
Dagmara,Chwała,+48 563 908 680,Gdansk,Morska 9/86,70110552191,2020-04-10,payment,2021-04-23
Malwina,Kasiak,+48 931 405 741,Krakow,Mysliwska 3/58,02060143583,2024-11-17,payment,2022-05-14
Oliwier,Jakimiak,+48 830 578 748,Warsaw,Mlynarska 16/42,60072763092,2024-10-28,payment,2024-12-08
Justyna,Husak,+48 345 897 398,Krakow,Lipowa 56/57,65110646089,2022-10-16,payment,2024-02-25
Rafał,Drobik,+48 103 871 357,Krakow,Kasprowicza 19/5,64122725821,2023-05-06,payment,2021-06-25
Elżbieta,Kohut,+48 901 371 599,Wroclaw,Grabiszynska 28/61,99121339021,2021-11-21,payment,2020-03-28
Marcel,Zajko,+48 830 990 353,Warsaw,Powisle 77/98,70011347539,2020-10-28,payment,2020-06-16
Konstanty,Pabisiak,+48 246 744 364,Wroclaw,Czarnowiejska 58/27,66070681109,2024-08-16,payment,2020-07-25
Andrzej,Wódka,+48 724 367 895,Krakow,Rzeszowska 90/65,74032827094,2020-05-22,payment,2023-11-08
Blanka,Kubek,+48 898 133 682,Poznan,Staroleka 89/74,92080786934,2023-10-04,payment,2020-02-04
Roksana,Smolorz,+48 445 321 986,Wroclaw,Hutnicza 58/48,58061110778,2022-05-25,payment,2024-05-13
Inga,Garbaciak,+48 506 762 160,Wroclaw,Czarnowiejska 100/74,90021470094,2022-04-10,payment,2020-06-01
Janina,Betka,+48 950 552 993,Gdansk,Alei Grunwaldzka 65/18,58072095381,2022-05-26,contract signing,2020-12-27
Tadeusz,Ogłaza,+48 678 885 624,Poznan,Kroniki 83/32,61052136631,2023-03-11,payment,2020-11-21
Krystyna,Kasica,+48 479 881 193,Wroclaw,Sudecka 75/3,87110975677,2021-12-09,payment,2022-02-25
Dariusz,Prasek,+48 484 715 686,Wroclaw,Katedralna 8/42,06060962599,2021-03-19,payment,2021-08-04
Jacek,Smykla,+48 918 901 779,Poznan,Pieciomorgowa 6/2,80121263599,2022-09-09,payment,2022-02-11
Kajetan,Stanclik,+48 569 624 344,Poznan,Polwiejska 42/91,77092302477,2024-09-19,payment,2024-11-03
Fabian,Szott,+48 591 443 907,Gdansk,Karpacka 12/40,50090200268,2021-04-14,payment,2024-02-14
Ignacy,Sobkiewicz,+48 645 706 536,Gdansk,Alei Grunwaldzka 2/65,90061385228,2020-05-17,payment,2023-01-19
Lidia,Mierzwiak,+48 462 904 318,Wroclaw,Mickiewicza 63/76,42091330077,2022-07-22,payment,2022-01-18
Nela,Cheba,+48 704 210 608,Wroclaw,Swidnicka 50/66,62122601394,2023-05-08,payment,2023-06-26
Grzegorz,Misiuk,+48 812 438 313,Gdansk,Piastowska 24/16,62061326006,2023-09-09,payment,2024-01-03
Krystian,Domino,+48 174 464 575,Poznan,Poludniowa 20/45,55091753432,2023-10-01,payment,2022-05-09
Adam,Dymarczyk,+48 526 628 672,Gdansk,Bociania 25/24,68022780669,2023-12-23,payment,2023-05-01
Karol,Pospiech,+48 756 494 190,Poznan,Poludniowa 29/6,76111254704,2023-07-12,payment,2021-02-28
Ida,Mikusek,+48 918 783 114,Krakow,Dluga 52/43,47011711596,2021-11-09,contract signing,2022-04-02
Jędrzej,Szczesiak,+48 698 746 112,Wroclaw,Ziebicka 59/100,43120961905,2021-07-03,payment,2021-12-23
Rozalia,Chlebda,+48 972 554 696,Krakow,Dluga 85/2,72082548152,2024-03-17,payment,2020-11-27
Aniela,Denkiewicz,+48 148 809 912,Warsaw,Limanowskiego 60/10,93101870384,2021-06-17,payment,2023-08-08
Arkadiusz,Tecław,+48 596 353 113,Krakow,Aleja Roz 63/42,54121831010,2023-07-29,payment,2020-08-06
Kacper,Hanas,+48 913 307 920,Krakow,Centralna 14/13,85061097822,2021-11-24,payment,2022-06-30
Adrian,Zajko,+48 259 619 898,Warsaw,Marszalkowska 46/87,75111646100,2020-07-22,payment,2024-07-26
Karol,Wrochna,+48 596 232 390,Gdansk,Karpacka 7/13,44072279430,2021-01-10,payment,2022-02-15
Anita,Sałuda,+48 167 365 762,Warsaw,Ludwika Rydygiera 94/75,64070996128,2022-10-22,payment,2021-04-12
Urszula,Posmyk,+48 135 771 309,Wroclaw,Obornicka 16/33,97100483008,2020-08-26,payment,2022-06-09
Fabian,Bilik,+48 495 197 159,Poznan,Poludniowa 68/25,83060733086,2022-01-16,payment,2022-11-19
Bruno,Linek,+48 270 688 309,Wroclaw,Trzmielowice 25/86,57102568327,2022-06-18,payment,2024-08-04
Kamila,Szarpak,+48 240 228 341,Wroclaw,Olawska 24/23,45012750684,2022-09-23,contract signing,2022-05-09
Kornelia,Chwała,+48 850 952 417,Wroclaw,Olawka 20/62,40121910631,2021-07-25,payment,2020-01-04
Sylwia,Linke,+48 825 160 267,Krakow,Pieciomorgowa 3/38,58082874466,2022-01-04,payment,2020-04-08
Norbert,Gzyl,+48 608 714 205,Wroclaw,Legnicka 19/51,49122684293,2020-05-08,payment,2021-08-16
Leon,Wyrwał,+48 299 110 405,Warsaw,Ludwika Rydygiera 37/53,97090144941,2021-11-12,payment,2023-07-26
Rafał,Kulus,+48 850 118 471,Wroclaw,Hutnicza 82/20,69011502769,2021-11-25,payment,2021-07-07
Sylwia,Pietryga,+48 532 985 243,Krakow,Lipowa 97/24,42101927169,2023-03-28,payment,2020-07-30
Nataniel,Goj,+48 473 878 562,Warsaw,Zabkowska 80/67,79102013737,2020-04-19,payment,2024-10-17
Nicole,Dębosz,+48 311 722 151,Krakow,Plac Nowy 16/68,59081132492,2022-09-25,payment,2020-03-23
Kalina,Kiljan,+48 794 197 184,Warsaw,Stalowa 12/10,72042497742,2021-02-18,contract signing,2021-09-25
Krystyna,Maraszek,+48 678 458 761,Gdansk,Alei Grunwaldzka 33/11,44031110822,2024-02-13,payment,2022-11-28
Bartek,Famuła,+48 539 335 899,Warsaw,Lechitow 41/80,72010618339,2024-06-17,payment,2024-07-21
Wiktor,Rosłon,+48 379 980 135,Gdansk,Zaspa 36/42,63082537712,2024-06-07,payment,2021-08-15
Anita,Langiewicz,+48 873 403 889,Poznan,Laskotelna 4/94,82072497706,2021-02-21,payment,2020-10-11
Dorota,Pleban,+48 655 313 916,Krakow,Chorazowka 55/66,72112761199,2022-03-19,payment,2023-07-13
Gaja,Mokwa,+48 865 139 438,Warsaw,Mlynarska 42/70,74050749471,2022-05-06,payment,2022-08-19
Iwo,Żelazek,+48 748 919 681,Krakow,Florianska 73/74,83080976643,2022-02-21,payment,2024-09-07
Inga,Bujko,+48 646 990 472,Gdansk,Alei Grunwaldzka 81/51,51100570711,2023-10-15,payment,2020-04-15
Tomasz,Żyrek,+48 973 697 639,Wroclaw,Olawka 99/66,77102504316,2023-03-19,payment,2022-02-03
Ignacy,Zdziech,+48 438 287 173,Poznan,Kroniki 48/93,85102378923,2020-06-06,payment,2020-11-12
Olgierd,Oleksiewicz,+48 872 533 165,Warsaw,Chmielna 20/98,45102670036,2024-05-19,payment,2023-10-08
Marcelina,Smalec,+48 286 725 997,Wroclaw,Trzmielowice 36/10,84090413102,2024-04-02,payment,2024-11-20
Natasza,Goś,+48 770 635 861,Gdansk,Aleja Jana Pawla II 58/87,57030401099,2021-10-08,payment,2022-03-16
Piotr,Chwalisz,+48 772 814 350,Gdansk,Rynkowska 5/29,81050606583,2021-12-29,payment,2022-04-24
Andrzej,Pizoń,+48 527 589 115,Warsaw,Swietokrzyska 60/6,96040683013,2020-06-18,contract signing,2021-01-21
Nikodem,Czochara,+48 486 221 592,Warsaw,Narbutta 16/62,91032738364,2020-09-22,payment,2021-09-24
Ewa,Malcharek,+48 269 575 929,Warsaw,Bialostocka 82/65,60102581999,2020-01-24,contract signing,2021-11-02
Mateusz,Kołpak,+48 376 867 127,Warsaw,Stalowa 25/10,68061962206,2024-08-23,payment,2021-11-06
Justyna,Ochota,+48 816 500 186,Wroclaw,Osobowicka 67/73,44122269381,2022-05-08,payment,2023-05-18
Alan,Ciepluch,+48 578 538 939,Krakow,Wielopole 52/99,58080179570,2021-10-09,payment,2020-09-26
Andrzej,Stwora,+48 771 300 493,Gdansk,Abrahama 92/19,77020271796,2023-06-27,payment,2023-03-15
Julianna,Michalczak,+48 511 455 915,Poznan,Wlasnosciowa 42/57,44110544931,2021-08-18,contract signing,2023-11-30
Rozalia,Bastek,+48 295 198 994,Krakow,Jozefa 16/18,89010862002,2021-08-18,contract signing,2020-06-28
Kaja,Feret,+48 673 500 556,Poznan,Wiosna 65/23,05100536459,2023-11-29,payment,2021-09-16
Urszula,Ciereszko,+48 308 484 542,Krakow,Krolowej Jadwigi 12/34,05102411916,2022-08-21,payment,2021-09-11
Aniela,Kuźnia,+48 831 719 921,Krakow,Podgorki 83/12,70071811887,2021-01-01,payment,2023-10-27
Kalina,Bzdęga,+48 867 276 268,Poznan,Opolska 57/86,45091718894,2022-01-27,payment,2020-03-12
Adrianna,Block,+48 583 730 529,Poznan,Opolska 30/92,60070977781,2021-05-20,payment,2024-03-11
Kornelia,Czulak,+48 768 848 764,Krakow,Plac Nowy 65/9,68051104692,2024-07-08,payment,2023-02-02
Antoni,Oleszczak,+48 976 639 502,Poznan,Kraszewskiego 99/85,93110418081,2021-11-21,payment,2020-09-28
Grzegorz,Rembacz,+48 737 950 667,Poznan,Grunwaldzka 7/10,49092394176,2021-08-08,payment,2024-01-21
Borys,Steciuk,+48 398 630 792,Krakow,Pieciomorgowa 17/73,57062011095,2021-05-24,payment,2024-11-05
Julianna,Madajczyk,+48 827 697 272,Krakow,Odrzanska 69/3,70020232970,2022-04-11,contract signing,2020-10-25
Nikodem,Kurpisz,+48 401 341 117,Wroclaw,Swietego Mikolaja 69/18,94050203650,2024-01-15,payment,2020-05-03
Bruno,Hapka,+48 360 851 777,Wroclaw,Mickiewicza 66/87,02062551375,2021-04-02,contract signing,2020-06-09
Leon,Komander,+48 846 474 189,Krakow,Pilsudskiego 80/100,92101704260,2023-05-24,contract signing,2023-03-08
Sebastian,Pyszny,+48 375 564 295,Gdansk,Morska 86/65,57040192714,2023-05-23,contract signing,2022-05-27
Eliza,Płócienniczak,+48 779 429 264,Warsaw,Chmielna 81/43,61101840315,2024-05-20,payment,2022-09-12
Fryderyk,Dyszy,+48 942 225 487,Krakow,Grodzka 6/78,63090252302,2023-06-01,contract signing,2024-11-12
Ignacy,Stochmal,+48 653 114 190,Poznan,Wiosna 78/58,95031792778,2024-04-01,contract signing,2022-08-23
Fryderyk,Działa,+48 748 742 148,Poznan,Strzeszynska 49/70,84042009810,2021-11-30,payment,2020-03-15
Sylwia,Pachnik,+48 418 446 777,Gdansk,Nowe Wrota 85/31,88100371653,2023-09-17,payment,2023-05-12
Angelika,Łachacz,+48 239 854 487,Gdansk,Morska 2/38,85042359592,2020-03-26,payment,2022-08-08
Marcin,Mosur,+48 249 417 511,Poznan,Wlasnosciowa 68/1,74061635958,2021-01-13,payment,2021-09-04
Janina,Liss,+48 355 681 578,Wroclaw,Ziebicka 74/100,90110454477,2020-09-03,payment,2021-12-31
Tadeusz,Kalista,+48 599 551 162,Poznan,Polwiejska 95/13,96010405380,2020-11-23,payment,2023-10-30
Krystyna,Koniec,+48 187 261 729,Gdansk,Targ Weglowy 15/77,56101050851,2023-03-27,contract signing,2021-03-27
Marcel,Kij,+48 397 923 312,Poznan,Strzeszynska 73/30,56031794047,2022-10-28,payment,2021-09-24
Olga,Latuszek,+48 199 913 608,Gdansk,Morska 93/86,74100307729,2022-11-02,payment,2023-07-07
Olaf,Cop,+48 312 436 816,Krakow,Mysliwska 53/33,60102141128,2024-07-09,payment,2023-06-16
Marianna,Adamaszek,+48 518 473 182,Wroclaw,Rynkowska 57/33,52111391018,2023-11-04,payment,2020-01-31
Stanisław,Wałdoch,+48 564 492 861,Wroclaw,Aleja 1 Maja 49/94,88052226076,2024-05-17,payment,2024-08-11
Cezary,Wiertel,+48 603 942 856,Poznan,Kroniki 7/85,94030682994,2022-11-24,payment,2024-01-10
Nicole,Nyc,+48 473 199 454,Poznan,Garbary 70/68,98022357550,2022-01-01,payment,2023-03-25
Sonia,Kubasiewicz,+48 295 726 440,Gdansk,Abrahama 31/8,80110994215,2023-11-20,contract signing,2022-02-05
Alan,Myk,+48 502 368 551,Krakow,Wielopole 72/31,06011300317,2020-07-21,payment,2022-11-21
Sebastian,Młotek,+48 450 518 410,Wroclaw,Katedralna 95/85,95102855744,2020-08-06,payment,2020-02-14
Sebastian,Korta,+48 183 981 324,Wroclaw,Osobowicka 3/66,91031008015,2023-01-29,payment,2024-07-01
Ida,Polewka,+48 497 343 330,Warsaw,Woronicza 2/2,01031056482,2024-08-21,payment,2020-05-10
Karina,Cyganik,+48 522 500 756,Wroclaw,Grabiszynska 20/11,61120208497,2020-02-18,payment,2024-07-24
Cezary,Wijata,+48 850 666 611,Warsaw,Zabkowska 19/45,42020897903,2021-04-14,payment,2024-06-14
Dariusz,Mokwa,+48 406 835 973,Wroclaw,Legnicka 4/12,48082440787,2020-06-16,payment,2023-10-29
Ada,Radke,+48 675 192 275,Poznan,Laskowicka 80/55,00031611947,2023-03-14,payment,2024-02-05
Angelika,Szyma,+48 267 195 316,Poznan,Laskocze 60/43,82090495586,2024-07-09,payment,2024-02-03
Gabriel,Borysiewicz,+48 886 623 392,Poznan,Wlasnosciowa 88/47,80052780077,2022-07-07,contract signing,2024-04-04
Sylwia,Strzelczak,+48 466 504 792,Wroclaw,Piekarska 14/25,91091112336,2024-12-14,payment,2024-03-17
Tola,Heba,+48 115 230 665,Wroclaw,Czarnowiejska 83/64,52100514271,2021-02-14,payment,2021-05-21
Marianna,Langier,+48 650 141 188,Poznan,Wlasnosciowa 27/44,93072158632,2023-12-04,payment,2023-08-31
Inga,Kusio,+48 133 886 417,Warsaw,Klopot 66/25,45052516343,2021-04-03,payment,2024-01-25
Agnieszka,Białka,+48 889 253 357,Wroclaw,Trzmielowice 13/38,71042816762,2022-02-08,payment,2021-07-14
Elżbieta,Smal,+48 981 733 980,Wroclaw,Swietego Mikolaja 15/65,99112023296,2024-06-23,payment,2020-08-09
Krystian,Kołpak,+48 568 249 811,Gdansk,Rynkowska 62/61,86010432851,2020-12-10,payment,2020-09-14
Gaja,Chromy,+48 501 544 143,Wroclaw,Aleja 1 Maja 31/77,66100442254,2021-02-25,payment,2023-06-19
Mieszko,Reichel,+48 695 623 236,Gdansk,Karpacka 96/31,75070773770,2024-04-19,payment,2021-07-08
Lidia,Czesak,+48 330 932 647,Poznan,Kroniki 5/16,47121605938,2022-07-03,payment,2020-05-14
Maks,Naczk,+48 869 307 519,Wroclaw,Obornicka 55/79,93022804552,2020-07-08,payment,2020-12-09
Jędrzej,Lica,+48 521 164 279,Poznan,Wlasnosciowa 20/16,48081671607,2024-07-30,payment,2020-11-22
Angelika,Kiedrowicz,+48 433 973 819,Warsaw,Batory 64/23,48031550226,2021-06-04,payment,2024-10-23
Jacek,Goliszek,+48 908 945 348,Warsaw,Klopot 100/58,91100349744,2022-08-05,contract signing,2022-05-22
Inga,Milczarczyk,+48 922 767 303,Krakow,Odrzanska 20/91,60070898019,2021-07-18,contract signing,2023-04-14
Fryderyk,Samoraj,+48 293 914 201,Krakow,Aleja Roz 34/11,04031448893,2022-10-07,contract signing,2023-12-25
Marek,Rurka,+48 637 642 720,Krakow,Krolowej Jadwigi 34/10,66041875520,2024-12-21,payment,2024-11-17
Gaja,Bakiera,+48 906 716 627,Wroclaw,Grabiszynska 74/85,45010452410,2024-10-20,payment,2020-01-04
Tadeusz,Bok,+48 617 258 293,Warsaw,Marszalkowska 59/12,60081020717,2024-05-05,payment,2020-09-30
Dorota,Miszkiewicz,+48 848 222 670,Gdansk,Alei Grunwaldzka 97/39,97030591082,2022-05-20,contract signing,2021-08-14
Apolonia,Małyszek,+48 188 737 137,Warsaw,Wilenska 51/23,53061268643,2024-08-26,payment,2024-04-11
Aniela,Łyś,+48 256 502 891,Poznan,Staroleka 11/80,57102250547,2024-08-05,payment,2024-06-27
Blanka,Cierpisz,+48 771 831 979,Poznan,Strzeszynska 91/16,79010272653,2020-08-18,payment,2020-02-26
Nela,Księżyk,+48 864 427 471,Wroclaw,Olawska 62/63,00022151683,2020-11-23,payment,2021-03-14
Sebastian,Mazik,+48 713 948 505,Krakow,Karmelicka 40/9,45092782126,2020-06-20,contract signing,2022-12-12
Igor,Drela,+48 280 311 154,Wroclaw,Grabiszynska 7/80,58052439635,2021-02-04,payment,2022-11-04
Fryderyk,Skutnik,+48 476 428 936,Gdansk,Dluga 96/92,04020523301,2024-10-15,payment,2022-02-06
Krzysztof,Maciuk,+48 744 408 996,Krakow,Wielopole 59/67,88061996870,2021-06-06,payment,2021-08-01
Sylwia,Laszuk,+48 835 405 640,Gdansk,Karpacka 40/90,53111647932,2020-04-18,payment,2022-11-15
Krystyna,Utrata,+48 711 983 881,Warsaw,Bialostocka 57/38,75070372290,2022-02-12,payment,2024-09-17
Mikołaj,Garncarek,+48 439 156 690,Wroclaw,Mickiewicza 77/60,76122856081,2023-07-07,contract signing,2024-05-11
Kacper,Welc,+48 287 612 741,Poznan,Czajkowska 75/54,87042823961,2023-08-16,payment,2024-08-16
Dorota,Idzi,+48 228 499 572,Poznan,Zernickie 57/39,48102310854,2021-10-16,payment,2023-05-05
Natasza,Ścibisz,+48 282 251 819,Warsaw,Inzynierska 11/42,41100324007,2020-11-22,payment,2020-01-07
Ignacy,Kruś,+48 687 832 479,Gdansk,Wielki Mlyn 97/94,76102641391,2023-08-08,payment,2020-12-16
Mieszko,Patora,+48 795 802 967,Warsaw,Chmielna 67/97,86012579527,2021-03-20,contract signing,2020-02-23
Szymon,Hermanowicz,+48 330 339 405,Krakow,Kasprowicza 60/90,76101028391,2023-09-13,payment,2021-06-08
Albert,Szylar,+48 128 823 178,Warsaw,Powisle 97/67,99011131940,2023-01-09,payment,2024-03-01
Aniela,Sakwa,+48 991 248 377,Gdansk,Ostroda 9/26,06122054004,2024-05-25,payment,2024-12-01
Paweł,Trawka,+48 589 247 109,Gdansk,Rynkowska 57/56,95032801813,2023-12-07,payment,2021-09-04
Tymon,Pawela,+48 401 703 512,Gdansk,Abrahama 82/72,71080628714,2023-01-22,payment,2023-07-29
Hubert,Pietrewicz,+48 756 307 445,Poznan,Gorzyslawa 17/68,81031346321,2022-03-29,payment,2022-06-04
Adam,Kandora,+48 127 235 316,Wroclaw,Mickiewicza 33/35,93080999948,2021-11-09,payment,2023-01-09
Maurycy,Dąbkiewicz,+48 142 120 245,Warsaw,Targowa 22/32,75112340522,2023-09-15,payment,2021-12-21
Grzegorz,Malecha,+48 561 716 353,Wroclaw,Biskupin 45/9,51032555534,2020-08-24,payment,2020-02-27
Kacper,Bytner,+48 936 189 688,Wroclaw,Mokotowska 34/23,83041022790,2021-02-12,payment,2021-01-29
Kornelia,Groth,+48 507 631 512,Warsaw,Narbutta 68/86,42061261022,2022-08-04,payment,2024-01-19
Monika,Lelito,+48 102 999 741,Krakow,Krolowej Jadwigi 1/59,85090568809,2020-07-27,contract signing,2022-05-15
Maksymilian,Żołna,+48 360 481 759,Gdansk,Polski Czerwony Krzyz 25/14,63021706438,2023-02-18,payment,2021-12-17
Aurelia,Basak,+48 499 421 861,Warsaw,Chmielna 47/27,50031614426,2020-10-29,payment,2021-07-26
Stefan,Kapciak,+48 593 230 271,Wroclaw,Miejska 51/33,98111495147,2023-03-07,payment,2023-01-10
Wiktor,Tekieli,+48 359 986 341,Gdansk,Swinoujscie 67/50,05011953877,2021-10-26,payment,2020-07-20
Tomasz,Wandzel,+48 408 641 518,Warsaw,Narbutta 52/66,80122288766,2023-08-24,payment,2020-01-23
Kazimierz,Aleksiejuk,+48 308 812 355,Gdansk,Alei Grunwaldzka 46/84,51051245502,2023-12-07,payment,2020-06-08
Ida,Jarema,+48 707 551 543,Poznan,Czajkowska 7/96,68101649968,2023-08-24,contract signing,2021-03-04
Daniel,Ziegler,+48 312 931 750,Poznan,Staroleka 38/76,59010604920,2024-12-30,payment,2021-11-05
Olgierd,Herba,+48 362 569 191,Wroclaw,Sudecka 44/88,93102221646,2023-07-20,payment,2024-11-09
Ksawery,Hartman,+48 705 540 148,Warsaw,Stalowa 44/11,92051648018,2021-01-24,payment,2020-08-30
Bruno,Olkowicz,+48 270 927 427,Krakow,Odrzanska 10/41,56030439297,2023-02-26,payment,2024-01-14
Adrianna,Kut,+48 641 781 118,Wroclaw,Aleja 1 Maja 90/80,70092163404,2022-04-09,contract signing,2020-12-02
Melania,Sado,+48 455 750 711,Warsaw,Mlynarska 31/93,80022847038,2023-05-21,payment,2023-07-21
Emil,Brodowicz,+48 559 614 154,Wroclaw,Zaodrze 14/38,46031152929,2023-12-22,payment,2023-09-07
Antoni,Ignatiuk,+48 648 916 459,Warsaw,Pulawska 22/54,60021209701,2023-12-31,payment,2022-05-17
Ignacy,Olchawa,+48 676 778 730,Wroclaw,Czarnowiejska 20/47,86020394374,2022-08-11,payment,2024-03-10
Aleks,Tabisz,+48 996 907 672,Warsaw,Ludwika Rydygiera 50/5,85071952621,2023-02-11,payment,2022-08-03
Tomasz,Waniek,+48 793 559 526,Warsaw,Rakowiecka 55/92,72122616728,2020-05-30,payment,2022-01-11
Anastazja,Kruszka,+48 495 634 738,Gdansk,Zaspa 5/75,78082338287,2020-09-21,payment,2021-12-08
Alan,Tylus,+48 819 596 494,Warsaw,Rakowiecka 49/82,99031528326,2020-01-28,payment,2023-12-03
Rozalia,Rzeszut,+48 592 186 519,Gdansk,Abrahama 74/61,44032287864,2020-12-06,payment,2020-09-13
Radosław,Kuryś,+48 925 883 887,Gdansk,Gdanska 80/86,74090172086,2024-06-14,payment,2022-06-09
Jakub,Przewłoka,+48 919 948 768,Wroclaw,Trzmielowice 47/20,91121140728,2022-06-08,payment,2020-08-01
Ernest,Pikula,+48 877 669 873,Poznan,Staroleka 16/65,71030938676,2024-12-20,payment,2023-08-11
Ida,Twardy,+48 360 404 286,Poznan,Blazenkowska 1/7,81061330585,2023-01-11,payment,2022-01-13
Ewelina,Basaj,+48 455 672 372,Poznan,Opolska 60/46,70051089178,2023-09-29,payment,2022-11-06
Elżbieta,Mycek,+48 764 776 587,Poznan,Kroniki 80/89,87012253842,2022-07-27,contract signing,2022-03-19
Monika,Kozubal,+48 323 414 142,Wroclaw,Miejska 9/27,46100822807,2021-02-13,payment,2022-12-02
Blanka,Bąkiewicz,+48 814 660 651,Gdansk,Nowe Wrota 97/38,45010516976,2021-02-05,contract signing,2020-05-21
Dorota,Gawłowicz,+48 456 279 240,Poznan,Laskowicka 28/38,01021034452,2020-08-06,payment,2021-08-30
Rafał,Nieścioruk,+48 670 139 907,Krakow,Jana Pawla II 93/67,70061661559,2023-08-20,payment,2024-11-14
Natasza,Bogaczyk,+48 750 388 680,Poznan,Przybyszowska 96/84,61092306692,2023-02-28,payment,2021-10-06
Nikodem,Gołota,+48 672 275 385,Wroclaw,Rynkowska 15/9,57100565302,2022-01-02,payment,2022-05-14
Stanisław,Lenc,+48 643 419 284,Poznan,Laskotelna 88/8,69111099495,2023-01-08,payment,2020-03-09
Kamila,Gmurczyk,+48 755 677 781,Wroclaw,Ziebicka 91/71,06061222023,2022-05-12,payment,2022-09-30
Krzysztof,Frydrychowicz,+48 153 991 780,Gdansk,Nowe Wrota 75/15,86120763702,2021-08-05,payment,2020-12-29
Aleksander,Foit,+48 713 489 919,Krakow,Grodzka 3/30,51021694648,2020-04-02,contract signing,2022-04-20
Łukasz,Ptok,+48 523 743 827,Poznan,Laskotelna 83/36,42051092126,2021-01-21,payment,2021-05-31
Aniela,Heczko,+48 796 557 757,Warsaw,Batory 13/38,79042323114,2023-08-13,payment,2023-06-27
Ewelina,Karpiel,+48 241 108 336,Poznan,Zernickie 12/3,76122387659,2023-02-04,payment,2021-01-29
Róża,Konrad,+48 321 448 847,Gdansk,Gdanska 18/31,82012839719,2024-05-24,payment,2023-09-07
Gaja,Zdziech,+48 205 922 803,Warsaw,Powisle 16/1,98061080440,2020-07-30,payment,2023-09-30
Eryk,Żok,+48 144 664 269,Wroclaw,Katedralna 7/3,58011791961,2021-11-22,payment,2023-06-25
Witold,Wojtyna,+48 681 576 717,Warsaw,Krasinskiego 47/84,05072016887,2021-03-28,payment,2022-01-28
Julita,Jakoniuk,+48 574 771 298,Gdansk,Zaspa 76/81,61082271331,2021-03-23,contract signing,2024-06-09
Rafał,Szumny,+48 722 203 772,Warsaw,Ludwika Rydygiera 3/55,67110420834,2020-05-06,payment,2024-10-30
Adrianna,Karwan,+48 374 569 606,Poznan,Czajkowska 81/65,64080716176,2020-09-15,payment,2020-09-22
Dominik,Mejer,+48 591 606 179,Poznan,Dabrowa 98/86,86072462328,2021-08-20,payment,2021-07-16
Anna Maria,Dziurla,+48 267 209 120,Wroclaw,Zaodrze 83/39,98121416602,2023-08-21,payment,2022-05-30
Aurelia,Zarzeczna,+48 698 896 612,Wroclaw,Ziebicka 27/33,52080635799,2024-08-07,payment,2021-04-21
Kacper,Hołota,+48 371 900 670,Warsaw,Bialostocka 12/8,47011793448,2024-04-15,payment,2021-01-09
Dorota,Naumiuk,+48 549 690 123,Wroclaw,Legnicka 99/48,77010761094,2020-09-15,payment,2024-08-27
Robert,Saran,+48 854 274 926,Poznan,Opolska 12/85,40071732910,2023-01-15,payment,2024-09-08
Dagmara,Kozubal,+48 867 244 736,Gdansk,Ostroda 81/5,90051817186,2020-12-13,contract signing,2022-01-09
Ida,Wizner,+48 523 343 654,Gdansk,Swietego Ducha 64/45,87022000612,2020-05-05,payment,2021-03-06
Adam,Prokopczyk,+48 201 699 768,Warsaw,Bialostocka 75/99,62090721324,2020-09-23,payment,2024-04-12
Inga,Ostapiuk,+48 597 670 366,Gdansk,Gdanska 2/81,58022758065,2024-08-24,payment,2020-12-10
Leonard,Niedośpiał,+48 977 922 966,Gdansk,Dlugi Targ 89/11,79091078751,2024-12-27,payment,2023-07-18
Ewelina,Szmelter,+48 709 874 104,Poznan,Garbary 6/57,97021858055,2021-11-29,payment,2020-08-02
Przemysław,Jażdżyk,+48 514 790 160,Warsaw,Zabkowska 43/35,78080196250,2020-09-28,payment,2021-05-06
Daniel,Maculewicz,+48 277 407 637,Warsaw,Swietokrzyska 99/2,40051175140,2024-09-25,payment,2021-03-31
Mikołaj,Ulrych,+48 705 842 446,Poznan,Mikolajewska 41/30,87070948414,2023-04-26,payment,2021-02-12
Karol,Matejuk,+48 932 165 432,Poznan,Przybyszowska 24/7,87091937541,2020-01-29,payment,2023-03-07
Karol,Jaszcz,+48 890 985 928,Warsaw,Swietokrzyska 4/17,96021900922,2020-10-13,contract signing,2020-12-16
Maurycy,Bazyluk,+48 145 681 824,Poznan,Tory 29/27,83101942163,2023-04-05,payment,2023-09-18
Nela,Chomiuk,+48 842 602 389,Gdansk,Rynkowska 43/21,03101447819,2020-12-28,payment,2023-06-18
Sylwia,Kandzia,+48 165 553 544,Gdansk,Morska 47/18,58081900100,2023-08-01,payment,2020-04-05
Bianka,Franaszek,+48 555 599 939,Poznan,Kroniki 93/81,99061536849,2024-04-17,payment,2023-02-02
Tymoteusz,Babij,+48 467 981 773,Wroclaw,Swietego Mikolaja 26/62,02091286136,2020-11-02,payment,2021-02-23
Bianka,Hrabia,+48 706 124 953,Gdansk,Nowe Wrota 60/38,05042009020,2021-03-25,payment,2023-12-14
Olaf,Kik,+48 390 190 120,Wroclaw,Aleja 1 Maja 29/61,42050746736,2021-10-02,payment,2023-05-03
Anastazja,Pacura,+48 519 615 102,Wroclaw,Katedralna 31/15,02090155505,2020-06-24,payment,2021-03-19
Marika,Biegała,+48 402 656 545,Krakow,Dluga 34/25,69031216262,2021-02-16,payment,2023-07-07
Julianna,Kozieja,+48 367 975 903,Warsaw,Sowinskiego 61/63,05021502485,2023-01-11,payment,2020-08-16
Grzegorz,Klimko,+48 320 125 913,Gdansk,Targ Weglowy 28/41,48091888527,2020-07-15,payment,2024-08-08
Kazimierz,Czura,+48 927 342 426,Warsaw,Swietokrzyska 66/41,89052391441,2022-07-08,payment,2024-05-13
Błażej,Szemraj,+48 598 875 864,Poznan,Tory 28/85,69100795759,2024-09-15,payment,2020-12-23
Igor,Jarosiewicz,+48 444 624 301,Poznan,Pieciomorgowa 50/26,60111474802,2024-10-02,payment,2020-06-13
Tomasz,Smolec,+48 736 638 706,Warsaw,Krakowskie Przedmiescie 61/57,89010406512,2022-08-18,payment,2022-05-20
Ida,Rychcik,+48 445 727 611,Krakow,Pieciomorgowa 26/100,58071801318,2022-05-06,payment,2021-07-28
Miłosz,Kamyk,+48 112 164 775,Gdansk,Trojmiasto 45/67,50120509035,2021-07-11,contract signing,2023-04-26
Karina,Jonak,+48 715 622 228,Krakow,Jana Pawla II 27/11,69061508197,2022-03-19,payment,2024-04-29
Daniel,Ziarno,+48 999 352 730,Wroclaw,Sudecka 69/37,78050676119,2024-04-28,payment,2020-05-04
Klara,Rogula,+48 796 946 500,Warsaw,Wilenska 23/51,05121680579,2022-05-12,payment,2022-01-30
Kaja,Ochnik,+48 116 613 633,Wroclaw,Sudecka 40/80,52092265355,2023-02-13,payment,2023-01-02
Ewa,Cieciura,+48 890 472 526,Wroclaw,Olawska 31/6,04052319912,2023-01-29,payment,2023-06-12
Marika,Walocha,+48 874 269 318,Warsaw,Narbutta 54/19,98040330087,2024-09-06,payment,2023-02-10
Daniel,Bekus,+48 583 265 204,Gdansk,Morska 98/73,63030439806,2024-06-09,payment,2024-02-23
Marcin,Wiencek,+48 191 957 409,Gdansk,Dlugi Targ 19/50,41112868960,2021-06-02,payment,2021-05-26
Michał,Suchojad,+48 159 935 362,Poznan,Sienkiewicza 13/50,79101986841,2023-02-11,payment,2023-02-24
Tobiasz,Rubacha,+48 264 447 762,Warsaw,Sowinskiego 71/28,53051136019,2023-01-17,payment,2024-06-24
Kaja,Kuziora,+48 994 963 659,Krakow,Karmelicka 59/17,03080542220,2022-01-19,contract signing,2023-03-08
Cezary,Bochnak,+48 123 861 687,Krakow,Wiosny Ludow 78/45,49082558188,2024-07-25,payment,2021-05-17
Anastazja,Kucharzyk,+48 261 240 161,Krakow,Karmelicka 1/15,63032073222,2024-03-27,payment,2024-09-07
Mieszko,Bodzak,+48 530 404 943,Krakow,Lobzow 87/80,71021073913,2022-11-15,payment,2020-04-29
Sandra,Tylus,+48 976 204 660,Warsaw,Marszalkowska 79/87,68021769557,2023-03-14,payment,2022-12-09
Natan,Franas,+48 191 627 545,Wroclaw,Swidnicka 1/19,97060741534,2021-01-27,payment,2020-10-27
Agnieszka,Kobza,+48 771 765 694,Warsaw,Stalowa 23/34,51081316757,2020-05-23,payment,2024-04-21
Dawid,Kadela,+48 519 139 239,Gdansk,Wielki Mlyn 82/5,64061785746,2020-08-18,payment,2022-10-04
Jeremi,Szyc,+48 977 835 376,Krakow,Pilsudskiego 34/93,56070869922,2024-02-15,payment,2020-11-13
Jędrzej,Palonek,+48 386 833 389,Krakow,Jana Pawla II 87/73,49011379468,2020-11-11,payment,2021-10-01
Kaja,Sowała,+48 407 190 723,Poznan,Swiety Marcin 47/64,55012353923,2021-04-29,payment,2024-01-14
Mikołaj,Bałdys,+48 289 390 489,Poznan,Swiety Marcin 26/7,79101900070,2021-04-21,payment,2021-08-12
Iwo,Galos,+48 349 646 627,Gdansk,Jaskowa Dolina 75/28,96041634988,2022-12-18,payment,2021-02-14
Krystian,Downar,+48 603 543 762,Poznan,Dabrowa 12/40,05060640463,2023-06-13,contract signing,2022-04-30
Mateusz,Makurat,+48 391 898 101,Krakow,Rzeszowska 35/94,87051458983,2023-08-11,payment,2020-06-07
Kaja,Piekacz,+48 692 628 174,Wroclaw,Mokotowska 72/60,54090514042,2021-03-23,payment,2020-09-20
Agnieszka,Czubaszek,+48 260 368 601,Poznan,Czajkowska 91/39,98092613316,2021-04-07,payment,2024-12-30
Filip,Wyciszkiewicz,+48 161 886 224,Gdansk,Swinoujscie 85/11,53051359784,2023-03-09,contract signing,2023-05-17
Maurycy,Seweryniak,+48 760 542 688,Gdansk,Piastowska 50/30,78031153167,2024-12-12,payment,2020-03-28
Aleksander,Ochał,+48 873 789 946,Poznan,Opolska 24/87,48032542026,2023-11-26,payment,2021-05-12
Karol,Miszkiel,+48 552 971 493,Poznan,Dabrowa 4/53,53040173360,2022-09-03,payment,2024-01-14
Karol,Radzewicz,+48 658 734 298,Poznan,Laskowicka 84/97,82101607021,2022-12-22,payment,2022-02-12
Maksymilian,Friedrich,+48 934 214 281,Warsaw,Batory 37/71,00040127813,2023-08-22,payment,2020-04-16
Łukasz,Oleśkiewicz,+48 327 934 710,Gdansk,Swietego Ducha 79/90,75070309067,2023-03-11,payment,2022-10-11
Eliza,Marchlewicz,+48 429 616 346,Poznan,Blazenkowska 48/21,71011053008,2021-05-13,payment,2022-10-05
Dorota,Han,+48 754 531 805,Warsaw,Mlynarska 10/14,98031732573,2022-01-26,payment,2024-05-20
Monika,Płodzień,+48 516 368 886,Poznan,Przybyszowska 10/28,76042611713,2020-06-20,payment,2022-04-12
Mikołaj,Towarek,+48 814 807 887,Gdansk,Rynkowska 7/75,74080173901,2023-09-07,payment,2020-05-20
Kornel,Salawa,+48 111 753 490,Warsaw,Batory 70/4,86091487421,2020-06-09,contract signing,2021-10-10
Rafał,Zieniewicz,+48 458 335 157,Wroclaw,Czarnowiejska 81/67,83032165325,2020-04-06,payment,2024-02-13
Kaja,Teter,+48 655 965 741,Poznan,Laskocze 54/39,53022427342,2021-04-01,payment,2022-11-21
Cyprian,Stebel,+48 865 763 759,Wroclaw,Mokotowska 33/46,04081185605,2021-03-23,payment,2020-04-04
Adrianna,Waraksa,+48 605 853 989,Krakow,Jana Pawla II 58/52,02100645716,2021-04-08,payment,2021-06-18
Marcin,Dzidek,+48 189 221 772,Krakow,Jozefa 42/8,41020372498,2022-06-25,payment,2024-09-24
Daniel,Smardz,+48 202 744 590,Gdansk,Nowe Wrota 37/22,42042003135,2023-10-06,payment,2023-11-13
Jan,Barej,+48 745 812 327,Poznan,Gorzyslawa 86/17,49031410521,2020-06-16,payment,2020-11-26
Piotr,Dybał,+48 292 993 816,Krakow,Lobzow 14/67,86081027370,2023-06-08,payment,2021-07-29
Olaf,Dziuda,+48 876 535 160,Krakow,Krolowej Jadwigi 36/20,57072605136,2023-11-06,contract signing,2021-03-21
Natan,Kłosiewicz,+48 451 730 686,Krakow,Wielopole 52/7,67101151138,2022-04-21,payment,2022-04-04
Oskar,Dąbkiewicz,+48 771 758 360,Krakow,Wandy 82/81,93092465109,2022-05-05,payment,2021-06-23
Malwina,Hein,+48 544 222 451,Poznan,Laskotelna 29/1,44122850558,2022-11-25,payment,2023-04-05
Jeremi,Ragus,+48 179 646 303,Wroclaw,Obornicka 83/60,69091580196,2020-07-19,payment,2022-06-01
Piotr,Skup,+48 760 875 390,Wroclaw,Legnicka 11/1,05072203588,2024-03-31,payment,2022-05-05
Róża,Nalewajek,+48 229 446 292,Gdansk,Dlugi Targ 81/6,52121940954,2022-05-24,payment,2024-10-06
Sandra,Mulawa,+48 793 805 505,Wroclaw,Olawska 16/53,70011132384,2020-03-13,payment,2023-09-27
Aleks,Wakuła,+48 564 785 304,Krakow,Dluga 10/87,92052349178,2021-01-08,payment,2020-09-13
Bianka,Golonko,+48 693 274 823,Gdansk,Polski Czerwony Krzyz 1/13,65060527249,2024-10-30,contract signing,2021-10-14
Marianna,Ludwin,+48 866 509 769,Gdansk,Rynkowska 83/15,55111936568,2024-01-22,payment,2021-01-28
Angelika,Krzosek,+48 182 163 644,Warsaw,Chmielna 8/46,70010102669,2020-03-07,payment,2023-01-20
Ryszard,Tabak,+48 513 734 785,Wroclaw,Mickiewicza 77/48,80062771465,2022-03-14,contract signing,2020-10-17
Fabian,Strug,+48 278 325 229,Warsaw,Pulawska 56/85,50081114198,2021-03-24,payment,2023-04-30
Oliwier,Stochaj,+48 940 804 404,Krakow,Pieciomorgowa 1/93,02062018795,2020-07-26,payment,2024-06-23
Agnieszka,Bork,+48 893 360 945,Krakow,Chorazowka 35/35,57100708806,2023-06-15,payment,2022-03-25
Mariusz,Szafarz,+48 704 209 774,Poznan,Strzeszynska 52/27,55042798556,2021-01-02,payment,2023-06-30
Damian,Osada,+48 670 647 502,Warsaw,Stalowa 56/88,68030624517,2023-08-27,payment,2024-03-19
Mariusz,Szumna,+48 754 272 778,Warsaw,Ludwika Rydygiera 95/95,52010370125,2020-09-22,payment,2022-09-07
Mikołaj,Początek,+48 537 787 419,Warsaw,Rakowiecka 36/37,64031699705,2022-01-10,payment,2023-03-14
Urszula,Zwara,+48 922 409 623,Wroclaw,Wroclawska 74/67,57081224135,2020-11-17,payment,2022-12-08
Karol,Ludwiniak,+48 164 207 992,Warsaw,Krakowskie Przedmiescie 4/21,49070664604,2021-10-15,payment,2020-03-15
Konstanty,Łosiewicz,+48 645 859 175,Wroclaw,Swidnicka 100/52,94120484635,2020-01-13,payment,2021-11-04
Malwina,Szajda,+48 525 790 448,Gdansk,Polski Czerwony Krzyz 46/98,44041891247,2022-02-08,payment,2024-01-02
Ernest,Henke,+48 984 730 390,Wroclaw,Swidnicka 89/86,46041974412,2024-03-02,contract signing,2023-10-05
Cyprian,Kabza,+48 864 354 491,Krakow,Pieciomorgowa 81/91,59031546560,2020-04-27,payment,2022-08-25
Konrad,Olszyna,+48 602 221 165,Wroclaw,Olawska 66/20,41051752829,2024-10-09,payment,2024-04-04
Nikodem,Konstanty,+48 838 447 215,Poznan,Blazenkowska 45/91,67031547108,2020-01-17,payment,2021-07-07
Grzegorz,Babiuch,+48 700 223 891,Gdansk,Swietego Ducha 35/94,98031737943,2024-03-03,payment,2023-02-12
Kazimierz,Nawrotek,+48 323 721 561,Krakow,Wiosny Ludow 27/54,88110841780,2024-12-09,contract signing,2023-11-22
Aleksander,Folga,+48 144 536 591,Gdansk,Ostroda 4/46,72031964929,2022-09-11,payment,2024-08-11
Sonia,Drobny,+48 554 372 628,Poznan,Wlasnosciowa 90/9,01110170689,2020-08-13,payment,2021-07-14
Kacper,Bondyra,+48 720 609 432,Poznan,Zernickie 81/67,71100712212,2024-01-22,payment,2021-03-13
Franciszek,Pagacz,+48 276 423 176,Warsaw,Marszalkowska 18/40,65101327708,2021-03-14,payment,2023-11-30
Maciej,Wygoda,+48 368 797 627,Warsaw,Jagiellonska 15/41,86122123836,2024-09-13,payment,2023-05-31
Kazimierz,Krzyk,+48 718 211 906,Warsaw,Nowy Swiat 76/84,99022294146,2020-03-06,payment,2020-02-07
Jędrzej,Malecha,+48 268 566 208,Poznan,Laskocze 10/9,46110403249,2021-04-25,payment,2021-07-07
Malwina,Bytner,+48 542 240 545,Wroclaw,Swidnicka 61/74,67082030497,2021-12-09,contract signing,2022-02-02
Wiktor,Wieczerzak,+48 511 177 941,Gdansk,Gdanska 18/64,67040117509,2020-04-06,payment,2024-12-25
Kamil,Dorobisz,+48 746 803 921,Warsaw,Krasinskiego 7/45,99090971091,2021-05-14,contract signing,2022-07-08
Maksymilian,Mleczak,+48 996 897 622,Wroclaw,Obornicka 33/25,02040110770,2023-09-20,payment,2020-06-15
Apolonia,Pytko,+48 604 837 677,Krakow,Plac Nowy 50/91,85031505634,2020-11-21,payment,2022-03-08
Aurelia,Reimann,+48 656 498 617,Poznan,Gorzyslawa 57/15,56082641718,2022-11-13,payment,2022-09-15
Urszula,Melcer,+48 864 514 250,Wroclaw,Zaodrze 25/88,75122872819,2023-01-08,payment,2020-08-02
Julianna,Wasilewicz,+48 120 703 704,Wroclaw,Wroclawska 40/77,97062414658,2021-04-27,payment,2023-04-11
Kamil,Drewniok,+48 532 827 459,Wroclaw,Olawska 57/81,57061434840,2021-11-08,payment,2022-07-01
Kaja,Rode,+48 816 657 943,Wroclaw,Miejska 61/81,82041005752,2022-04-04,payment,2021-11-18
Olga,Melcer,+48 758 577 237,Wroclaw,Polan 69/40,56102332529,2024-12-09,payment,2021-06-09
Marika,Łaskawiec,+48 422 520 898,Krakow,Wiosny Ludow 82/51,43030768081,2024-03-08,payment,2021-06-29
Piotr,Drobnik,+48 652 644 967,Gdansk,Podgorna 45/1,90122236997,2023-10-18,payment,2020-04-21
Elżbieta,Ostasz,+48 306 615 822,Wroclaw,Polan 33/54,69041049704,2024-04-04,contract signing,2023-03-04
Maksymilian,Mironiuk,+48 476 102 463,Gdansk,Gdanska 96/82,44080170437,2021-08-18,payment,2022-03-30
Leonard,Marchlewicz,+48 511 831 611,Krakow,Pilsudskiego 83/12,95101202332,2021-07-17,payment,2022-12-04
Konrad,Kocurek,+48 306 936 739,Krakow,Krolowej Jadwigi 47/43,71081080520,2021-10-24,payment,2022-07-07
Kamila,Nikel,+48 501 692 267,Warsaw,Woronicza 59/10,01012119524,2021-12-16,payment,2020-09-01
Monika,Dumin,+48 919 503 796,Wroclaw,Olawska 33/88,64091265045,2020-04-18,payment,2022-07-15
Karol,Kiepura,+48 299 555 285,Poznan,Kraszewskiego 60/77,45031302457,2020-11-14,payment,2023-03-08
Marcel,Moneta,+48 998 261 511,Gdansk,Piastowska 45/48,86120590179,2021-11-21,payment,2022-10-15
Tymoteusz,Rychert,+48 324 119 642,Warsaw,Rakowiecka 92/29,05041423258,2020-01-27,payment,2024-12-12
Ewelina,Pochopień,+48 782 653 528,Warsaw,Klopot 47/32,47082476273,2020-06-23,payment,2023-06-23
Maks,Galek,+48 520 751 264,Poznan,Polwiejska 66/96,76061427650,2024-02-26,payment,2024-10-10
Adam,Głownia,+48 226 870 562,Krakow,Grodzka 100/79,60100172687,2022-08-10,payment,2020-09-30
Apolonia,Małyszka,+48 465 493 234,Poznan,Laskotelna 68/89,03050912042,2023-03-29,payment,2024-03-09
Konrad,Urynowicz,+48 314 660 473,Gdansk,Gdanska 14/7,04121922539,2020-12-29,payment,2023-04-13
Artur,Dzienisz,+48 815 578 150,Wroclaw,Miejska 5/77,53111666852,2022-05-09,contract signing,2024-05-25
Leon,Wypchło,+48 221 975 823,Poznan,Zernickie 18/96,55012217836,2024-04-29,payment,2024-04-07
Anna Maria,Doroszuk,+48 735 465 646,Poznan,Mikolajewska 17/60,77111928408,2023-06-25,contract signing,2021-03-31
Olga,Stosio,+48 237 909 531,Krakow,Aleja Roz 65/46,89051193433,2023-09-26,payment,2020-03-15
Igor,Grochowina,+48 525 754 121,Poznan,Swiety Marcin 91/91,02111751866,2023-03-30,contract signing,2022-01-17
Kamila,Wisz,+48 796 299 724,Wroclaw,Grabiszynska 100/34,78080955994,2021-09-30,payment,2020-08-06
Kamila,Kaletka,+48 897 955 635,Gdansk,Rynkowska 59/85,99121825159,2023-06-27,payment,2023-06-26
Tymon,Kalota,+48 291 828 527,Gdansk,Jaskowa Dolina 4/1,81090307310,2023-09-28,payment,2024-08-13
Melania,Roczniak,+48 781 355 221,Gdansk,Rynkowska 81/29,52030331126,2022-06-15,payment,2020-07-24
Roksana,Kuffel,+48 563 487 711,Gdansk,Targ Weglowy 3/30,51010614439,2021-08-16,payment,2024-04-13
Kacper,Rudowicz,+48 581 213 578,Warsaw,Mlynarska 49/73,64021824399,2020-03-12,payment,2020-05-29
Sylwia,Wiertel,+48 492 338 769,Poznan,Sienkiewicza 60/95,76042346563,2023-09-27,payment,2021-05-10
Filip,Kocurek,+48 598 356 219,Gdansk,Dlugi Targ 70/99,63051889381,2023-03-24,payment,2020-03-03
Mariusz,Huczko,+48 792 332 585,Poznan,Czajkowska 29/94,51011902175,2021-10-13,payment,2020-10-28
Arkadiusz,Pszczółka,+48 712 578 343,Krakow,Kasprowicza 32/99,04091103211,2024-10-15,contract signing,2020-01-27
Grzegorz,Chlebda,+48 945 211 354,Krakow,Centralna 94/43,69080758922,2021-09-24,payment,2020-10-18
Marianna,Wujek,+48 386 703 442,Wroclaw,Polan 66/40,40030366776,2021-12-07,payment,2020-04-22
Kazimierz,Idec,+48 677 251 870,Warsaw,Inzynierska 67/12,02062475743,2024-01-06,payment,2021-10-17
Rozalia,Ernst,+48 955 137 994,Poznan,Garbary 92/95,82041018406,2021-06-11,payment,2024-04-25
Roksana,Broniek,+48 907 242 194,Wroclaw,Aleja 1 Maja 14/88,55122700903,2023-08-30,contract signing,2021-07-11
Marika,Romejko,+48 137 353 774,Wroclaw,Rynkowska 96/97,73111767117,2023-06-09,payment,2020-05-20
Agnieszka,Gramza,+48 931 875 350,Warsaw,Batory 75/29,06121086358,2020-04-28,payment,2021-07-21
Radosław,Wykręt,+48 657 443 407,Wroclaw,Olawka 79/28,73011934284,2023-05-27,payment,2022-09-24
Olga,Pajda,+48 168 431 424,Gdansk,Ostroda 61/76,03032348348,2021-02-08,payment,2022-06-14
Inga,Leśna,+48 899 825 276,Poznan,Blazenkowska 81/81,84062009348,2021-08-22,payment,2023-07-10
Ignacy,Wittbrodt,+48 332 195 893,Poznan,Laskotelna 100/24,44032290655,2023-08-09,payment,2024-01-03
Ernest,Grzela,+48 811 431 622,Gdansk,Ostroda 41/85,00100204544,2020-08-01,contract signing,2021-11-05
Jakub,Zubel,+48 323 581 525,Krakow,Florianska 32/65,64040201629,2023-06-13,payment,2020-03-28
Wiktor,Kuncewicz,+48 230 296 450,Wroclaw,Mokotowska 92/52,88061672985,2021-07-22,payment,2024-10-29
Bianka,Pietrasiak,+48 231 573 633,Poznan,Tory 48/26,76052100715,2022-05-08,payment,2020-11-08
Eryk,Wylegała,+48 767 349 510,Gdansk,Polski Czerwony Krzyz 79/13,03012211671,2020-12-21,payment,2024-06-09
Gustaw,Chomiuk,+48 951 573 158,Krakow,Wielopole 49/62,49021186007,2021-05-08,payment,2020-03-15
Sebastian,Usarek,+48 784 209 300,Krakow,Szeroka 54/7,86021941131,2022-01-08,payment,2021-07-18
Lidia,Gowin,+48 604 625 829,Krakow,Jana Pawla II 76/10,87091478983,2021-12-24,payment,2024-05-17
Olaf,Tyka,+48 779 978 205,Warsaw,Mlynarska 37/42,05011005994,2020-09-16,payment,2024-09-14
Ewa,Ofiara,+48 220 474 791,Warsaw,Lechitow 65/19,62032061954,2020-12-13,contract signing,2023-05-05
Melania,Wandzel,+48 647 135 570,Wroclaw,Swidnicka 25/20,05010576091,2023-08-30,payment,2020-09-26
Cezary,Ciuła,+48 245 789 182,Warsaw,Klopot 31/80,87040688498,2023-05-05,payment,2021-01-13
Stanisław,Siciarz,+48 167 399 458,Warsaw,Bialostocka 16/97,04061159912,2022-07-15,payment,2023-11-03
Jeremi,Kierat,+48 987 620 943,Warsaw,Krakowskie Przedmiescie 44/23,95081660737,2023-01-25,payment,2023-07-04
Dorota,Franaszek,+48 104 732 379,Gdansk,Karpacka 49/41,77021642269,2024-03-06,payment,2020-01-28
Jeremi,Siemieńczuk,+48 597 170 194,Gdansk,Morska 78/40,65080778692,2021-08-01,payment,2024-02-06
Eliza,Erdmann,+48 320 828 736,Krakow,Wandy 98/7,00071535159,2021-08-28,payment,2024-08-29
Kornelia,Matura,+48 239 363 261,Warsaw,Swietokrzyska 16/54,99050221765,2021-09-24,payment,2022-04-25
Witold,Sycz,+48 235 777 159,Wroclaw,Mokotowska 12/1,91030254615,2021-02-09,payment,2024-10-31
Kornel,Kreczmer,+48 573 916 955,Poznan,Gorzyslawa 15/54,83112830130,2024-11-11,payment,2020-09-20
Blanka,Raźniak,+48 131 457 193,Poznan,Polwiejska 59/68,74110748691,2024-04-02,contract signing,2022-08-28
Justyna,Dobosiewicz,+48 791 488 114,Warsaw,Chmielna 41/8,65110573583,2020-04-05,payment,2022-07-04
Alex,Pyc,+48 919 733 453,Poznan,Wlasnosciowa 85/6,57100227066,2020-01-20,payment,2022-08-28
Melania,Czupryn,+48 861 478 617,Gdansk,Nowe Wrota 69/97,73100878170,2024-12-09,payment,2023-12-09
Adrianna,Kolanek,+48 787 689 699,Wroclaw,Hutnicza 49/68,55010503290,2020-12-05,payment,2021-04-30
Juliusz,Łachacz,+48 301 431 770,Gdansk,Alei Grunwaldzka 91/90,52010451622,2022-08-15,payment,2024-08-17
Józef,Dworniczak,+48 570 951 332,Poznan,Wiosna 92/81,60081286715,2023-11-05,payment,2023-04-18
Marcelina,Mordal,+48 919 809 853,Poznan,Dabrowa 72/85,96061113025,2023-08-14,payment,2023-03-12
Olga,Handzel,+48 717 707 234,Krakow,Jozefa 11/12,92122148739,2022-04-17,payment,2023-07-05
Paweł,Osada,+48 833 436 233,Krakow,Podgorki 11/90,05091624807,2020-06-12,contract signing,2022-02-26
Nela,Bak,+48 196 212 737,Krakow,Kasprowicza 40/29,92011900169,2020-12-16,payment,2024-08-31
Rozalia,Komisarek,+48 891 155 799,Poznan,Garbary 54/100,92080432866,2022-09-17,payment,2021-07-25
Przemysław,Dydak,+48 316 534 867,Poznan,Mikolajewska 100/82,92032846635,2022-04-03,payment,2022-03-14
Ewa,Dacko,+48 978 862 255,Warsaw,Marszalkowska 32/41,77021979983,2021-11-28,payment,2021-06-28
Radosław,Fijak,+48 300 834 109,Krakow,Lobzow 86/30,87080525074,2022-04-30,payment,2024-04-26
Julianna,Dawidek,+48 694 804 591,Krakow,Kasprowicza 27/5,60102683905,2020-01-23,payment,2024-07-26
Gustaw,Gemza,+48 937 540 862,Wroclaw,Ziebicka 98/36,49050112037,2024-08-31,payment,2023-02-16
Tadeusz,Macheta,+48 228 131 892,Poznan,Kraszewskiego 41/18,91110640068,2021-08-10,contract signing,2023-02-03
Tola,Bobik,+48 194 354 945,Warsaw,Targowa 95/89,94040885695,2021-10-25,payment,2022-04-23
Hubert,Nazarewicz,+48 495 795 535,Krakow,Dluga 22/21,97021176142,2022-01-03,contract signing,2024-10-08
Alex,Szylar,+48 844 478 140,Krakow,Aleja Roz 50/17,42090432435,2021-09-10,payment,2024-12-14
Anita,Żach,+48 435 528 646,Warsaw,Sowinskiego 42/84,93080964128,2021-07-21,contract signing,2023-06-13
Olga,Kołodziejak,+48 591 139 495,Krakow,Szeroka 91/76,52041946225,2020-12-07,payment,2020-01-09
Jędrzej,Kalinka,+48 303 289 316,Krakow,Jana Pawla II 96/5,92032126401,2022-04-27,payment,2021-12-16
Miłosz,Słobodzian,+48 395 908 386,Wroclaw,Obornicka 79/61,42072833546,2021-06-04,payment,2021-08-19
Borys,Kubowicz,+48 594 887 256,Warsaw,Stalowa 34/83,57122120109,2021-08-25,contract signing,2020-04-08
Kamila,Neubauer,+48 905 821 389,Warsaw,Chmielna 4/78,92071235276,2020-04-25,payment,2020-05-30
Szymon,Rybus,+48 930 600 887,Krakow,Krolowej Jadwigi 83/76,54032460024,2024-12-18,contract signing,2021-06-22
Liwia,Suchojad,+48 622 740 636,Krakow,Mysliwska 22/18,66071185114,2020-01-03,payment,2024-09-16
Nataniel,Mysior,+48 402 259 311,Poznan,Kroniki 84/62,47082774241,2023-08-26,payment,2024-04-08
Janina,Sado,+48 740 586 955,Krakow,Dluga 87/62,66120708442,2021-08-08,contract signing,2021-02-15
Borys,Doroszuk,+48 301 135 936,Warsaw,Krasinskiego 13/50,64020960265,2024-10-04,payment,2024-01-13
Michał,Januszko,+48 208 197 142,Warsaw,Ludwika Rydygiera 98/6,55051477987,2023-09-04,contract signing,2020-03-01
Damian,Leks,+48 288 905 424,Poznan,Sienkiewicza 97/76,04031978354,2021-12-02,payment,2020-11-04
Apolonia,Dąbrowicz,+48 130 364 268,Krakow,Florianska 7/85,81110335039,2024-02-07,payment,2020-11-20
Kazimierz,Jonczyk,+48 356 301 186,Wroclaw,Swidnicka 99/53,71050296484,2024-05-09,payment,2023-01-27
Roksana,Ciereszko,+48 852 510 491,Poznan,Dabrowa 26/60,79102475933,2023-01-07,payment,2024-01-13
Nataniel,Lampart,+48 474 940 382,Warsaw,Klopot 32/23,74020845471,2023-01-24,payment,2024-08-10
Leonard,Rajman,+48 339 799 271,Wroclaw,Obornicka 59/65,89051497254,2022-12-11,contract signing,2024-08-04
Natasza,Podeszwa,+48 616 897 496,Krakow,Jana Pawla II 89/40,03042634787,2021-07-23,payment,2023-09-25
Gaja,Madziar,+48 315 310 866,Poznan,Polwiejska 80/43,81081618863,2021-08-03,payment,2022-03-12
Kazimierz,Bek,+48 550 815 975,Krakow,Karmelicka 5/64,93112561343,2020-08-29,payment,2021-09-18
Cezary,Podkowa,+48 385 800 596,Warsaw,Inzynierska 63/48,66061219991,2022-06-28,payment,2024-03-19
Kaja,Szczechowicz,+48 759 830 793,Gdansk,Alei Grunwaldzka 75/51,42022614108,2024-06-29,payment,2024-11-03
Ada,Rajda,+48 172 165 345,Wroclaw,Piekarska 54/34,94111114334,2023-07-05,payment,2022-02-02
Kacper,Zbroszczyk,+48 912 180 485,Krakow,Centralna 54/90,63091949540,2021-09-14,contract signing,2022-10-20
Emil,Łukasz,+48 293 294 254,Wroclaw,Trzmielowice 67/97,57100844832,2023-05-26,payment,2021-11-22
Łukasz,Cuch,+48 887 174 195,Krakow,Florianska 77/18,75092145085,2024-06-21,payment,2020-02-04
Ryszard,Postawa,+48 439 938 391,Krakow,Karmelicka 68/5,53051843094,2020-01-07,contract signing,2023-03-25
Ewelina,Kocoł,+48 658 982 173,Krakow,Dluga 24/58,71091493037,2020-04-30,payment,2021-11-22
Karol,Pompa,+48 890 221 564,Gdansk,Nowe Wrota 61/19,64120571066,2024-08-25,payment,2023-03-20
Julita,Grzegorzak,+48 663 245 229,Poznan,Wiosna 50/2,82032818448,2023-07-25,payment,2022-08-02
Stefan,Sporysz,+48 882 387 394,Poznan,Wlasnosciowa 2/27,92091417964,2021-10-23,payment,2024-04-24
Sonia,Maziarczyk,+48 921 117 361,Wroclaw,Ziebicka 23/24,58052151564,2022-04-12,payment,2024-07-21
Jan,Fronczyk,+48 209 694 197,Poznan,Sienkiewicza 78/92,94112770360,2024-05-08,payment,2024-02-25
Kaja,Łachacz,+48 592 457 424,Warsaw,Chmielna 34/88,43050867195,2020-05-11,payment,2023-10-11
Klara,Wykręt,+48 398 672 239,Poznan,Czajkowska 60/98,53040798165,2021-09-24,payment,2020-11-18
Witold,Bobak,+48 304 330 114,Warsaw,Ludwika Rydygiera 78/4,04080582878,2021-12-01,payment,2023-09-27
Blanka,Makoś,+48 110 403 330,Poznan,Blazenkowska 17/58,88101692315,2021-08-05,payment,2020-06-11
Iwo,Cymbała,+48 965 939 478,Wroclaw,Grabiszynska 96/76,82101915955,2021-12-06,payment,2021-01-23
Fabian,Rajch,+48 359 477 598,Krakow,Odrzanska 96/65,62080593032,2021-03-03,payment,2021-05-04
Kornel,Narożna,+48 293 517 463,Warsaw,Chmielna 48/23,85032506023,2022-08-21,payment,2022-11-29
Damian,Piłka,+48 609 374 988,Poznan,Gorzyslawa 35/100,41112022676,2021-04-30,payment,2022-05-01
Apolonia,Straszak,+48 109 800 733,Wroclaw,Trzmielowice 28/86,58010681603,2022-02-05,payment,2022-09-18
Aleks,Meissner,+48 321 461 512,Wroclaw,Piekarska 47/8,50071474813,2020-06-05,payment,2021-10-20
Kalina,Siarkiewicz,+48 237 700 272,Wroclaw,Ziebicka 17/79,86042475833,2023-05-25,payment,2024-05-09
Piotr,Łukasiuk,+48 739 451 899,Warsaw,Krakowskie Przedmiescie 42/97,44120289587,2020-12-22,payment,2022-05-07
Dominik,Rochowiak,+48 635 553 872,Poznan,Zernickie 6/89,87032119612,2022-05-20,payment,2021-12-17
Michał,Duszczyk,+48 489 354 116,Warsaw,Mlynarska 49/58,45011863282,2021-07-28,payment,2021-03-13
Anastazja,Ostapiuk,+48 997 740 456,Wroclaw,Ziebicka 98/57,42012381999,2022-03-02,payment,2021-09-26
Apolonia,Szkatuła,+48 486 678 814,Poznan,Opolska 60/26,80051541172,2023-01-09,payment,2021-10-29
Jacek,Preuss,+48 349 908 748,Gdansk,Polski Czerwony Krzyz 1/95,53110974305,2022-08-08,payment,2022-02-02
Malwina,Domińczak,+48 386 827 138,Krakow,Lobzow 78/21,01092540612,2024-05-01,payment,2021-10-29
Franciszek,Bachanek,+48 131 772 968,Gdansk,Morska 56/42,52091097667,2023-11-30,payment,2022-03-20
Tola,Dyja,+48 839 836 289,Poznan,Wiosna 62/6,51080624545,2022-01-05,payment,2022-03-22
Anastazja,Cisoń,+48 694 473 733,Warsaw,Limanowskiego 9/33,51120271515,2021-06-08,payment,2021-03-15
Elżbieta,Józwik,+48 945 321 584,Poznan,Kroniki 71/15,53052199149,2021-06-05,payment,2021-11-30
Maurycy,Sypień,+48 967 598 919,Krakow,Plac Nowy 79/100,03031012336,2021-01-04,payment,2022-10-04
Norbert,Bieniak,+48 508 158 114,Wroclaw,Katedralna 79/37,71090129155,2021-11-08,payment,2024-05-09
Grzegorz,Łepek,+48 798 389 899,Krakow,Lipowa 2/14,40052058798,2023-03-29,payment,2021-11-26
Sonia,Kaletka,+48 422 696 274,Krakow,Pilsudskiego 75/56,47082415359,2020-11-17,payment,2021-07-10
Kacper,Fogel,+48 951 992 713,Poznan,Laskotelna 83/20,75072805738,2023-02-27,payment,2020-06-25
Aurelia,Wojnicz,+48 280 924 336,Warsaw,Woronicza 59/37,58101033012,2022-03-01,payment,2023-02-15
Marianna,Dyka,+48 154 518 827,Gdansk,Ostroda 91/56,83122134617,2022-06-15,payment,2023-07-11
Gabriel,Kozieja,+48 337 781 176,Poznan,Laskotelna 56/37,57042578659,2022-03-24,payment,2023-11-19
Fabian,Żołądź,+48 586 865 418,Wroclaw,Obornicka 69/25,93111445130,2021-10-05,payment,2023-09-05
Angelika,Torbus,+48 915 694 716,Wroclaw,Mickiewicza 28/36,03120181091,2020-11-19,contract signing,2022-12-30
Ryszard,Detka,+48 510 802 193,Krakow,Podgorki 82/18,59081073122,2024-06-22,payment,2023-07-14
Ewelina,Kliber,+48 597 301 841,Wroclaw,Hutnicza 55/94,79022883825,2023-11-21,payment,2023-05-31
Nicole,Ciapa,+48 272 356 541,Poznan,Kraszewskiego 21/65,40060375153,2023-06-24,contract signing,2022-08-30
Sylwia,Budniak,+48 916 502 312,Gdansk,Aleja Jana Pawla II 98/37,73122392601,2022-06-11,payment,2021-03-22
Antoni,Kryszczuk,+48 988 519 204,Krakow,Krolowej Jadwigi 35/92,88012204005,2024-09-29,payment,2020-08-03
Ernest,Kinal,+48 421 499 515,Krakow,Pieciomorgowa 55/68,70102729770,2021-06-01,payment,2020-06-19
Kazimierz,Olewniczak,+48 144 206 451,Poznan,Wiosna 61/8,86010749487,2020-07-26,contract signing,2024-03-11
Roksana,Jewuła,+48 524 670 898,Wroclaw,Swietego Mikolaja 97/25,02110598695,2023-04-07,payment,2022-04-12
Jakub,Rubaj,+48 840 341 617,Wroclaw,Sudecka 63/18,74082865068,2024-08-24,contract signing,2020-06-14
Sandra,Kryk,+48 613 564 868,Poznan,Tory 68/50,67070887731,2021-01-18,payment,2022-07-13
Eryk,Nędzi,+48 714 856 290,Poznan,Blazenkowska 28/20,55072438352,2020-10-17,payment,2020-03-25
Liwia,Wawszczak,+48 490 647 433,Gdansk,Gdanska 82/96,43081736947,2023-08-08,payment,2022-01-27
Józef,Krata,+48 656 928 209,Poznan,Mikolajewska 88/81,80080126207,2020-10-17,payment,2022-04-08
Kornel,Marko,+48 203 628 241,Gdansk,Gdanska 86/57,53021577406,2022-01-02,payment,2021-01-24
Marika,Orszulik,+48 645 453 452,Krakow,Florianska 48/71,40042614137,2021-08-14,payment,2022-10-08
Sebastian,Straszak,+48 855 656 663,Poznan,Strzeszynska 33/89,72012383462,2021-08-30,payment,2020-09-09
Kaja,Wypiór,+48 583 786 339,Krakow,Rzeszowska 17/5,95042209957,2020-09-26,payment,2024-04-11
Marcel,Oszust,+48 786 906 252,Poznan,Pieciomorgowa 9/22,03061907617,2024-05-02,contract signing,2024-08-20
Daniel,Sycz,+48 994 319 528,Wroclaw,Sudecka 87/98,45121040328,2021-07-13,payment,2021-04-12
Kamila,Jakoniuk,+48 847 528 265,Poznan,Kraszewskiego 82/92,57051784869,2024-01-17,contract signing,2022-08-05
Adrianna,Słoń,+48 427 245 746,Gdansk,Swinoujscie 65/7,63090568760,2023-10-17,payment,2024-06-12
Filip,Majos,+48 285 886 816,Poznan,Gorzyslawa 23/73,43071050831,2024-06-24,payment,2024-09-11
Tadeusz,Łągiewka,+48 594 186 668,Warsaw,Wilenska 3/1,05120915445,2022-02-11,payment,2020-06-04
Liwia,Ładziak,+48 918 556 551,Wroclaw,Zaodrze 11/68,06111302176,2021-03-07,contract signing,2020-02-23
Kornel,Żabka,+48 313 615 749,Krakow,Krolowej Jadwigi 33/95,48060233295,2020-03-26,payment,2020-12-07
Rafał,Bzymek,+48 147 155 373,Wroclaw,Swidnicka 15/9,63021775667,2023-01-14,payment,2020-02-09
Maurycy,Mućko,+48 857 495 493,Wroclaw,Mickiewicza 11/47,46121202596,2022-11-28,payment,2024-05-13
Blanka,Jakóbiak,+48 582 595 868,Gdansk,Zaspa 84/43,59120973253,2021-10-02,payment,2021-09-07
Radosław,Kut,+48 493 948 349,Poznan,Staroleka 72/4,05051169898,2023-08-09,payment,2024-05-16
Elżbieta,Przewoźny,+48 400 410 727,Gdansk,Aleja Jana Pawla II 83/97,46072741135,2024-05-12,payment,2024-11-25
Ernest,Stochaj,+48 923 842 330,Gdansk,Aleja Jana Pawla II 94/9,91080917184,2023-04-10,payment,2024-05-12
Melania,Szczudło,+48 943 189 931,Gdansk,Swietego Ducha 84/75,68010653742,2024-10-10,payment,2021-09-25
Anna Maria,Stachelek,+48 333 870 530,Warsaw,Marszalkowska 70/66,71010755857,2023-01-02,payment,2022-09-20
Łukasz,Doroba,+48 275 978 557,Gdansk,Swietego Ducha 95/28,69040303616,2022-04-13,payment,2024-04-08
Kornelia,Baster,+48 869 591 439,Poznan,Sienkiewicza 3/44,51092283048,2020-10-09,contract signing,2024-03-24
Krzysztof,Kozubal,+48 989 891 595,Warsaw,Lechitow 10/95,60022105518,2024-08-16,payment,2024-07-30
Natan,Pacyga,+48 480 908 105,Krakow,Rzeszowska 32/29,00091827250,2023-02-07,payment,2020-09-10
Radosław,Rajczak,+48 584 819 209,Gdansk,Zaspa 27/52,74041115443,2024-04-11,payment,2023-04-16
Sandra,Burchard,+48 168 731 494,Krakow,Plac Nowy 8/83,85082841262,2024-10-02,payment,2021-01-04
Olga,Mizak,+48 941 617 538,Poznan,Blazenkowska 28/36,85041719841,2020-02-27,payment,2024-07-30
Damian,Konat,+48 224 513 562,Warsaw,Rakowiecka 60/21,96101736184,2022-09-30,payment,2024-03-17
Sylwia,Orzeszek,+48 271 845 883,Warsaw,Targowa 42/30,48102240016,2022-08-15,payment,2024-12-16
Julianna,Koćwin,+48 691 122 938,Poznan,Poludniowa 80/2,88062403607,2021-06-17,payment,2021-02-13
Tola,Stojak,+48 136 762 613,Krakow,Chorazowka 69/55,69100361505,2021-07-30,payment,2024-04-17
Anita,Jacak,+48 738 791 447,Krakow,Pieciomorgowa 23/68,50041181550,2024-02-23,payment,2022-12-29
Leon,Kwapisiewicz,+48 464 541 838,Wroclaw,Olawska 63/39,66121045564,2023-01-19,payment,2024-01-12
Nikodem,Szpyra,+48 144 151 457,Wroclaw,Hutnicza 69/100,86101533188,2023-07-03,payment,2020-01-31
Blanka,Prejs,+48 223 122 540,Gdansk,Dlugi Targ 16/1,71042124597,2023-11-01,payment,2023-06-21
Olgierd,Saczuk,+48 923 827 471,Gdansk,Dlugi Targ 83/39,67030281067,2023-10-03,payment,2021-06-20
Roksana,Łobacz,+48 159 126 325,Warsaw,Sowinskiego 16/25,92031650196,2021-03-05,payment,2023-05-02
Antoni,Doroba,+48 890 277 950,Warsaw,Chmielna 31/85,41010836814,2020-12-27,payment,2020-01-10
Stanisław,Klebba,+48 707 130 680,Warsaw,Krasinskiego 57/50,90031861886,2022-06-25,payment,2021-08-28
Nela,Piesik,+48 935 205 874,Gdansk,Gdanska 41/66,62092346776,2021-09-07,payment,2022-04-30
Tomasz,Froń,+48 826 253 263,Krakow,Plac Nowy 33/93,50042435726,2024-09-07,contract signing,2020-08-03
Marianna,Rozumek,+48 265 733 409,Wroclaw,Olawska 35/31,92040681921,2020-10-27,payment,2021-01-20
Jan,Świętoń,+48 341 406 179,Poznan,Polwiejska 62/17,40102687277,2021-01-28,payment,2022-10-19
Blanka,Orpel,+48 535 482 639,Warsaw,Krakowskie Przedmiescie 97/42,68062677417,2020-05-03,payment,2020-12-27
Julian,Merda,+48 142 286 366,Warsaw,Powisle 44/28,96102551869,2020-08-06,payment,2024-03-03
Bianka,Gołota,+48 793 803 816,Poznan,Poludniowa 99/47,63041079428,2022-11-06,payment,2024-07-03
Justyna,Bystroń,+48 510 236 930,Warsaw,Bialostocka 37/36,75012291337,2024-06-12,contract signing,2022-09-13
Marianna,Węgier,+48 956 902 737,Krakow,Aleja Roz 71/27,75012724280,2024-06-24,payment,2024-08-13
Kornel,Pyszczek,+48 458 798 737,Gdansk,Jaskowa Dolina 37/24,69021201799,2020-07-24,payment,2022-12-18
Mariusz,Armatys,+48 331 418 587,Gdansk,Trojmiasto 30/40,92010293680,2020-01-25,payment,2020-12-12
Ada,Grosz,+48 507 633 129,Poznan,Opolska 45/78,79110337953,2021-08-23,payment,2020-08-28
Nataniel,Parda,+48 970 473 604,Poznan,Gorzyslawa 34/46,45061625504,2021-11-02,payment,2024-09-25
Nicole,Dydak,+48 762 438 557,Poznan,Garbary 12/30,59042020808,2022-11-16,payment,2023-07-12
Krzysztof,Mularz,+48 769 208 385,Gdansk,Jaskowa Dolina 10/30,44092480478,2021-02-21,payment,2024-04-03
Rozalia,Dycha,+48 549 235 996,Poznan,Dabrowa 98/59,66121802657,2021-05-09,contract signing,2022-05-07
Szymon,Jarema,+48 677 174 499,Krakow,Pilsudskiego 50/68,92072491037,2021-01-29,payment,2021-06-05
Marek,Lepak,+48 199 926 316,Krakow,Odrzanska 17/63,81112469211,2024-08-03,payment,2023-10-26
Przemysław,Sławik,+48 266 529 868,Krakow,Jana Pawla II 63/95,52060566653,2023-04-15,payment,2022-12-14
Tymon,Kurach,+48 970 844 337,Krakow,Odrzanska 42/86,41012556947,2021-10-22,payment,2022-04-16
Antoni,Kaliciak,+48 684 729 953,Gdansk,Rynkowska 69/76,57010644607,2024-11-04,payment,2023-01-20
Kamil,Cebulak,+48 439 577 659,Poznan,Laskowicka 82/59,79050978935,2020-03-16,payment,2022-05-04
Angelika,Buszkiewicz,+48 761 102 668,Poznan,Laskowicka 85/94,59010182316,2023-08-17,payment,2022-08-13
Cezary,Borczyk,+48 978 921 916,Wroclaw,Grabiszynska 91/85,64072628119,2024-04-10,payment,2021-12-14
Wiktor,Doliwa,+48 922 425 710,Poznan,Zernickie 57/5,98090804532,2023-11-22,payment,2022-08-02
Piotr,Michnowicz,+48 757 601 850,Warsaw,Klopot 23/68,73021867228,2020-08-08,contract signing,2020-11-04
Marcel,Dargacz,+48 222 998 750,Krakow,Dluga 37/73,49022858978,2024-01-06,payment,2021-01-21
Marcin,Mydlak,+48 324 829 300,Wroclaw,Swidnicka 31/53,04042202327,2023-04-23,contract signing,2020-09-18
Ernest,Rolek,+48 861 920 577,Krakow,Centralna 30/21,63071882775,2023-02-22,payment,2022-09-23
Karina,Przekwas,+48 497 853 511,Krakow,Lobzow 37/79,88020617088,2020-09-16,payment,2024-06-23
Bruno,Giedrojć,+48 691 146 273,Poznan,Czajkowska 36/28,49032093338,2022-10-01,payment,2020-11-20
Sonia,Kiepura,+48 862 218 650,Poznan,Kroniki 27/88,76102618078,2023-07-09,payment,2023-08-10
Apolonia,Olesiejuk,+48 800 170 579,Wroclaw,Swidnicka 100/71,45081215956,2020-02-25,payment,2023-06-06
Gabriel,Ciuk,+48 513 643 463,Wroclaw,Obornicka 36/32,99090287985,2024-04-20,payment,2021-01-17
Gaja,Hajdas,+48 498 254 116,Poznan,Swiety Marcin 87/3,71011325125,2023-11-20,payment,2020-12-22
Marcin,Suda,+48 450 785 587,Gdansk,Bociania 14/20,79020214542,2023-09-25,payment,2020-10-07
Dariusz,Zygmuntowicz,+48 661 675 913,Wroclaw,Ziebicka 60/3,75121884679,2021-09-10,payment,2024-03-13
Piotr,Wojciech,+48 711 727 588,Poznan,Wiosna 74/36,01022017847,2023-06-09,payment,2020-12-24
Aurelia,Gołoś,+48 817 349 820,Poznan,Gorzyslawa 48/96,06040968593,2024-03-21,payment,2020-09-17
Gustaw,Jama,+48 639 634 956,Poznan,Przybyszowska 25/89,85110202311,2024-01-19,payment,2024-06-18
Marek,Mostek,+48 315 724 286,Poznan,Laskocze 25/10,54100855569,2021-11-19,payment,2023-03-17
Nataniel,Hutyra,+48 170 429 738,Warsaw,Powisle 46/5,64122086821,2022-03-03,payment,2023-11-07
Fabian,Łokaj,+48 404 568 965,Krakow,Dluga 18/19,99082066035,2021-08-31,payment,2021-09-09
Gabriel,Dyszkiewicz,+48 417 410 117,Warsaw,Klopot 67/31,04012245077,2023-12-14,payment,2024-11-26
Cyprian,Domka,+48 695 675 428,Krakow,Podgorki 20/28,52020177327,2023-03-31,payment,2024-08-30
Patryk,Pędrak,+48 658 768 303,Poznan,Poludniowa 74/4,82052580985,2020-05-16,payment,2023-03-25
Jędrzej,Słaba,+48 776 884 892,Warsaw,Lechitow 67/40,70041317809,2022-06-09,payment,2022-10-26
Miłosz,Podgórna,+48 486 452 127,Wroclaw,Rynkowska 83/45,49120696641,2022-04-10,contract signing,2023-09-30
Fryderyk,Gołofit,+48 833 468 674,Krakow,Grodzka 3/22,48050692282,2023-04-29,payment,2022-11-26
Błażej,Ciastek,+48 307 654 629,Warsaw,Stalowa 56/2,03062685914,2021-10-20,payment,2020-10-09
Kajetan,Andryszczyk,+48 354 593 431,Wroclaw,Wroclawska 18/30,81060136427,2020-03-15,payment,2023-06-01
Błażej,Taczała,+48 692 632 505,Warsaw,Jagiellonska 39/15,64100205325,2021-11-20,payment,2021-06-06
Kajetan,Piechna,+48 475 290 268,Warsaw,Krakowskie Przedmiescie 62/71,57092175165,2022-01-07,payment,2022-05-23
Marcelina,Dykas,+48 167 257 998,Warsaw,Batory 72/49,49092875497,2024-08-13,contract signing,2021-07-26
Karina,Famuła,+48 141 779 801,Wroclaw,Legnicka 14/7,57121556318,2022-04-14,payment,2021-08-01
Sebastian,Zaucha,+48 315 926 137,Gdansk,Trojmiasto 44/52,66062602929,2024-12-11,payment,2022-05-30
Sandra,Skrobek,+48 900 178 939,Gdansk,Swinoujscie 48/63,41062881602,2021-01-06,contract signing,2021-03-13
Hubert,Ufniarz,+48 851 695 830,Wroclaw,Swietego Mikolaja 37/84,67061092625,2020-01-05,payment,2023-04-08
Konrad,Beśka,+48 806 957 380,Poznan,Polwiejska 64/33,05110448335,2022-03-26,payment,2020-03-02
Norbert,Kosznik,+48 716 461 203,Gdansk,Dlugi Targ 57/49,55040992815,2024-09-13,payment,2020-06-03
Aurelia,Kroczak,+48 813 196 116,Poznan,Wiosna 57/52,52112839203,2024-05-22,payment,2023-12-24
Nicole,Kościuszko,+48 358 175 404,Poznan,Swiety Marcin 39/49,55020192541,2020-06-29,payment,2024-10-25
Łukasz,Holewa,+48 967 459 830,Gdansk,Jaskowa Dolina 98/97,59071848154,2024-08-15,contract signing,2020-04-24
Gabriel,Łabuś,+48 239 912 644,Poznan,Staroleka 75/43,01111889269,2023-11-01,payment,2020-10-13
Tobiasz,Kastelik,+48 447 120 820,Krakow,Krolowej Jadwigi 55/8,73092165803,2022-12-16,payment,2021-07-15
Jędrzej,Lazarek,+48 144 243 934,Krakow,Lobzow 78/87,83122498832,2022-01-30,payment,2023-07-26
Łukasz,Nikołajuk,+48 482 947 843,Wroclaw,Obornicka 10/86,67041553863,2024-04-08,payment,2021-01-25
Anita,Mirocha,+48 875 712 861,Warsaw,Marszalkowska 68/65,51092003118,2022-07-14,contract signing,2023-01-10
Krystyna,Janowiak,+48 465 556 177,Gdansk,Wielki Mlyn 60/28,77102509571,2021-08-01,contract signing,2022-11-06
Tola,Rogula,+48 171 814 148,Gdansk,Podgorna 28/12,43120414564,2021-10-01,payment,2020-04-25
Inga,Amanowicz,+48 909 553 409,Wroclaw,Osobowicka 53/80,66060828361,2022-08-21,payment,2024-03-31
Robert,Korbel,+48 871 879 262,Poznan,Wiosna 21/41,45032543132,2024-12-07,payment,2021-08-19
Patryk,Pawliczak,+48 640 455 143,Poznan,Mikolajewska 4/64,91041451203,2020-06-28,payment,2024-04-12
Nela,Buśko,+48 551 524 254,Warsaw,Batory 65/51,84020124511,2021-07-31,payment,2024-09-28
Konstanty,Hajdukiewicz,+48 802 369 403,Poznan,Laskotelna 6/67,88080446156,2021-01-12,payment,2020-12-28
Stanisław,Brodawka,+48 775 646 515,Wroclaw,Aleja 1 Maja 71/44,97112538394,2022-08-21,payment,2021-08-09
Stanisław,Pryszcz,+48 733 954 148,Krakow,Wielopole 32/33,92090287931,2020-11-14,payment,2020-12-27
Marika,Potok,+48 421 544 595,Poznan,Gorzyslawa 30/74,54041468475,2022-09-30,contract signing,2024-04-16
Cezary,Ochal,+48 321 203 857,Krakow,Karmelicka 18/81,70021726937,2020-04-02,payment,2021-01-23
Dawid,Rozumek,+48 373 351 447,Gdansk,Wielki Mlyn 52/79,96050764771,2023-10-10,payment,2023-10-20
Sylwia,Bednarowicz,+48 361 582 139,Wroclaw,Zaodrze 69/8,75040714978,2023-01-05,payment,2020-07-28
Juliusz,Mateńko,+48 729 934 218,Krakow,Wandy 9/83,52090162791,2021-07-09,payment,2024-01-16
Julita,Makaruk,+48 888 220 120,Poznan,Kraszewskiego 24/49,99031071862,2023-07-08,payment,2022-10-04
Marcelina,Bartoszak,+48 103 417 724,Wroclaw,Hutnicza 85/100,95012612194,2023-04-15,payment,2022-01-29
Jerzy,Wakuła,+48 245 232 475,Warsaw,Pulawska 7/64,87081420217,2023-02-13,payment,2024-09-01
Agnieszka,Dzikiewicz,+48 560 388 971,Poznan,Tory 56/2,73021669684,2023-04-05,payment,2023-10-25
Oliwier,Krenc,+48 556 852 804,Warsaw,Stalowa 36/61,69032702511,2021-01-15,payment,2021-07-16
Justyna,Krauz,+48 808 570 115,Gdansk,Aleja Jana Pawla II 29/79,90090479022,2022-08-21,payment,2023-05-09
Aleksander,Galuba,+48 624 524 813,Poznan,Poludniowa 5/43,45080261118,2023-05-02,payment,2021-01-07
Maurycy,Dziwak,+48 884 882 479,Gdansk,Gdanska 75/78,94021657929,2021-04-26,contract signing,2023-01-22
Olgierd,Gral,+48 366 956 948,Warsaw,Mlynarska 55/9,63082455177,2021-05-31,payment,2021-01-18
Szymon,Szyjka,+48 823 925 540,Gdansk,Dlugi Targ 12/89,04111545577,2021-11-13,payment,2022-12-23
Tobiasz,Wandzel,+48 970 378 771,Poznan,Laskowicka 70/97,82070942857,2024-08-02,payment,2024-11-24
Miłosz,Chwalisz,+48 120 431 620,Warsaw,Chmielna 84/72,89102498085,2022-12-01,payment,2021-06-04
Alex,Suda,+48 594 430 526,Krakow,Podgorki 59/32,06090768358,2020-04-29,payment,2020-02-03
Tola,Litewka,+48 917 900 332,Wroclaw,Katedralna 59/93,85112540389,2021-11-05,payment,2022-10-17
Tymoteusz,Nieradko,+48 864 979 253,Gdansk,Swinoujscie 29/41,60042211479,2021-06-01,payment,2023-05-04
Olga,Chuchla,+48 469 828 409,Gdansk,Piastowska 40/40,42040164171,2023-12-31,payment,2021-12-12
Igor,Małota,+48 244 825 183,Poznan,Swiety Marcin 13/66,61080818433,2022-10-18,contract signing,2020-05-28
Melania,Ścieszka,+48 704 492 986,Gdansk,Aleja Jana Pawla II 74/32,76071604274,2023-09-03,payment,2024-12-08
Ewa,Buza,+48 903 400 775,Poznan,Grunwaldzka 68/33,72042423860,2024-07-28,payment,2024-10-15
Ewa,Skotarek,+48 641 827 265,Poznan,Wiosna 77/91,41052649214,2024-10-12,payment,2024-01-06
Robert,Borzym,+48 968 440 478,Gdansk,Alei Grunwaldzka 51/55,99102284601,2022-09-24,payment,2021-06-04
Krystian,Ścibisz,+48 533 243 600,Warsaw,Stalowa 46/71,88010712898,2023-03-09,contract signing,2024-11-03
Tomasz,Żołądkiewicz,+48 953 169 263,Wroclaw,Zaodrze 78/54,64080268390,2024-01-17,payment,2021-07-15
Cyprian,Kubasiak,+48 616 707 903,Poznan,Strzeszynska 73/39,86030467499,2024-07-01,contract signing,2022-07-01
Cyprian,Pałgan,+48 591 572 968,Warsaw,Narbutta 92/70,70101117064,2022-08-31,contract signing,2020-11-19
Rafał,Stępak,+48 732 358 379,Gdansk,Swinoujscie 36/63,48050853322,2020-08-20,payment,2024-02-18
Kajetan,Kość,+48 909 919 952,Warsaw,Krakowskie Przedmiescie 13/7,90061027474,2022-08-17,payment,2022-11-14
Rafał,Kolbusz,+48 632 558 400,Wroclaw,Mokotowska 86/78,99021431942,2023-04-09,payment,2024-07-15
Marianna,Achtelik,+48 465 595 558,Gdansk,Polski Czerwony Krzyz 87/67,59090868559,2023-08-21,payment,2020-06-20
Jacek,Kudela,+48 385 207 737,Wroclaw,Grabiszynska 61/55,72052263012,2023-04-12,contract signing,2020-03-02
Mateusz,Wojtaszczyk,+48 957 427 605,Krakow,Pieciomorgowa 18/1,61122029566,2023-10-05,payment,2021-05-09
Damian,Gąsienica,+48 896 301 667,Wroclaw,Polan 44/45,73010950607,2022-11-01,payment,2020-07-26
Stefan,Jaje,+48 642 205 412,Warsaw,Klopot 98/18,65010735027,2024-02-29,payment,2021-09-07
Ewelina,Pacewicz,+48 547 613 696,Gdansk,Aleja Jana Pawla II 76/81,43072356240,2020-09-25,payment,2021-04-22
Natasza,Skutnik,+48 315 319 937,Wroclaw,Zaodrze 31/22,97010984880,2023-05-22,payment,2023-02-28
Justyna,Żółkiewicz,+48 778 634 274,Poznan,Blazenkowska 48/61,74042137358,2023-03-11,payment,2024-04-17
Dorota,Szeszko,+48 555 853 881,Gdansk,Podgorna 75/30,58062015478,2022-04-06,payment,2024-02-07
Blanka,Wojtach,+48 211 887 655,Wroclaw,Czarnowiejska 92/75,71052738764,2020-11-29,payment,2021-01-01
Mateusz,Ciuk,+48 421 510 375,Krakow,Mysliwska 60/90,72092497396,2021-10-09,payment,2020-04-26
Dominik,Ciarka,+48 469 777 987,Warsaw,Woronicza 41/80,66012484933,2023-10-05,payment,2020-08-10
Alex,Hein,+48 585 521 291,Warsaw,Bialostocka 82/48,54071122479,2021-09-14,payment,2024-04-15
Justyna,Litwa,+48 111 132 200,Warsaw,Bialostocka 89/76,42021952650,2021-12-18,payment,2020-07-01
Tola,Broniek,+48 433 694 334,Wroclaw,Obornicka 90/41,81021607849,2021-04-20,payment,2023-12-05
Szymon,Gerlach,+48 288 793 340,Krakow,Wielopole 27/92,46110610519,2021-09-13,payment,2022-10-09
Aurelia,Lipowicz,+48 711 246 170,Gdansk,Gdanska 73/51,79021002474,2020-04-10,contract signing,2021-12-29
Tola,Banyś,+48 946 437 574,Warsaw,Powisle 38/32,79060144708,2022-01-30,payment,2023-06-26
Bianka,Lubera,+48 504 887 577,Warsaw,Chmielna 47/26,77061139347,2021-09-23,contract signing,2021-03-27
Ignacy,Drewa,+48 124 749 925,Poznan,Laskocze 27/44,49050108603,2020-03-29,payment,2020-02-25
Nicole,Żołnierczyk,+48 337 827 791,Wroclaw,Swidnicka 72/87,48060182605,2021-07-14,contract signing,2020-09-24
Dorota,Bacik,+48 364 331 389,Krakow,Karmelicka 33/39,96100854087,2020-11-25,payment,2021-10-23
Mariusz,Dudała,+48 814 105 442,Wroclaw,Swidnicka 28/18,74110815634,2023-11-13,payment,2024-04-12
Hubert,Balawender,+48 430 729 227,Poznan,Dabrowa 10/19,47100500904,2024-12-16,payment,2020-05-03
Sylwia,Policht,+48 381 163 162,Krakow,Kasprowicza 79/79,98071318838,2022-09-26,payment,2023-12-20
Igor,Ochnik,+48 125 572 694,Poznan,Czajkowska 29/82,00091034469,2020-12-23,payment,2021-02-06
Kalina,Wypiór,+48 116 158 764,Poznan,Laskotelna 82/43,64012826030,2020-11-07,payment,2020-08-17
Cezary,Powałka,+48 942 751 240,Wroclaw,Olawska 49/43,43051124619,2023-11-05,contract signing,2024-08-08
Aleksander,Żołnierczyk,+48 588 536 756,Gdansk,Zaspa 85/3,89081238829,2020-05-24,payment,2021-02-11
Albert,Skrzecz,+48 944 827 205,Wroclaw,Zaodrze 22/21,41011781731,2021-09-08,payment,2022-09-24
Blanka,Kuśka,+48 618 677 692,Warsaw,Lechitow 26/36,59120887338,2022-09-28,payment,2021-09-09
Mariusz,Jamroz,+48 658 560 470,Krakow,Pilsudskiego 82/79,66060730222,2023-01-29,payment,2022-02-24
Artur,Gros,+48 768 782 699,Wroclaw,Czarnowiejska 2/74,41091221729,2023-02-10,payment,2020-11-09
Nikodem,Domino,+48 247 181 298,Gdansk,Podgorna 90/93,00011561882,2023-10-16,payment,2022-05-14
Kornelia,Ułanowicz,+48 799 908 289,Warsaw,Woronicza 81/26,82080476146,2022-06-23,payment,2023-09-29
Patryk,Hadała,+48 919 114 406,Gdansk,Dluga 15/62,81100934183,2023-04-05,payment,2022-04-23
Justyna,Koperek,+48 241 183 117,Wroclaw,Olawska 61/75,73010836068,2024-02-17,payment,2024-05-25
Tola,Baka,+48 653 739 701,Poznan,Przybyszowska 10/1,40021288690,2022-02-22,payment,2020-11-19
Bartek,Cybul,+48 282 199 457,Poznan,Polwiejska 8/91,41090885465,2023-07-29,payment,2024-11-12
Justyna,Budych,+48 625 567 593,Warsaw,Nowy Swiat 93/68,58070705897,2021-05-06,payment,2022-09-23
Angelika,Chorążewicz,+48 989 780 826,Poznan,Mikolajewska 46/100,99030457168,2020-10-13,payment,2022-12-01
Kajetan,Soczówka,+48 563 724 543,Poznan,Laskotelna 13/28,68110694656,2023-11-11,payment,2020-02-02
Roksana,Mitek,+48 716 353 409,Wroclaw,Swietego Mikolaja 39/41,02010568587,2024-09-23,payment,2023-11-20
Kamil,Siemieńczuk,+48 789 393 818,Poznan,Poludniowa 65/97,88100278288,2022-04-05,payment,2024-01-20
Natasza,Kość,+48 200 944 765,Warsaw,Rakowiecka 82/29,04042092061,2022-05-11,payment,2023-11-06
Marianna,Sabała,+48 273 641 401,Gdansk,Nowe Wrota 35/58,77041356540,2022-11-20,contract signing,2022-11-09
Alex,Drobek,+48 385 304 648,Warsaw,Inzynierska 78/17,91021788970,2024-08-07,payment,2020-09-27
Rozalia,Piesik,+48 261 212 609,Warsaw,Krakowskie Przedmiescie 34/37,00030840209,2023-04-11,payment,2020-12-23
Michał,Chlebda,+48 702 410 540,Wroclaw,Olawka 96/82,89040466940,2020-03-18,contract signing,2022-08-06
Gabriel,Malcharek,+48 842 483 829,Gdansk,Ostroda 40/24,52042776151,2022-02-28,payment,2024-12-28
Przemysław,Robaszkiewicz,+48 383 185 308,Krakow,Wielopole 93/30,87050569725,2022-11-14,payment,2023-07-08
Adam,Sus,+48 269 155 788,Warsaw,Pulawska 79/73,58080114263,2023-04-21,payment,2024-11-18
Radosław,Krasa,+48 410 879 963,Poznan,Gorzyslawa 7/57,48122569830,2024-03-08,payment,2020-02-07
Julian,Hendzel,+48 543 109 435,Wroclaw,Wroclawska 72/83,90022541993,2020-04-11,payment,2024-04-29
Tomasz,Rzeźniczek,+48 981 782 668,Poznan,Kraszewskiego 96/54,50050942816,2020-03-28,payment,2020-04-15
Anastazja,Płoskonka,+48 552 725 174,Wroclaw,Biskupin 43/72,72011048106,2024-07-06,payment,2021-11-19
Krystian,Hajda,+48 212 682 330,Poznan,Laskowicka 4/74,61090175522,2022-08-18,contract signing,2020-05-13
Emil,Wąsek,+48 257 667 154,Warsaw,Woronicza 31/89,58052868846,2023-02-14,payment,2021-04-03
Lidia,Stochaj,+48 918 866 884,Wroclaw,Polan 90/93,43050159911,2023-10-17,contract signing,2022-01-11
Stefan,Lewicz,+48 604 179 254,Krakow,Szeroka 16/76,75010474330,2020-08-10,payment,2021-04-19
Marcelina,Urynowicz,+48 565 566 440,Poznan,Zernickie 90/7,61100310213,2023-09-14,payment,2024-12-01
Olgierd,Cibor,+48 662 802 231,Gdansk,Targ Weglowy 91/94,93071279811,2024-06-13,payment,2023-06-19
Sebastian,Krzysztoszek,+48 282 943 595,Poznan,Mikolajewska 30/17,62081912133,2022-01-16,payment,2020-05-05
Oliwier,Sot,+48 796 290 728,Warsaw,Ludwika Rydygiera 79/64,47082858598,2020-06-01,contract signing,2023-02-11
Eliza,Lesisz,+48 482 260 244,Krakow,Wandy 96/73,87090383534,2021-07-05,payment,2023-07-06
Borys,Heinrich,+48 604 690 524,Gdansk,Podwale Staromiejskie 79/3,02122452835,2024-03-18,payment,2023-05-30
Olga,Ścieszka,+48 319 226 974,Warsaw,Nowy Swiat 86/48,60012804072,2023-03-07,payment,2024-11-27
Olgierd,Danisz,+48 680 427 887,Krakow,Jozefa 58/100,88082371564,2022-01-26,contract signing,2022-10-27
Antoni,Michel,+48 676 167 791,Gdansk,Zaspa 97/11,88052162312,2024-10-02,payment,2023-04-03
Eryk,Janasz,+48 729 398 202,Poznan,Zernickie 14/50,42100786439,2022-11-24,contract signing,2021-03-13
Marika,Utrata,+48 412 279 598,Wroclaw,Olawska 59/64,53122036981,2023-12-26,payment,2021-09-28
Fabian,Glonek,+48 843 658 177,Poznan,Kroniki 63/60,47122054748,2024-04-06,payment,2023-03-13
Lidia,Piątkiewicz,+48 306 448 510,Warsaw,Nowy Swiat 25/86,01052733100,2023-02-28,payment,2022-03-06
Olga,Grunt,+48 755 744 762,Gdansk,Al. Grunwaldzka 62/25,98020354849,2023-02-09,payment,2024-02-26
Stefan,Pasieczna,+48 637 360 141,Krakow,Pieciomorgowa 81/8,80040788342,2022-07-06,payment,2021-08-06
Aurelia,Miętus,+48 221 479 708,Wroclaw,Swietego Mikolaja 14/45,94121136661,2023-11-05,payment,2020-04-19
Justyna,Iskierka,+48 396 672 104,Gdansk,Polski Czerwony Krzyz 3/30,70041993092,2020-08-16,contract signing,2024-09-16
Leonard,Ignatiuk,+48 146 227 780,Gdansk,Targ Weglowy 16/33,01121247523,2024-02-28,contract signing,2023-05-03
Eryk,Paszkowiak,+48 571 380 122,Poznan,Wiosna 85/30,99081395530,2022-06-08,payment,2021-10-01
Kamila,Tolak,+48 860 233 741,Poznan,Swiety Marcin 34/36,54090794873,2023-06-15,payment,2024-07-26
Marcel,Malecha,+48 347 637 364,Poznan,Pieciomorgowa 95/2,90041002662,2022-01-10,payment,2021-07-01
Bruno,Nalewajko,+48 226 212 655,Wroclaw,Rynkowska 83/68,58011945513,2020-08-30,payment,2022-09-26
Karol,Szczypiór,+48 605 360 376,Krakow,Plac Nowy 1/60,92032533683,2023-05-28,payment,2022-07-24
Robert,Wereda,+48 830 541 597,Warsaw,Marszalkowska 28/16,85100954279,2020-12-03,payment,2020-07-10
Filip,Nowotnik,+48 801 861 926,Wroclaw,Sudecka 34/12,06072815704,2024-02-03,payment,2021-02-17
Antoni,Wochna,+48 933 648 597,Gdansk,Ostroda 82/1,88030158490,2024-06-14,payment,2020-02-13
Kalina,Pietryga,+48 450 156 370,Warsaw,Lechitow 2/30,76120282123,2022-11-17,payment,2024-11-18
Sylwia,Stachelek,+48 114 477 897,Gdansk,Dlugi Targ 22/51,83120578828,2022-06-25,contract signing,2024-07-05
Hubert,Rezmer,+48 670 748 249,Warsaw,Chmielna 80/47,00012751073,2024-05-19,payment,2021-02-24
Maurycy,Czupryn,+48 300 852 724,Warsaw,Ludwika Rydygiera 94/18,42041339125,2022-08-22,payment,2022-03-25
Julianna,Panasewicz,+48 384 349 416,Wroclaw,Katedralna 52/95,73062404796,2020-12-04,payment,2022-08-11
Anastazja,Karpeta,+48 284 902 685,Warsaw,Zabkowska 66/66,79082882271,2024-02-09,payment,2021-12-03
Melania,Pochopień,+48 422 614 831,Warsaw,Chmielna 45/29,64111208939,2023-06-07,payment,2023-08-30
Lidia,Strzępek,+48 768 685 176,Gdansk,Bociania 17/66,05021668127,2022-03-12,payment,2021-05-13
Ewa,Dyjas,+48 624 298 585,Wroclaw,Zaodrze 99/47,70022844166,2024-05-27,payment,2021-07-29
Józef,Bogdał,+48 768 831 137,Gdansk,Alei Grunwaldzka 91/91,86061076716,2022-10-03,payment,2024-12-31
Janina,Dudziec,+48 850 419 878,Wroclaw,Grabiszynska 15/23,06121820510,2020-03-21,payment,2020-05-07
Kamila,Hanc,+48 380 629 689,Poznan,Pieciomorgowa 13/82,75040350442,2024-03-31,payment,2023-06-07
Agnieszka,Mikita,+48 587 663 664,Gdansk,Trojmiasto 90/100,50122796024,2022-11-12,payment,2023-08-14
Karol,Sołek,+48 904 570 258,Warsaw,Krakowskie Przedmiescie 81/24,76031055854,2021-09-29,payment,2023-11-05
Gaja,Węgrzyk,+48 788 190 304,Gdansk,Podwale Staromiejskie 80/77,84030437434,2020-08-24,payment,2021-06-18
Julita,John,+48 548 794 787,Krakow,Jozefa 59/65,90052340267,2020-01-05,payment,2021-10-31
Wojciech,Frymus,+48 310 975 213,Krakow,Grodzka 44/86,70022173127,2021-05-10,payment,2024-06-01
Miłosz,Kucz,+48 425 258 963,Poznan,Poludniowa 86/31,06060508742,2022-03-16,payment,2020-07-17
Adrianna,Jamroz,+48 652 837 688,Krakow,Rzeszowska 15/23,72122449832,2022-01-30,payment,2020-06-23
Tadeusz,Bejnarowicz,+48 607 366 990,Krakow,Chorazowka 94/24,40051975597,2020-12-27,payment,2022-02-11
Radosław,Kyc,+48 749 973 228,Gdansk,Piastowska 36/45,93051515252,2023-04-12,contract signing,2023-09-02
Angelika,Gąszczak,+48 405 239 622,Warsaw,Jagiellonska 83/35,59091906432,2024-12-12,payment,2023-07-19
Antoni,Szurek,+48 803 213 914,Krakow,Swietokrzyska 72/25,40030809486,2022-10-25,payment,2021-05-22
Oskar,Bilik,+48 557 818 168,Krakow,Karmelicka 14/69,47090712220,2021-06-13,payment,2024-06-28
Elżbieta,Siemieniec,+48 712 831 445,Poznan,Blazenkowska 10/43,73102423866,2023-01-16,payment,2020-07-24
Tomasz,Kopik,+48 228 274 648,Wroclaw,Biskupin 29/49,05012021971,2020-09-26,payment,2022-08-23
Mateusz,Paluszak,+48 389 258 297,Warsaw,Bialostocka 74/52,81112444043,2022-05-07,payment,2024-07-31
Stefan,Futyma,+48 835 747 271,Warsaw,Chmielna 49/13,67020939600,2024-12-20,payment,2024-08-26
Stanisław,Gregorczuk,+48 311 458 809,Warsaw,Ludwika Rydygiera 64/95,55111493346,2023-08-24,payment,2022-05-24
Blanka,Bubel,+48 695 647 209,Gdansk,Wielki Mlyn 12/48,46052564183,2021-08-12,payment,2020-09-08
Tola,Kalarus,+48 734 110 711,Gdansk,Alei Grunwaldzka 14/85,40102066087,2023-11-17,payment,2022-06-03
Antoni,Kamieniak,+48 996 790 311,Poznan,Kroniki 94/75,61101319747,2023-10-06,payment,2023-04-05
Cyprian,Klyszcz,+48 599 101 469,Poznan,Strzeszynska 27/53,66070783382,2022-06-25,payment,2020-04-02
Roksana,Urynowicz,+48 832 417 164,Poznan,Czajkowska 44/53,40120221811,2022-06-10,contract signing,2020-03-20
Ida,Ostapiuk,+48 751 453 505,Krakow,Plac Nowy 12/4,60011050320,2023-06-21,contract signing,2022-07-13
Monika,Ścibisz,+48 416 394 722,Gdansk,Nowe Wrota 51/69,72061708610,2022-03-02,payment,2024-10-01
Maksymilian,Baszak,+48 587 340 894,Warsaw,Stalowa 7/45,57080191113,2023-07-05,payment,2020-09-08
Aleksander,Hutyra,+48 194 397 706,Poznan,Poludniowa 100/36,85062098587,2020-04-14,payment,2023-07-24
Juliusz,Stachewicz,+48 104 879 627,Poznan,Kroniki 19/55,90091341843,2023-04-21,payment,2024-12-11
Aleksander,Pilarek,+48 131 614 685,Krakow,Lobzow 30/12,72112680739,2021-03-31,payment,2024-09-13
Nicole,Kaczmar,+48 441 161 979,Wroclaw,Piekarska 5/24,95022747653,2024-02-02,payment,2023-04-11
Justyna,Zugaj,+48 515 762 386,Gdansk,Polski Czerwony Krzyz 93/86,86112271231,2020-10-20,payment,2020-05-14
Krystian,Suchojad,+48 413 303 637,Wroclaw,Mokotowska 8/92,61051834219,2024-11-13,payment,2023-07-01
Artur,Szyguła,+48 975 327 562,Wroclaw,Ziebicka 15/35,85091849415,2024-11-03,payment,2024-05-28
Miłosz,Jakubaszek,+48 340 546 908,Warsaw,Inzynierska 70/24,57101081513,2023-01-18,contract signing,2021-07-31
Aleks,Zawiasa,+48 215 939 227,Gdansk,Piastowska 41/100,65110714191,2023-12-23,payment,2024-09-23
Julianna,Behrendt,+48 824 177 598,Warsaw,Klopot 13/67,90020299447,2023-01-19,payment,2022-04-27
Alex,Krysik,+48 505 240 193,Wroclaw,Mickiewicza 78/12,90091187854,2024-01-27,contract signing,2023-05-16
Kalina,Ćwirko,+48 696 567 877,Krakow,Swietokrzyska 65/61,45101024805,2020-02-01,payment,2021-04-15
Bianka,Sereda,+48 348 979 933,Warsaw,Pulawska 98/70,97092248483,2024-06-28,payment,2021-04-07
Angelika,Chołody,+48 443 154 268,Poznan,Laskocze 6/62,03030101132,2024-04-30,payment,2024-12-08
Tymoteusz,Zontek,+48 734 756 920,Poznan,Przybyszowska 97/82,58051644034,2020-07-12,payment,2021-03-29
Fabian,Banek,+48 985 704 920,Gdansk,Abrahama 93/2,41062445750,2020-08-01,payment,2021-06-07
Filip,Waluk,+48 173 523 283,Wroclaw,Polan 3/93,99012383940,2020-04-26,contract signing,2024-06-02
Mieszko,Rajch,+48 868 948 982,Warsaw,Woronicza 84/16,45032511025,2023-06-30,contract signing,2023-03-27
Julianna,Strawa,+48 413 530 455,Wroclaw,Swidnicka 29/30,63021710367,2023-08-22,payment,2022-11-05
Wojciech,Bobryk,+48 335 776 471,Poznan,Wiosna 3/87,51052032112,2021-09-03,payment,2022-10-29
Tomasz,Świątkiewicz,+48 299 639 878,Warsaw,Chmielna 10/14,48120386183,2022-01-11,payment,2022-01-31
Adrian,Czerwionka,+48 569 547 657,Krakow,Karmelicka 60/19,44080847878,2022-04-26,payment,2022-05-17
Kamila,Klyta,+48 875 849 830,Warsaw,Pulawska 63/8,83110767834,2020-11-05,payment,2020-02-13
Nikodem,Jarosik,+48 908 978 377,Gdansk,Targ Weglowy 72/72,91120346538,2021-04-28,payment,2024-05-29
Krystyna,Zegadło,+48 542 199 200,Warsaw,Limanowskiego 7/48,73100888197,2024-10-03,payment,2024-02-28
Franciszek,Olkowicz,+48 437 498 597,Wroclaw,Sudecka 78/6,69061316576,2023-02-03,payment,2023-05-24
Anita,Polaszek,+48 359 211 243,Poznan,Grunwaldzka 95/39,88122786956,2022-11-07,payment,2022-11-13
Krystyna,Grygorowicz,+48 299 137 482,Gdansk,Rynkowska 10/93,70122565332,2023-11-04,payment,2021-06-05
Dominik,Barteczko,+48 209 582 871,Poznan,Laskowicka 11/90,89050604723,2023-02-12,payment,2024-01-26
Olaf,Olbrych,+48 488 609 169,Warsaw,Swietokrzyska 24/34,59031344465,2020-06-14,payment,2024-09-17
Adam,Michel,+48 160 210 795,Wroclaw,Swietego Mikolaja 55/65,62062263205,2022-02-15,payment,2023-01-27
Krystian,Pieczarka,+48 346 280 104,Poznan,Kraszewskiego 96/47,87102765400,2022-11-11,payment,2024-09-05
Maksymilian,Januszko,+48 271 294 872,Wroclaw,Hutnicza 35/5,69052002552,2021-12-03,payment,2020-08-25
Kaja,Sito,+48 956 925 511,Krakow,Wielopole 62/6,40111420300,2024-09-12,payment,2024-10-22
Dariusz,Czapiga,+48 646 108 379,Poznan,Gorzyslawa 70/17,45122752277,2023-07-20,payment,2020-08-25
Janina,Pierz,+48 873 860 844,Warsaw,Powisle 19/95,94112513606,2022-04-17,payment,2023-01-28
Nela,Kopa,+48 946 462 820,Gdansk,Piastowska 31/17,03060754791,2020-07-31,payment,2023-09-26
Tymoteusz,Peszko,+48 731 369 869,Warsaw,Targowa 54/45,97062149477,2022-11-28,payment,2020-07-06
Sandra,Grycz,+48 775 293 200,Warsaw,Jagiellonska 65/77,52110283875,2020-05-15,payment,2020-12-06
Natasza,Szkup,+48 569 997 570,Poznan,Garbary 5/36,60031730868,2021-04-20,contract signing,2022-06-06
Julian,Początek,+48 853 678 879,Krakow,Lipowa 58/69,98072680657,2024-12-03,contract signing,2022-04-18
Cezary,Bączkiewicz,+48 900 156 129,Poznan,Garbary 91/6,46112075174,2024-06-24,payment,2023-02-20
Dariusz,Krefta,+48 167 582 385,Wroclaw,Olawka 78/86,05080261761,2020-01-15,payment,2020-05-12
Norbert,Snoch,+48 206 305 540,Wroclaw,Swidnicka 76/98,41091607703,2020-11-23,payment,2021-07-28
Melania,Żyrek,+48 545 782 118,Poznan,Mikolajewska 70/16,59030744181,2020-04-13,contract signing,2021-07-24
Arkadiusz,Lesik,+48 933 499 199,Warsaw,Rakowiecka 71/62,47041958752,2024-04-17,contract signing,2024-12-15
Leon,Bartman,+48 286 743 494,Gdansk,Gdanska 74/23,48070873962,2020-08-27,payment,2023-04-27
Liwia,Posłuszny,+48 791 881 238,Wroclaw,Swidnicka 14/38,83121931208,2024-06-05,payment,2023-06-15
Tobiasz,Szaruga,+48 944 577 608,Warsaw,Bialostocka 60/48,41042673933,2021-08-10,contract signing,2021-04-28
Rozalia,Latko,+48 473 672 990,Wroclaw,Olawska 41/29,43072371333,2024-08-10,payment,2022-03-23
Marika,Sieg,+48 672 461 307,Warsaw,Bialostocka 92/70,77050547308,2023-10-12,contract signing,2020-09-03
Mikołaj,Małota,+48 315 348 655,Gdansk,Gdanska 75/90,59012665415,2021-02-04,payment,2022-03-10
Mikołaj,Niemczuk,+48 613 362 484,Krakow,Aleja Roz 42/90,52082324402,2020-08-11,payment,2023-05-07
Gustaw,Śliż,+48 473 405 478,Warsaw,Batory 59/70,85012060028,2020-02-02,payment,2023-06-11
Leonard,Roj,+48 272 710 216,Wroclaw,Hutnicza 60/24,53021440441,2020-09-28,payment,2021-01-27
Krystian,Misiaszek,+48 626 369 245,Krakow,Chorazowka 70/51,92052137094,2023-09-25,payment,2020-11-05
Emil,Kolarczyk,+48 408 930 402,Wroclaw,Miejska 25/25,54092392109,2023-07-22,payment,2022-09-12
Melania,Stawowczyk,+48 976 339 209,Warsaw,Sowinskiego 13/62,74041718868,2024-09-16,payment,2021-02-17
Konstanty,Bobryk,+48 814 812 184,Wroclaw,Zaodrze 12/42,92040471108,2022-08-11,payment,2024-12-02
Bartek,Kadela,+48 441 321 411,Krakow,Pilsudskiego 53/54,93122131408,2022-05-29,payment,2024-04-22
Jędrzej,Grzeszkowiak,+48 776 160 316,Krakow,Centralna 64/46,56051071553,2023-09-14,payment,2021-06-14
Nela,Kandora,+48 578 877 367,Krakow,Lipowa 86/26,71061850082,2020-11-29,payment,2022-11-24
Tymon,Obiała,+48 245 319 673,Wroclaw,Czarnowiejska 97/18,05071211092,2023-07-27,payment,2023-08-13
Stanisław,Pudełek,+48 681 395 886,Gdansk,Nowe Wrota 6/84,81041650566,2020-10-04,payment,2024-10-24
Kaja,Kudłacz,+48 453 870 180,Warsaw,Inzynierska 2/69,52092505310,2021-02-09,contract signing,2022-11-19
Tobiasz,Burzec,+48 607 654 997,Warsaw,Pulawska 12/64,88121378866,2024-09-19,payment,2021-04-18
Adam,Boksa,+48 682 327 387,Gdansk,Dluga 51/67,55081526967,2024-12-30,payment,2020-01-23
Adam,Tondera,+48 851 844 377,Poznan,Swiety Marcin 38/69,93082083920,2024-06-29,payment,2022-07-10
Róża,Ofiara,+48 531 351 117,Poznan,Zernickie 66/33,49071585863,2022-07-13,payment,2023-04-21
Monika,Dworniczak,+48 575 554 315,Warsaw,Lechitow 26/84,59020622512,2020-05-31,contract signing,2024-07-29
Anita,Solis,+48 568 243 317,Poznan,Poludniowa 7/76,76022857249,2022-11-22,payment,2021-01-10
Tymoteusz,Tomaszkiewicz,+48 902 920 529,Krakow,Jana Pawla II 33/2,65111470148,2021-09-07,payment,2021-04-11
Aurelia,Tomys,+48 722 543 963,Gdansk,Morska 51/98,53111600063,2021-07-25,payment,2021-06-08
Tymoteusz,Jaśkowiec,+48 512 316 744,Gdansk,Bociania 32/24,83061807032,2023-12-10,payment,2022-06-09
Ida,Brojek,+48 680 558 223,Gdansk,Podwale Staromiejskie 94/48,06110765992,2023-09-25,payment,2024-11-01
Kacper,Margol,+48 449 346 134,Warsaw,Woronicza 92/5,72011153071,2022-11-25,payment,2020-09-27
Kamila,Batóg,+48 347 439 894,Poznan,Dabrowa 65/46,55030227963,2022-12-07,payment,2023-07-28
Kacper,Ochota,+48 884 812 875,Gdansk,Gdanska 90/35,42102761290,2021-12-30,payment,2020-01-19
Gaja,Dąbrówka,+48 362 798 788,Wroclaw,Osobowicka 51/100,47051232165,2023-11-05,payment,2021-12-15
Urszula,Pilich,+48 586 322 547,Poznan,Dabrowa 66/9,00061833775,2023-02-08,payment,2021-06-19
Natan,Wesoły,+48 143 206 142,Wroclaw,Hutnicza 49/30,77072572623,2024-04-07,payment,2020-06-20
Tola,Matla,+48 945 193 635,Gdansk,Dluga 78/71,79121766911,2023-08-10,contract signing,2022-10-28
Monika,Sajewicz,+48 809 656 679,Poznan,Swiety Marcin 75/99,41012412265,2024-12-03,payment,2023-02-16
Arkadiusz,Goworek,+48 628 317 922,Warsaw,Krasinskiego 98/77,98091145436,2021-09-08,contract signing,2021-07-05
Aniela,Pacewicz,+48 966 167 520,Poznan,Polwiejska 3/89,48100121092,2022-03-20,payment,2022-09-21
Dagmara,Kupś,+48 558 905 751,Poznan,Przybyszowska 47/76,53032043538,2021-12-13,payment,2022-01-02
Kornelia,Wawrzynowicz,+48 819 456 532,Poznan,Strzeszynska 49/30,43020481231,2021-06-26,payment,2021-01-22
Rozalia,Sołek,+48 657 725 496,Warsaw,Jagiellonska 24/9,02030247789,2023-06-10,payment,2020-02-13
Sandra,Matela,+48 935 479 222,Wroclaw,Polan 49/53,86031044583,2023-05-19,payment,2024-02-29
Tymoteusz,Węgier,+48 818 962 753,Warsaw,Targowa 59/69,40032815094,2023-02-28,payment,2023-05-13
Aleks,Witko,+48 781 256 895,Poznan,Strzeszynska 98/65,82101350646,2023-05-23,payment,2021-10-23
Krystyna,Tołoczko,+48 129 814 567,Gdansk,Dluga 23/99,87100208655,2021-04-04,payment,2021-08-03
Klara,Długozima,+48 363 337 869,Warsaw,Targowa 64/83,48112260686,2023-04-11,payment,2024-08-03
Jeremi,Ryfa,+48 171 106 233,Warsaw,Krasinskiego 79/87,45061168832,2021-08-01,payment,2024-12-01
Stanisław,Ceynowa,+48 982 386 733,Gdansk,Aleja Jana Pawla II 10/51,57030824683,2020-06-21,payment,2022-04-26
Artur,Sładek,+48 763 747 729,Warsaw,Powisle 58/66,88040902298,2022-11-11,payment,2022-04-08
Roksana,Stawczyk,+48 406 910 498,Poznan,Dabrowa 61/98,69032431051,2023-03-16,payment,2024-07-01
Mieszko,Stypa,+48 215 901 536,Warsaw,Lechitow 40/53,01011374843,2023-04-06,payment,2023-03-11
Ewelina,Grzelczyk,+48 547 424 785,Poznan,Blazenkowska 29/25,97061127630,2020-12-11,contract signing,2023-08-27
Karol,Mendyka,+48 642 293 164,Wroclaw,Legnicka 73/26,51090469952,2023-08-14,payment,2021-10-26
Ewelina,Fedyk,+48 285 207 130,Warsaw,Powisle 68/45,47091852235,2024-02-13,payment,2020-11-09
Olga,Podsiadła,+48 427 959 427,Wroclaw,Osobowicka 53/31,63072217318,2024-07-26,payment,2023-12-28
Krystyna,Siwka,+48 688 899 480,Krakow,Lipowa 68/84,99092833085,2020-10-11,contract signing,2021-04-17
Tola,Cimoch,+48 736 256 524,Krakow,Pilsudskiego 8/50,80041940666,2021-10-15,payment,2023-09-26
Dorota,Walusiak,+48 762 867 322,Poznan,Gorzyslawa 42/88,83092723565,2024-08-28,payment,2022-02-09
Aurelia,Mikosz,+48 504 782 979,Poznan,Staroleka 47/63,78121516267,2021-11-19,payment,2023-02-02
Róża,Pleśniak,+48 538 183 867,Warsaw,Marszalkowska 81/78,70062608229,2021-07-26,payment,2020-03-24
Roksana,Jarmuż,+48 740 955 825,Krakow,Plac Nowy 44/86,75100958359,2022-02-13,payment,2020-07-21
Bianka,Stefanik,+48 324 261 947,Warsaw,Pulawska 58/42,50072536765,2021-11-08,payment,2023-03-14
Dorota,Nogieć,+48 775 800 874,Krakow,Grodzka 46/77,92081886428,2023-05-31,payment,2020-08-14
Tobiasz,Folta,+48 722 897 317,Wroclaw,Swietego Mikolaja 22/48,90031444830,2023-05-14,payment,2021-02-13
Krystian,Breś,+48 193 572 286,Poznan,Pieciomorgowa 37/1,53022722195,2024-11-11,payment,2022-04-18
Sandra,Saternus,+48 716 656 530,Poznan,Strzeszynska 88/99,04022491097,2022-11-02,payment,2020-08-22
Leonard,Opas,+48 598 280 520,Poznan,Tory 75/39,54120888778,2023-11-08,payment,2020-09-10
Przemysław,Tyma,+48 924 249 636,Krakow,Kasprowicza 55/67,45082398997,2021-03-21,payment,2020-04-02
Liwia,Wocial,+48 736 403 443,Krakow,Szeroka 50/43,77042700102,2023-08-22,payment,2024-04-13
Lidia,Dyja,+48 965 444 617,Wroclaw,Hutnicza 22/22,67042884931,2021-09-18,payment,2023-03-11
Karol,Wysota,+48 248 631 536,Gdansk,Al. Grunwaldzka 54/24,83070398327,2021-02-22,payment,2022-04-13
Aurelia,Hewelt,+48 892 266 480,Poznan,Wiosna 67/63,01092146474,2021-04-22,payment,2021-04-21
Julita,Cieniuch,+48 766 225 787,Krakow,Kasprowicza 89/24,69022521924,2024-02-02,payment,2022-02-28
Marcelina,Nalewajek,+48 941 568 338,Krakow,Kasprowicza 43/30,86042850755,2021-05-19,payment,2021-03-08
Borys,Putek,+48 196 250 639,Krakow,Karmelicka 84/68,67031304970,2020-06-04,payment,2022-09-23
Justyna,Kudela,+48 965 544 258,Warsaw,Jagiellonska 34/64,70021133607,2024-04-21,payment,2024-11-12
Melania,Loba,+48 703 399 393,Poznan,Poludniowa 91/90,68101955586,2022-05-14,payment,2024-06-13
Jakub,Nieborak,+48 837 228 899,Wroclaw,Ziebicka 35/39,84041807648,2023-03-09,payment,2023-11-04
Jędrzej,Pakos,+48 667 588 294,Wroclaw,Mickiewicza 2/89,51020289551,2021-11-16,payment,2022-01-12
Bartek,Łosiak,+48 408 961 723,Krakow,Rzeszowska 33/74,02030753158,2024-09-16,payment,2023-06-20
Aleksander,Rogal,+48 971 933 862,Poznan,Laskocze 48/36,75090941546,2020-03-01,payment,2022-07-05
Dorota,Grzela,+48 630 546 350,Poznan,Kroniki 51/14,06011802697,2021-03-15,payment,2023-02-13
Mariusz,Strycharz,+48 946 508 435,Poznan,Mikolajewska 52/85,83010100094,2022-05-28,payment,2023-06-23
Łukasz,Bubak,+48 365 983 919,Warsaw,Nowy Swiat 45/97,00090335943,2023-01-28,payment,2021-12-23
Wojciech,Maziarczyk,+48 529 432 455,Warsaw,Krakowskie Przedmiescie 12/80,90120604446,2022-02-18,payment,2024-02-11
Roksana,Grygo,+48 467 736 152,Wroclaw,Zaodrze 93/48,60060358257,2021-10-16,payment,2024-10-11
Adrianna,Lampa,+48 634 879 306,Krakow,Jozefa 10/4,40102850794,2020-02-25,payment,2023-09-08
Stanisław,Antoń,+48 123 382 163,Wroclaw,Osobowicka 59/9,97090534212,2020-05-28,contract signing,2024-04-16
Marianna,Szczepaniuk,+48 691 690 500,Warsaw,Rakowiecka 94/34,01041800259,2021-09-20,payment,2023-10-03
Oskar,Zajko,+48 807 935 449,Warsaw,Stalowa 37/84,71102539400,2024-09-21,contract signing,2022-11-15
Tymon,Świergiel,+48 768 536 382,Warsaw,Nowy Swiat 12/40,53062745921,2022-08-31,payment,2021-11-30
Anita,Walus,+48 439 569 741,Poznan,Laskotelna 47/1,76111960214,2024-09-21,payment,2021-03-09
Jędrzej,Roter,+48 979 383 351,Poznan,Wiosna 61/80,66102571912,2024-07-05,contract signing,2024-10-07
Wojciech,Jenek,+48 653 979 452,Poznan,Garbary 65/87,45111804912,2022-06-23,payment,2020-06-30
Sonia,Kostera,+48 136 219 918,Poznan,Garbary 56/82,75072410233,2023-09-02,payment,2021-12-18
Szymon,Biegała,+48 514 555 102,Wroclaw,Wroclawska 95/56,92080910832,2023-08-02,payment,2021-03-28
Marek,Niedojadło,+48 324 444 611,Wroclaw,Biskupin 59/99,76110516348,2021-12-23,payment,2024-12-28
Kaja,Toczko,+48 711 609 708,Krakow,Kasprowicza 78/10,82081292266,2021-07-25,payment,2020-12-15
Julianna,Pera,+48 263 907 922,Wroclaw,Katedralna 73/94,79071899011,2023-10-04,payment,2021-10-01
Marcel,Wojaczek,+48 537 332 266,Warsaw,Narbutta 35/87,55020711326,2020-06-25,payment,2023-10-08
Artur,Wojtoń,+48 887 926 725,Wroclaw,Biskupin 48/74,52022447419,2024-01-24,payment,2023-08-26
Karina,Kraszkiewicz,+48 195 797 717,Wroclaw,Ziebicka 82/37,90061649948,2022-05-15,payment,2021-01-17
Julianna,Kapałka,+48 497 568 576,Wroclaw,Ziebicka 43/27,98030646253,2021-10-11,payment,2021-02-10
Roksana,Pęciak,+48 228 722 763,Wroclaw,Olawska 8/84,97051244080,2023-03-27,payment,2024-06-23
Dorota,Szkatuła,+48 181 145 998,Gdansk,Gdanska 75/72,95090602436,2023-10-19,payment,2024-03-11
Witold,Han,+48 961 825 515,Krakow,Krolowej Jadwigi 90/100,82040224158,2020-05-30,payment,2021-05-16
Arkadiusz,Surdyk,+48 936 245 878,Gdansk,Jaskowa Dolina 88/92,53102467772,2023-10-26,payment,2020-04-12
Inga,Bobko,+48 744 388 116,Warsaw,Narbutta 84/50,63061095101,2021-03-22,payment,2024-12-02
Wiktor,Ziegert,+48 821 884 420,Krakow,Dluga 75/100,58020247815,2024-10-16,payment,2021-02-01
Paweł,Walasik,+48 901 798 814,Wroclaw,Olawska 93/24,06101717874,2024-02-27,payment,2021-02-27
Adrian,Solich,+48 915 539 427,Gdansk,Swietego Ducha 11/9,41061744935,2024-01-12,payment,2022-04-09
Wojciech,Pielka,+48 209 376 761,Wroclaw,Mickiewicza 98/85,48072523476,2020-01-26,payment,2021-01-24
Natan,Kudela,+48 220 156 722,Warsaw,Swietokrzyska 13/50,54091364844,2022-01-22,payment,2021-01-19
Gaja,Pałyga,+48 579 656 226,Poznan,Laskocze 12/62,61050622709,2024-01-05,contract signing,2022-01-04
Kalina,Hajda,+48 453 618 780,Krakow,Lobzow 64/30,69122817266,2022-08-10,payment,2022-05-21
Bianka,Pilarek,+48 190 853 665,Warsaw,Wilenska 61/7,03082666089,2022-03-22,contract signing,2024-05-30
Justyna,Brach,+48 777 256 436,Warsaw,Pulawska 72/68,01031898253,2021-01-09,payment,2023-02-18
Dariusz,Tałaj,+48 427 598 149,Krakow,Dluga 99/79,99070826054,2022-01-08,payment,2021-08-24
Olga,Łój,+48 953 876 340,Wroclaw,Legnicka 32/95,40120316049,2022-08-21,payment,2022-01-31
Marika,Koss,+48 309 311 900,Gdansk,Al. Grunwaldzka 2/72,91041463338,2020-03-31,payment,2021-11-03
Andrzej,Ćwirko,+48 672 401 586,Poznan,Pieciomorgowa 58/15,48011916172,2024-05-31,payment,2024-12-29
Roksana,Herok,+48 223 844 721,Poznan,Strzeszynska 29/90,98081305000,2021-06-12,payment,2024-04-23
Albert,Burnat,+48 776 348 482,Warsaw,Krakowskie Przedmiescie 60/95,01091953044,2024-01-06,payment,2024-08-22
Damian,Goral,+48 360 943 843,Wroclaw,Osobowicka 50/67,60082293189,2020-11-07,payment,2024-05-25
Anita,Fojt,+48 283 900 395,Warsaw,Jagiellonska 86/81,86081266313,2023-06-17,payment,2023-02-23
Bartek,Sakwa,+48 156 106 718,Wroclaw,Piekarska 42/42,67091940921,2022-01-22,payment,2022-10-10
Monika,Zdonek,+48 537 925 262,Krakow,Grodzka 45/98,78090601131,2021-09-01,payment,2023-03-05
Eryk,Mainka,+48 384 286 289,Wroclaw,Trzmielowice 91/29,58090887250,2024-02-16,payment,2022-09-11
Józef,Machowiak,+48 573 962 681,Warsaw,Klopot 32/67,54052079914,2022-05-18,payment,2023-03-12
Łukasz,Wołodźko,+48 433 947 654,Warsaw,Powisle 14/96,40050364158,2023-04-30,payment,2024-09-20
Oskar,Zarzeczna,+48 498 652 999,Wroclaw,Mickiewicza 65/60,94041187406,2021-02-28,payment,2023-09-01
Jędrzej,Ochał,+48 373 704 454,Wroclaw,Grabiszynska 86/92,87101164774,2024-05-10,payment,2023-11-29
Julianna,Terka,+48 667 579 309,Warsaw,Zabkowska 16/47,46122183807,2024-05-19,payment,2023-06-12
Kajetan,Trzmiel,+48 462 733 935,Gdansk,Morska 28/81,69040315611,2022-06-01,payment,2023-01-11
Witold,Pułka,+48 509 138 809,Gdansk,Podgorna 15/100,89092005120,2024-09-27,payment,2024-03-07
Angelika,Kubrak,+48 698 605 188,Gdansk,Rynkowska 14/90,99040909147,2023-12-03,payment,2023-10-04
Anna Maria,Chruszcz,+48 588 776 176,Poznan,Czajkowska 88/36,84100603039,2022-01-23,payment,2024-02-26
Fryderyk,Kapinos,+48 247 513 171,Warsaw,Krasinskiego 74/83,85121347001,2023-08-17,payment,2024-11-01
Urszula,Ćwirko,+48 536 337 596,Wroclaw,Osobowicka 100/33,72020809271,2022-12-23,payment,2022-08-31
Marcel,Hak,+48 642 738 845,Poznan,Opolska 91/29,95050205833,2023-05-05,payment,2023-07-13
Tobiasz,Drewnik,+48 196 244 440,Warsaw,Rakowiecka 18/54,86030875382,2020-03-16,payment,2020-08-08
Paweł,Han,+48 868 988 268,Poznan,Mikolajewska 58/21,54120567619,2022-12-04,payment,2022-07-08
Rozalia,Siedlik,+48 606 924 590,Wroclaw,Katedralna 19/42,65071977419,2020-12-07,payment,2024-06-26
Eryk,Siergiej,+48 367 331 877,Wroclaw,Sudecka 56/12,99092123847,2023-01-04,payment,2024-06-23
Alan,Jeżyk,+48 944 375 944,Poznan,Laskotelna 29/73,82092085156,2024-07-11,payment,2023-01-22
Mieszko,Bytner,+48 285 405 578,Warsaw,Woronicza 33/18,58032624561,2021-12-15,payment,2021-10-03
Dariusz,Wołczyk,+48 252 561 115,Poznan,Laskocze 32/54,54111118905,2020-01-31,payment,2020-11-21
Urszula,Hallmann,+48 605 935 514,Gdansk,Al. Grunwaldzka 14/65,77080102580,2020-05-12,payment,2021-12-28
Leon,Łodej,+48 397 748 283,Warsaw,Woronicza 99/27,60110758482,2024-05-28,payment,2022-03-10
Jeremi,Ciuruś,+48 906 926 894,Krakow,Wielopole 27/97,48081361597,2020-06-30,payment,2023-12-02
Maks,Długozima,+48 743 711 330,Krakow,Szeroka 21/22,58040468733,2020-03-18,contract signing,2023-10-29
Tadeusz,Haremza,+48 597 687 852,Poznan,Wlasnosciowa 55/52,74092403627,2023-02-06,payment,2020-10-15
Dorota,Niesporek,+48 690 681 102,Gdansk,Aleja Jana Pawla II 88/62,95111612662,2023-05-06,contract signing,2024-04-30
Paweł,Marciniszyn,+48 173 642 158,Warsaw,Lechitow 58/60,89071319639,2021-12-06,payment,2022-07-10
Nikodem,Zaguła,+48 216 261 466,Warsaw,Limanowskiego 21/85,03030163620,2024-07-17,payment,2022-10-06
Andrzej,Behrendt,+48 940 536 651,Gdansk,Dluga 83/67,74022793567,2023-10-14,payment,2021-01-16
Leonard,Seidel,+48 908 582 324,Krakow,Karmelicka 47/21,66082705594,2022-05-29,payment,2021-10-07
Juliusz,Bronka,+48 922 424 174,Krakow,Krolowej Jadwigi 78/14,90061430362,2022-08-13,payment,2022-06-14
Oskar,Małysiak,+48 376 590 441,Wroclaw,Katedralna 83/75,53041497520,2023-05-21,payment,2021-03-05
Tymoteusz,Fedak,+48 147 453 611,Poznan,Laskocze 10/57,04122611106,2021-05-12,payment,2020-12-31
Maks,Batóg,+48 275 766 581,Warsaw,Narbutta 18/40,00072130537,2021-08-15,payment,2024-12-31
Mariusz,Guzdek,+48 631 979 360,Wroclaw,Obornicka 5/15,77111385661,2023-03-06,payment,2021-08-25
Tymon,Wojsław,+48 794 806 848,Warsaw,Targowa 36/86,77041006544,2020-08-14,payment,2023-05-16
Cyprian,Żbik,+48 762 214 694,Warsaw,Lechitow 14/48,80091255165,2022-02-14,payment,2024-09-23
Gabriel,Kolendo,+48 500 679 925,Wroclaw,Trzmielowice 42/31,50071795804,2020-02-13,payment,2020-07-18
Filip,Żyrek,+48 341 436 916,Poznan,Wlasnosciowa 11/58,64051531025,2021-06-05,payment,2021-12-20
Maurycy,Pera,+48 725 759 254,Gdansk,Zaspa 59/94,69121984767,2024-01-09,payment,2021-05-30
Kaja,Noras,+48 352 951 460,Krakow,Aleja Roz 66/37,53100821729,2023-01-22,payment,2024-05-02
Damian,Flasza,+48 109 425 939,Warsaw,Sowinskiego 38/29,94041650269,2022-10-23,payment,2020-11-02
Urszula,Maron,+48 665 346 816,Krakow,Dluga 98/1,69010123899,2024-07-25,payment,2021-05-10
Anna Maria,Hanc,+48 585 533 626,Poznan,Swiety Marcin 41/55,40112516057,2022-04-24,payment,2024-04-11
Robert,Winnik,+48 569 225 849,Wroclaw,Ziebicka 62/71,00102642847,2023-05-26,contract signing,2021-11-23
Witold,Lemke,+48 721 832 299,Wroclaw,Aleja 1 Maja 83/87,68110804042,2024-07-03,payment,2023-11-22
Blanka,Gebauer,+48 942 811 552,Warsaw,Mlynarska 88/17,63070428202,2021-04-21,payment,2023-11-18
Szymon,Pawela,+48 707 249 722,Krakow,Wandy 94/84,55102000971,2024-05-07,contract signing,2020-02-17
Hubert,Powała,+48 565 274 740,Wroclaw,Legnicka 86/10,42041341472,2023-09-03,payment,2021-06-29
Karol,Hallmann,+48 761 638 235,Poznan,Laskocze 68/72,77012302486,2021-05-19,payment,2022-05-21
Mieszko,Jany,+48 155 653 386,Warsaw,Jagiellonska 91/15,87092607649,2022-10-04,payment,2024-07-28
Juliusz,Goj,+48 565 936 374,Poznan,Laskowicka 49/72,95042261612,2021-02-11,payment,2023-11-25
Blanka,Derek,+48 487 315 691,Krakow,Centralna 44/28,84020587787,2022-04-27,payment,2023-01-06
Stefan,Wojsław,+48 812 397 769,Wroclaw,Mickiewicza 55/38,94040349951,2023-10-21,payment,2024-09-05
Kamila,Merda,+48 301 594 884,Gdansk,Targ Weglowy 8/6,45010508180,2023-02-19,payment,2024-07-09
Mieszko,Sadlik,+48 278 687 174,Krakow,Centralna 10/96,62090281426,2024-02-18,payment,2024-06-28
Tadeusz,Mikusek,+48 616 519 304,Krakow,Jozefa 44/15,60092166422,2024-02-08,payment,2021-05-05
Hubert,Wyderka,+48 261 373 112,Warsaw,Krakowskie Przedmiescie 8/47,84121108825,2023-07-27,payment,2022-05-06
Klara,Styrna,+48 578 759 873,Gdansk,Swinoujscie 65/47,73072112629,2021-06-29,payment,2020-10-07
Tymoteusz,Czylok,+48 844 592 974,Wroclaw,Olawka 13/26,45060305621,2022-01-24,contract signing,2024-05-01
Adrianna,Bronka,+48 154 287 142,Krakow,Podgorki 33/6,46042512727,2020-06-09,contract signing,2024-02-15
Maksymilian,Duczek,+48 607 594 158,Gdansk,Rynkowska 44/79,40030756542,2023-12-28,payment,2020-05-15
Urszula,Ostafin,+48 134 770 138,Gdansk,Gdanska 25/73,91060393623,2020-03-22,payment,2020-12-10
Aleks,Otremba,+48 398 342 757,Poznan,Poludniowa 49/3,57031679978,2023-02-08,payment,2024-11-01
Łukasz,Pacewicz,+48 218 515 496,Krakow,Centralna 100/90,72111551629,2020-05-08,payment,2023-12-04
Kornel,Wojtak,+48 487 631 289,Krakow,Wiosny Ludow 50/77,50072873499,2022-02-04,payment,2022-10-11
Bruno,Gietka,+48 974 470 287,Poznan,Swiety Marcin 66/84,06112204415,2020-07-12,payment,2022-08-07
Jakub,Orawiec,+48 654 783 951,Gdansk,Polski Czerwony Krzyz 88/14,75041257281,2022-11-17,payment,2021-02-07
Tadeusz,Dziopa,+48 371 365 556,Warsaw,Ludwika Rydygiera 78/63,64060186302,2024-11-09,payment,2022-05-14
Melania,Karpiak,+48 108 656 745,Poznan,Staroleka 10/36,56080519699,2023-11-05,payment,2022-08-29
Agnieszka,Żymełka,+48 575 914 992,Krakow,Jozefa 16/7,95120945056,2023-12-11,payment,2024-04-10
Marika,Krzykała,+48 312 279 330,Krakow,Krolowej Jadwigi 87/62,82122012882,2024-09-18,payment,2021-09-25
Sandra,Jędryczka,+48 117 649 901,Gdansk,Trojmiasto 44/53,53081733752,2021-11-22,payment,2023-05-16
Marcelina,Kolek,+48 851 184 712,Wroclaw,Hutnicza 63/32,62110362317,2022-05-15,contract signing,2023-09-05
Melania,Mućka,+48 273 929 330,Gdansk,Swinoujscie 93/11,96100768513,2024-12-13,payment,2021-07-10
Przemysław,Sierota,+48 740 297 979,Wroclaw,Polan 93/97,67071701818,2020-10-19,payment,2021-07-17
Róża,Raba,+48 616 602 786,Wroclaw,Piekarska 76/12,80021769702,2024-07-26,payment,2022-09-08
Gaja,Kluczek,+48 560 531 350,Gdansk,Karpacka 86/71,57111799859,2021-04-28,payment,2024-02-13
Maciej,Fijoł,+48 756 391 923,Krakow,Dluga 33/39,69101627066,2022-09-15,contract signing,2020-10-12
Eliza,Tusk,+48 640 940 601,Gdansk,Gdanska 83/67,02110321112,2020-01-09,payment,2020-08-11
Patryk,Buczma,+48 723 775 655,Warsaw,Rakowiecka 84/99,60031133746,2021-11-05,payment,2020-06-07
Filip,Rogal,+48 768 310 688,Gdansk,Jaskowa Dolina 61/80,89022037995,2024-11-22,payment,2022-06-20
Sylwia,Woda,+48 831 337 487,Wroclaw,Zaodrze 23/82,65120925992,2020-01-12,payment,2023-08-04
Natasza,Pastor,+48 233 274 563,Krakow,Kasprowicza 40/59,41091135125,2021-05-21,payment,2023-01-16
Rafał,Sydor,+48 598 639 447,Gdansk,Karpacka 62/25,76010738446,2020-05-18,payment,2021-04-22
Tadeusz,Wożniak,+48 622 338 634,Krakow,Pilsudskiego 61/42,78062447598,2021-12-21,payment,2022-11-23
Melania,Pich,+48 914 916 845,Warsaw,Stalowa 57/71,94030547617,2024-10-30,payment,2020-12-02
Jeremi,Wowra,+48 864 110 969,Warsaw,Klopot 8/77,78101858550,2024-01-30,contract signing,2023-05-21
Cyprian,Szołtysik,+48 150 188 890,Krakow,Aleja Roz 90/89,75031378710,2024-03-07,payment,2022-12-05
Oskar,Ciężka,+48 498 439 849,Wroclaw,Rynkowska 28/83,02021404014,2021-07-14,payment,2023-05-08
Krystian,Panuś,+48 134 520 841,Gdansk,Podgorna 47/83,01040815975,2022-11-05,contract signing,2024-08-11
Maurycy,Korzonek,+48 138 152 773,Wroclaw,Olawka 69/62,01122513308,2021-06-12,payment,2024-01-28
Blanka,Kłósek,+48 492 701 187,Wroclaw,Osobowicka 48/38,06031244882,2023-03-28,contract signing,2022-03-02
Albert,Madura,+48 134 551 375,Wroclaw,Legnicka 18/52,92052256850,2022-12-08,payment,2023-02-23
Krystian,Odrzywołek,+48 138 632 241,Gdansk,Podgorna 27/24,40022650683,2023-07-30,payment,2022-04-14
Bianka,Dub,+48 701 109 506,Warsaw,Ludwika Rydygiera 40/10,01050761567,2020-02-08,payment,2024-01-07
Cyprian,Straszak,+48 690 264 544,Warsaw,Sowinskiego 68/37,63011490444,2023-04-08,payment,2020-03-10
Marika,Ropiak,+48 567 418 162,Krakow,Aleja Roz 94/79,01012602703,2020-08-05,payment,2022-08-31
Hubert,Hajdas,+48 403 640 831,Gdansk,Gdanska 54/92,94101767098,2024-09-14,payment,2020-04-17
Konrad,Kosiak,+48 330 483 276,Poznan,Kroniki 24/49,67091033133,2022-06-03,payment,2020-07-12
Ewa,Ochnio,+48 795 575 619,Poznan,Tory 72/48,54020101171,2022-08-26,payment,2021-03-31
Aurelia,Klęk,+48 118 935 588,Poznan,Kraszewskiego 21/37,46011015792,2022-10-10,payment,2020-12-19
Blanka,Malcher,+48 538 767 830,Poznan,Kroniki 25/53,06120571714,2024-12-18,contract signing,2021-08-11
Blanka,Soliwoda,+48 852 819 549,Krakow,Grodzka 97/90,54060716045,2020-07-12,payment,2021-05-22
Aleksander,Syldatk,+48 927 377 461,Warsaw,Lechitow 86/92,05120510398,2022-03-26,payment,2023-12-11
Dagmara,Rusiniak,+48 187 675 183,Warsaw,Bialostocka 16/65,45042660515,2024-02-29,payment,2024-06-19
Eryk,Skierka,+48 410 282 182,Poznan,Polwiejska 90/26,99021137442,2020-06-06,contract signing,2023-10-06
Kaja,Kaźmierczyk,+48 398 932 206,Krakow,Plac Nowy 56/69,98052282147,2022-12-13,payment,2021-05-16
Dariusz,Parkitny,+48 609 830 255,Warsaw,Wilenska 47/57,81092655411,2023-05-30,payment,2021-08-17
Marcin,Żugaj,+48 258 478 472,Warsaw,Narbutta 69/58,95101952510,2020-09-04,payment,2022-12-29
Jacek,Krzystek,+48 826 621 121,Gdansk,Zaspa 1/89,93121633277,2022-07-22,payment,2021-04-05
Ewa,Kyc,+48 826 778 759,Krakow,Aleja Roz 18/87,78051174357,2022-10-13,payment,2023-11-17
Daniel,Osiadacz,+48 966 478 610,Krakow,Krolowej Jadwigi 3/45,46022207719,2022-01-31,payment,2023-08-14
Adrianna,Laszkiewicz,+48 310 475 916,Krakow,Karmelicka 44/29,86012695359,2023-02-22,payment,2024-06-18
Cezary,Wakuła,+48 391 675 332,Poznan,Przybyszowska 79/19,58042592793,2021-09-30,contract signing,2022-06-08
Oskar,Zmuda,+48 776 613 676,Wroclaw,Osobowicka 46/1,41100576374,2023-09-26,payment,2023-06-08
Nicole,Roczniak,+48 963 767 187,Gdansk,Polski Czerwony Krzyz 8/3,61120679237,2021-08-24,payment,2021-04-18
Piotr,Smorąg,+48 299 183 547,Wroclaw,Osobowicka 87/65,44032698330,2020-11-30,payment,2022-09-08
Liwia,Durlak,+48 582 978 555,Wroclaw,Olawka 7/98,54100167701,2023-01-12,payment,2024-10-08
Dawid,Sieczko,+48 612 139 134,Wroclaw,Biskupin 25/39,93020581585,2024-11-20,payment,2021-03-29
Leon,Leżoń,+48 640 842 478,Wroclaw,Wroclawska 65/21,74072085586,2024-08-25,payment,2023-11-17
Michał,Jasionek,+48 292 955 851,Warsaw,Krasinskiego 26/5,52111094249,2022-12-27,payment,2022-09-04
Daniel,Demiańczuk,+48 206 721 208,Poznan,Grunwaldzka 52/32,53120521690,2020-01-06,contract signing,2024-11-04
Sebastian,Słyk,+48 160 863 287,Krakow,Szeroka 78/58,61010326753,2022-10-21,payment,2024-10-21
Marcel,Raźny,+48 290 113 540,Poznan,Mikolajewska 20/21,62062062897,2021-09-17,contract signing,2023-09-03
Maksymilian,Janczura,+48 483 730 766,Krakow,Swietokrzyska 1/64,52021548371,2020-12-04,contract signing,2024-05-14
Marcelina,Szatanik,+48 288 641 888,Krakow,Lipowa 2/4,78080514313,2022-09-24,payment,2021-08-28
Maksymilian,Sus,+48 601 291 547,Poznan,Laskocze 54/34,98030127741,2020-07-10,payment,2021-01-26
Melania,Zawartka,+48 158 447 386,Gdansk,Piastowska 33/37,98111465018,2021-11-25,payment,2024-04-02
Rozalia,Wykręt,+48 947 836 452,Gdansk,Piastowska 51/15,46080287841,2023-01-15,payment,2023-04-25
Kajetan,Czerniakiewicz,+48 569 539 184,Gdansk,Bociania 30/85,06091834344,2024-01-23,payment,2020-02-23
Anita,Trzmiel,+48 300 758 459,Warsaw,Jagiellonska 23/71,64111098826,2023-01-09,contract signing,2023-11-02
Igor,Murat,+48 523 407 701,Warsaw,Krakowskie Przedmiescie 10/97,04070864430,2024-08-23,contract signing,2022-11-21
Maciej,Sydor,+48 513 279 922,Poznan,Laskowicka 8/37,96011274101,2020-11-19,payment,2020-07-30
Ksawery,Smykla,+48 578 107 936,Warsaw,Inzynierska 15/44,01042497513,2020-02-07,payment,2020-03-13
Krzysztof,Pałgan,+48 111 380 581,Wroclaw,Mickiewicza 47/11,61071359484,2024-01-17,payment,2020-03-01
Emil,Żero,+48 583 544 109,Warsaw,Marszalkowska 7/98,54061509903,2022-07-09,payment,2020-08-20
Gaja,Rejmer,+48 624 368 707,Krakow,Wiosny Ludow 49/26,43041613480,2024-09-01,payment,2022-06-23
Tymon,Jakubaszek,+48 902 910 982,Gdansk,Abrahama 29/25,52010953896,2020-12-17,payment,2022-03-01
Kamila,Żyto,+48 288 228 141,Krakow,Centralna 4/8,52091127243,2023-07-17,payment,2021-07-21
Rozalia,Graban,+48 214 823 420,Gdansk,Nowe Wrota 9/61,60020784492,2020-12-17,payment,2023-07-11
Marianna,Bączkiewicz,+48 535 103 681,Warsaw,Zabkowska 36/21,64120310599,2024-04-29,payment,2023-08-15
Karol,Stryjek,+48 625 599 896,Krakow,Rzeszowska 41/57,71060923244,2023-11-02,payment,2024-04-19
Fabian,Kopała,+48 280 442 342,Warsaw,Stalowa 88/100,58091051364,2023-06-13,payment,2021-05-03
Franciszek,Siedlik,+48 241 354 869,Wroclaw,Aleja 1 Maja 74/2,76061594617,2023-08-27,payment,2021-04-13
Olgierd,Klinkosz,+48 184 584 652,Krakow,Grodzka 22/22,93032045826,2022-11-04,payment,2021-03-26
Sebastian,Odrzywołek,+48 840 710 125,Krakow,Swietokrzyska 17/93,59031006921,2020-01-14,contract signing,2024-09-11
Oliwier,Kość,+48 283 478 478,Krakow,Pieciomorgowa 57/12,47101272059,2021-03-10,payment,2024-04-14
Nicole,Krzempek,+48 393 592 460,Poznan,Pieciomorgowa 3/15,79031419107,2024-09-25,payment,2022-02-12
Bruno,Dziadkowiec,+48 620 101 609,Gdansk,Swinoujscie 93/41,99060824471,2021-04-09,payment,2024-07-22
Artur,Leszcz,+48 521 810 161,Gdansk,Rynkowska 83/96,91121923554,2024-03-25,payment,2024-07-25
Nataniel,Serwa,+48 685 201 459,Warsaw,Mlynarska 45/21,99042391173,2024-08-30,payment,2020-04-08
Julianna,Łasica,+48 599 348 690,Poznan,Laskowicka 30/85,40090743511,2020-03-20,payment,2021-08-21
Roksana,Milka,+48 593 261 204,Gdansk,Rynkowska 23/79,52022517547,2023-01-13,payment,2021-12-14
Julianna,Wochnik,+48 991 135 227,Warsaw,Sowinskiego 41/40,86072354832,2024-09-10,payment,2020-06-01
Apolonia,Tadla,+48 212 120 338,Gdansk,Swinoujscie 90/77,63011150809,2024-02-24,payment,2022-11-20
Melania,Mały,+48 552 262 384,Krakow,Krolowej Jadwigi 38/81,03070303163,2020-02-22,payment,2020-05-15
Cyprian,Kołsut,+48 249 128 116,Wroclaw,Hutnicza 35/63,45102611831,2020-09-03,payment,2020-06-20
Maurycy,Kulus,+48 211 924 727,Poznan,Grunwaldzka 81/75,71061370137,2021-08-06,payment,2024-03-25
Maks,Słyk,+48 234 351 836,Wroclaw,Olawka 50/46,83101919475,2020-03-17,payment,2021-11-30
Melania,Foremniak,+48 736 407 871,Krakow,Jozefa 45/59,78070987895,2022-05-11,payment,2024-08-02
Apolonia,Czerepak,+48 669 577 749,Wroclaw,Grabiszynska 48/9,02060764780,2020-02-20,contract signing,2024-11-16
Cezary,Glegoła,+48 183 698 426,Wroclaw,Polan 59/17,02060220895,2021-11-24,payment,2022-12-30
Krystyna,Surdel,+48 915 988 125,Wroclaw,Olawska 85/18,82090363625,2022-09-30,payment,2024-07-31
Róża,Tereszkiewicz,+48 790 837 392,Poznan,Mikolajewska 29/85,86040743309,2024-06-08,contract signing,2020-05-25
Marika,Więcławek,+48 115 513 674,Poznan,Garbary 72/10,44021085394,2021-03-21,payment,2021-04-16
Tymoteusz,Rut,+48 895 851 245,Poznan,Laskowicka 32/59,93060871235,2024-05-09,payment,2023-11-07
Melania,Musiała,+48 426 497 836,Wroclaw,Zaodrze 2/59,71110929880,2024-01-29,payment,2022-11-15
Piotr,Dacko,+48 926 247 244,Warsaw,Rakowiecka 21/20,43111992491,2023-04-06,payment,2020-12-05
Lidia,Nasiadka,+48 562 191 485,Wroclaw,Zaodrze 71/2,42100474228,2023-07-04,contract signing,2021-12-12
Dominik,Tarach,+48 543 956 739,Wroclaw,Czarnowiejska 50/60,46071372404,2023-11-19,payment,2024-01-30
Lidia,Józefczak,+48 607 406 684,Wroclaw,Swidnicka 95/87,02122642744,2022-02-02,payment,2021-03-06
Stanisław,Giża,+48 970 385 124,Gdansk,Nowe Wrota 19/69,57122170340,2024-01-29,payment,2023-11-22
Eryk,Duras,+48 267 704 261,Warsaw,Zabkowska 56/77,44050193716,2022-06-07,payment,2024-05-19
Janina,Kapinos,+48 849 487 702,Wroclaw,Obornicka 46/48,53111205008,2020-12-10,payment,2023-02-02
Anastazja,Owsiak,+48 541 757 248,Wroclaw,Miejska 54/36,65040667031,2021-12-25,payment,2024-11-06
Ksawery,Pędrak,+48 539 393 814,Gdansk,Piastowska 65/54,45010954462,2020-05-09,payment,2024-06-15
Sara,Galik,+48 844 976 366,Gdansk,Ostroda 96/95,50040411742,2022-10-16,payment,2024-01-07
Julianna,Stoltmann,+48 670 676 897,Krakow,Pieciomorgowa 69/90,87030768870,2024-07-06,payment,2020-09-19
Kazimierz,Lulek,+48 831 960 700,Wroclaw,Mokotowska 29/50,84112560944,2022-07-24,payment,2021-09-16
Oliwier,Kosznik,+48 375 368 946,Krakow,Odrzanska 73/7,45100745123,2020-01-11,contract signing,2021-02-26
Witold,Komander,+48 601 691 137,Gdansk,Karpacka 16/42,53041818464,2021-11-01,contract signing,2024-09-10
Krystian,Piksa,+48 726 331 418,Gdansk,Nowe Wrota 60/79,43010109561,2023-10-04,contract signing,2024-11-12
Tymoteusz,Wrochna,+48 185 782 789,Poznan,Staroleka 12/82,79122566732,2021-11-02,contract signing,2020-05-31
Julianna,Nalewajko,+48 576 588 838,Wroclaw,Osobowicka 11/31,73070535932,2020-01-14,payment,2021-12-18
Fabian,Kandora,+48 193 953 107,Warsaw,Marszalkowska 6/40,52072479248,2022-03-15,payment,2023-08-22
Dawid,Drózd,+48 835 754 211,Warsaw,Pulawska 1/81,40020547200,2022-05-09,payment,2024-11-19
Sandra,Walo,+48 729 472 935,Poznan,Poludniowa 63/41,42052410134,2022-04-27,payment,2020-05-08
Leonard,Kulus,+48 119 301 241,Warsaw,Narbutta 81/77,43020844315,2023-05-02,payment,2023-05-13
Filip,Kochman,+48 251 549 782,Gdansk,Polski Czerwony Krzyz 59/10,73092407471,2021-11-06,payment,2022-02-09
Mieszko,Wałdoch,+48 420 335 981,Wroclaw,Mickiewicza 25/51,04060819378,2024-02-13,contract signing,2023-09-12
Franciszek,Olszyna,+48 721 893 977,Gdansk,Dlugi Targ 14/76,61061413390,2022-05-29,payment,2020-11-06
Adrian,Piotrak,+48 715 486 462,Poznan,Polwiejska 48/19,94040564260,2021-09-01,payment,2024-01-14
Eliza,Ciepłuch,+48 224 306 172,Poznan,Tory 7/71,94080170975,2020-01-29,payment,2021-01-24
Sonia,Zyguła,+48 543 668 874,Warsaw,Wilenska 13/25,98060775770,2022-08-14,payment,2023-04-14
Nela,Burnat,+48 566 290 408,Gdansk,Aleja Jana Pawla II 89/59,81060253366,2022-04-14,payment,2021-01-03
Franciszek,Linke,+48 216 388 815,Wroclaw,Rynkowska 94/54,70041968067,2022-05-05,payment,2024-11-22
Aleks,Gierasimiuk,+48 540 379 326,Gdansk,Gdanska 94/89,47051179655,2022-09-06,payment,2024-07-11
Sandra,Ważna,+48 231 735 930,Warsaw,Sowinskiego 76/64,99121856289,2020-10-03,payment,2022-04-10
Ewelina,Grzelec,+48 218 688 797,Krakow,Wielopole 17/21,86120164480,2021-01-24,payment,2023-05-27
Iwo,Karpeta,+48 506 341 487,Poznan,Wiosna 92/63,42081955024,2024-03-31,payment,2021-04-02
Piotr,Kononowicz,+48 640 480 794,Poznan,Laskotelna 24/4,47101082904,2021-07-03,payment,2020-05-05
Kamila,Zięciak,+48 664 812 132,Krakow,Lipowa 71/46,72101947308,2024-05-02,payment,2020-02-10
Anastazja,Mirocha,+48 253 628 583,Warsaw,Bialostocka 16/89,87090514941,2022-01-22,payment,2024-01-14
Ksawery,Stefankiewicz,+48 530 510 639,Poznan,Kraszewskiego 70/68,92041764863,2020-04-19,payment,2022-01-23
Oskar,Niksa,+48 640 566 548,Wroclaw,Grabiszynska 3/61,01080492392,2020-02-02,payment,2021-07-20
Maciej,Dziurdzia,+48 858 257 817,Krakow,Wandy 87/90,85070590631,2020-01-21,payment,2021-10-15
Justyna,Miękus,+48 844 595 640,Gdansk,Wielki Mlyn 35/40,77080712653,2023-10-12,contract signing,2021-08-07
Adam,Kusa,+48 786 309 201,Warsaw,Narbutta 72/48,55122462650,2024-04-21,payment,2022-05-21
Dariusz,Cegła,+48 832 739 204,Poznan,Wlasnosciowa 82/75,40081667482,2024-02-15,payment,2022-02-17
Maciej,Cyman,+48 249 137 410,Poznan,Laskotelna 93/24,59092419098,2020-05-24,payment,2022-06-20
Monika,Witoń,+48 794 908 572,Gdansk,Zaspa 98/51,54040873083,2022-12-24,payment,2022-10-13
Tymoteusz,Matulka,+48 593 169 479,Wroclaw,Grabiszynska 42/2,67031988550,2020-09-19,payment,2022-09-01
Miłosz,Kuczak,+48 156 293 173,Wroclaw,Polan 31/16,56092136105,2022-11-24,payment,2024-01-08
Andrzej,Jaśko,+48 298 554 382,Wroclaw,Obornicka 27/55,42012463749,2020-04-25,payment,2023-11-07
Marianna,Suchta,+48 289 855 652,Warsaw,Lechitow 55/43,62042427650,2022-04-14,contract signing,2023-04-05
Aleks,Szkup,+48 923 847 966,Warsaw,Swietokrzyska 58/88,68022738747,2022-03-26,payment,2024-12-08
Ryszard,Boguta,+48 946 736 375,Wroclaw,Polan 74/97,58082238015,2020-03-07,payment,2023-11-03
Przemysław,Tyniec,+48 638 911 657,Wroclaw,Miejska 50/69,67050946313,2021-05-03,payment,2022-05-15
Mikołaj,Olewniczak,+48 408 372 887,Gdansk,Gdanska 25/6,45022436622,2020-02-22,payment,2020-02-03
Eliza,Frankowicz,+48 703 643 486,Poznan,Gorzyslawa 44/20,59122503030,2023-06-29,payment,2024-06-21
Hubert,Kurz,+48 644 298 172,Poznan,Swiety Marcin 53/36,86010795679,2024-11-10,contract signing,2022-01-01
Blanka,Cebulak,+48 919 796 684,Gdansk,Dlugi Targ 17/63,52060304468,2020-11-05,payment,2023-07-25
Stanisław,Radke,+48 157 448 156,Krakow,Aleja Roz 94/49,58011943221,2020-10-19,payment,2021-09-26
Fryderyk,Chaber,+48 940 914 471,Poznan,Kroniki 76/65,69022070411,2024-08-29,payment,2020-04-08
Anita,Ulfik,+48 103 491 927,Gdansk,Nowe Wrota 36/47,66010611805,2021-09-29,payment,2024-09-30
Piotr,Adrian,+48 609 353 391,Krakow,Krolowej Jadwigi 11/2,56071983157,2023-12-18,payment,2023-02-10
Krystyna,Szela,+48 755 433 962,Wroclaw,Czarnowiejska 79/39,87042207981,2024-04-24,payment,2024-07-21
Jacek,Księżak,+48 313 732 193,Gdansk,Nowe Wrota 25/46,65031190128,2022-02-28,payment,2024-08-18
Julian,Pastucha,+48 457 884 940,Wroclaw,Polan 85/57,58040673957,2024-09-26,payment,2020-05-02
Maks,Kabza,+48 748 864 719,Gdansk,Piastowska 72/99,02081130656,2021-10-25,payment,2021-07-09
Sonia,Demiańczuk,+48 282 137 835,Wroclaw,Olawka 28/48,69050318363,2023-12-09,contract signing,2022-01-27
Ada,Doliwa,+48 255 394 780,Gdansk,Wielki Mlyn 98/86,59071677165,2022-01-01,payment,2020-11-08
Angelika,Walentynowicz,+48 196 178 983,Gdansk,Gdanska 96/34,60070388905,2024-10-31,payment,2024-04-22
Borys,Bazydło,+48 360 780 444,Warsaw,Powisle 50/49,50081573124,2022-08-14,payment,2021-03-02
Paweł,Ostapiuk,+48 205 816 708,Poznan,Polwiejska 52/74,84081227332,2020-04-21,payment,2022-10-28
Marianna,Rosłoń,+48 541 177 372,Krakow,Swietokrzyska 47/15,48060177584,2023-02-28,payment,2024-04-10
Damian,Paździora,+48 827 965 860,Krakow,Chorazowka 38/13,41060372850,2022-05-01,payment,2021-10-20
Bartek,Pierchała,+48 506 643 980,Warsaw,Powisle 43/41,60060239040,2024-03-04,contract signing,2021-07-12
Igor,Krzyszczak,+48 474 192 543,Krakow,Plac Nowy 56/29,40042859077,2021-10-02,payment,2022-01-02
Tola,Drwięga,+48 556 649 281,Krakow,Dluga 55/24,96090438366,2020-07-22,payment,2020-08-12
Kamil,Zastawny,+48 686 294 601,Poznan,Blazenkowska 91/89,54020830093,2024-09-13,payment,2024-05-20
Ewa,Malon,+48 258 255 982,Poznan,Laskotelna 96/66,55120653678,2023-01-11,contract signing,2020-06-02
Alan,Uzar,+48 953 268 862,Wroclaw,Olawska 43/33,68052529829,2021-09-06,payment,2024-07-28
Kalina,Dziadowicz,+48 587 520 477,Wroclaw,Grabiszynska 89/26,94051406359,2024-02-16,payment,2024-01-12
Bruno,Franków,+48 543 889 469,Gdansk,Podwale Staromiejskie 26/66,03010635374,2022-11-08,payment,2021-02-13
Mariusz,Linka,+48 502 849 738,Wroclaw,Mickiewicza 62/83,77040941521,2021-12-04,payment,2020-03-18
Inga,Wypchło,+48 241 727 664,Warsaw,Chmielna 54/32,81072076438,2020-05-13,payment,2020-08-03
Krystian,Sobieszczyk,+48 327 888 652,Warsaw,Narbutta 4/35,51031360645,2023-02-25,payment,2023-07-09
Kaja,Mironiuk,+48 153 410 807,Gdansk,Abrahama 60/13,89021771502,2023-06-18,payment,2023-12-24
Nicole,Kwoka,+48 652 258 152,Warsaw,Pulawska 72/66,77111380734,2021-08-05,payment,2024-06-12
Nicole,Bela,+48 585 399 504,Poznan,Opolska 28/95,53082207898,2024-11-26,payment,2024-12-18
Przemysław,Waszczyk,+48 504 422 866,Poznan,Dabrowa 23/47,53052688058,2021-09-28,payment,2021-10-14
Albert,Kucharz,+48 542 225 777,Gdansk,Targ Weglowy 75/53,53010878118,2024-03-02,contract signing,2022-12-01
Sara,Damian,+48 503 828 361,Wroclaw,Grabiszynska 17/77,48121446743,2024-08-12,payment,2020-02-23
Stanisław,Karol,+48 698 416 908,Warsaw,Krasinskiego 81/85,81092617060,2022-11-24,payment,2021-08-23
Kalina,Ziętal,+48 576 742 140,Poznan,Czajkowska 84/56,45061133050,2023-11-12,payment,2022-08-05
Oskar,Wajer,+48 764 719 495,Wroclaw,Katedralna 91/6,47042633179,2022-02-09,payment,2021-08-27
Eliza,Wojewódka,+48 216 212 760,Warsaw,Pulawska 75/3,70051624764,2020-07-18,payment,2021-07-12
Marcin,Dzika,+48 746 451 481,Gdansk,Al. Grunwaldzka 89/91,84012071438,2022-01-16,payment,2020-08-31
Marcin,Janasik,+48 260 253 430,Poznan,Grunwaldzka 85/67,46032210358,2024-12-06,payment,2021-06-15
Albert,Dawiec,+48 771 583 139,Gdansk,Morska 77/67,69110966282,2022-03-28,payment,2022-02-28
Eryk,Pałęga,+48 579 239 664,Poznan,Przybyszowska 93/46,55030319754,2024-07-02,payment,2021-04-25
Tobiasz,Zawartka,+48 528 505 273,Gdansk,Zaspa 54/52,65082534065,2020-05-01,payment,2022-01-12
Jeremi,Rosłon,+48 678 567 145,Wroclaw,Mickiewicza 66/64,64011019233,2021-09-20,payment,2024-11-05
Karol,Jaremko,+48 697 954 624,Poznan,Kroniki 62/1,87122727839,2021-06-02,payment,2020-07-12
Malwina,Graj,+48 179 816 802,Poznan,Staroleka 52/15,41020445178,2020-02-06,payment,2021-03-18
Konrad,Wielądek,+48 770 652 984,Wroclaw,Aleja 1 Maja 75/33,85060741517,2024-02-25,payment,2022-07-12
Klara,Zioła,+48 420 630 732,Gdansk,Rynkowska 64/29,77052471357,2021-02-10,payment,2024-03-11
Bartek,Tabisz,+48 686 226 846,Warsaw,Limanowskiego 66/54,57072251832,2023-11-21,payment,2022-06-12
Maks,Pompa,+48 615 827 741,Gdansk,Gdanska 6/23,67102534385,2021-11-06,payment,2021-08-23
Eryk,Sieg,+48 682 157 863,Gdansk,Podwale Staromiejskie 47/39,99010293214,2020-09-23,payment,2021-06-09
Albert,Wołodźko,+48 860 969 812,Gdansk,Swinoujscie 91/50,61111204910,2022-09-03,contract signing,2024-01-15
Ewelina,Noszczyk,+48 188 202 119,Krakow,Jana Pawla II 60/37,01120604220,2024-11-12,payment,2021-01-20
Marianna,Gogola,+48 712 132 273,Warsaw,Powisle 22/34,57071207117,2020-10-21,payment,2024-06-10
Marcel,Molek,+48 789 145 771,Wroclaw,Olawka 9/47,47061716602,2022-05-14,payment,2021-12-17
Marcelina,Ziemkiewicz,+48 452 449 162,Gdansk,Gdanska 51/90,06102734982,2021-07-14,payment,2024-07-14
Błażej,Simon,+48 573 641 339,Wroclaw,Piekarska 35/59,76072304272,2024-06-24,payment,2021-02-28
Ewelina,Wośko,+48 457 376 536,Krakow,Lipowa 18/89,45090756000,2024-07-26,payment,2022-12-26
Ksawery,Pacura,+48 814 516 704,Krakow,Wandy 3/22,01032109042,2024-07-26,payment,2022-05-21
Marek,Cichowlas,+48 626 257 483,Wroclaw,Biskupin 75/10,97041413519,2021-03-21,payment,2023-04-28
Tymon,Naglik,+48 114 462 123,Warsaw,Krasinskiego 17/68,94062742198,2021-09-01,payment,2024-09-08
Aniela,Koćwin,+48 716 494 856,Gdansk,Dlugi Targ 94/87,96090868615,2023-12-05,payment,2023-09-02
Rozalia,Kostera,+48 726 485 548,Krakow,Podgorki 88/46,06081525777,2023-09-06,payment,2021-05-26
Dariusz,Opyrchał,+48 283 916 922,Gdansk,Rynkowska 74/42,74060229297,2020-06-11,payment,2022-10-22
Elżbieta,Niedośpiał,+48 197 878 640,Warsaw,Klopot 42/48,83031672680,2024-01-11,contract signing,2022-05-13
Jakub,Wudarczyk,+48 197 600 366,Krakow,Jana Pawla II 56/44,91051328427,2024-06-06,payment,2021-10-06
Sonia,Dietrich,+48 482 973 132,Warsaw,Targowa 63/2,56122632621,2020-05-30,payment,2020-08-02
Filip,Uliasz,+48 655 886 717,Wroclaw,Biskupin 44/12,77080459125,2020-08-17,payment,2023-08-21
Filip,Rysz,+48 501 171 313,Poznan,Blazenkowska 38/28,73031155041,2023-06-28,payment,2024-08-15
Adrian,Ogłaza,+48 596 844 171,Wroclaw,Miejska 89/33,47100480826,2020-07-16,payment,2021-05-31
Przemysław,Mulawa,+48 641 955 137,Warsaw,Nowy Swiat 7/2,52050622219,2024-03-11,payment,2023-10-23
Ksawery,Ślebioda,+48 322 280 863,Warsaw,Bialostocka 1/85,62030397808,2023-05-12,payment,2021-11-13
Lidia,Dorociak,+48 460 199 486,Poznan,Kroniki 53/39,63010404848,2021-10-04,contract signing,2020-09-05
Bruno,Gebauer,+48 848 873 255,Warsaw,Rakowiecka 29/1,59081104020,2024-08-12,payment,2022-11-19
Dominik,Puc,+48 398 332 851,Warsaw,Nowy Swiat 12/61,74051496778,2021-03-31,payment,2021-12-23
Błażej,Pyza,+48 810 248 132,Poznan,Czajkowska 20/73,93041655779,2023-03-06,contract signing,2020-01-22
Klara,Drela,+48 835 233 186,Gdansk,Gdanska 19/11,52050335856,2024-12-20,payment,2022-11-29
Elżbieta,Broncel,+48 629 977 334,Poznan,Zernickie 57/80,57062383228,2020-09-17,payment,2024-12-24
Damian,Wyroba,+48 558 116 114,Poznan,Poludniowa 36/63,62091708607,2020-08-19,contract signing,2023-02-24
Nikodem,Szklarek,+48 109 117 981,Gdansk,Rynkowska 98/12,80082607311,2020-08-06,payment,2024-09-09
Nataniel,Such,+48 984 898 617,Gdansk,Polski Czerwony Krzyz 83/75,99111626650,2020-01-31,payment,2023-10-09
Rozalia,Kasica,+48 833 159 112,Warsaw,Jagiellonska 29/93,50011645493,2020-09-11,contract signing,2021-07-19
Juliusz,Strug,+48 218 162 171,Wroclaw,Miejska 72/60,59030501540,2024-02-10,contract signing,2023-06-30
Franciszek,Dargacz,+48 744 799 163,Wroclaw,Miejska 14/86,64022817022,2022-03-12,payment,2022-04-03
Piotr,Jessa,+48 769 563 483,Poznan,Przybyszowska 98/39,72092285328,2024-07-09,payment,2020-08-03
Kaja,Frankowicz,+48 860 242 584,Krakow,Kasprowicza 54/19,94070717654,2021-03-07,payment,2024-08-20
Agnieszka,Palica,+48 882 354 686,Gdansk,Bociania 47/37,54100419594,2021-05-14,payment,2022-01-17
Kazimierz,Dybał,+48 534 275 650,Gdansk,Karpacka 58/90,42081732946,2020-10-10,payment,2024-06-03
Kornel,Dydo,+48 854 406 826,Warsaw,Jagiellonska 46/30,95081344260,2022-11-27,contract signing,2023-07-02
Cezary,Maziarczyk,+48 512 942 779,Krakow,Wielopole 20/6,62082624662,2024-03-14,payment,2023-04-19
Przemysław,Wojtarowicz,+48 838 323 836,Wroclaw,Katedralna 24/24,60091718989,2022-09-20,payment,2020-11-18
Urszula,Tyka,+48 824 109 564,Wroclaw,Trzmielowice 2/71,58062374759,2020-05-29,payment,2021-04-05
Sonia,Tylec,+48 750 238 967,Poznan,Dabrowa 72/30,06070579165,2021-02-25,payment,2021-03-09
Stanisław,Rorat,+48 584 277 982,Krakow,Dluga 54/52,92021989255,2021-01-23,payment,2021-01-21
Bianka,Fal,+48 964 169 472,Gdansk,Jaskowa Dolina 22/43,52121807808,2020-11-24,payment,2021-01-06
Jan,Dulewicz,+48 307 967 241,Krakow,Aleja Roz 65/64,94120652560,2020-04-03,payment,2022-03-03
Antoni,Gordon,+48 614 764 177,Warsaw,Zabkowska 52/8,75072854794,2023-10-29,payment,2021-12-24
Ewa,Ślęczka,+48 720 327 242,Wroclaw,Biskupin 25/56,74062383676,2023-11-04,payment,2021-12-29
Julian,Bugla,+48 799 680 278,Warsaw,Stalowa 34/64,61030704137,2024-05-30,payment,2020-01-15
Adrianna,Antoń,+48 472 240 213,Poznan,Grunwaldzka 22/88,41010230618,2022-03-29,payment,2020-11-10
Nela,Dycha,+48 287 642 476,Warsaw,Ludwika Rydygiera 23/33,77121790101,2024-06-01,payment,2021-12-26
Marcelina,Szalast,+48 360 636 711,Poznan,Mikolajewska 64/30,91011334910,2020-07-11,payment,2020-01-02
Eryk,Machniak,+48 938 383 112,Wroclaw,Obornicka 56/30,01032087719,2023-12-17,payment,2022-10-12
Melania,Mordal,+48 970 872 799,Warsaw,Pulawska 29/19,57051864501,2022-02-09,payment,2021-01-23
Fryderyk,Moczko,+48 712 835 954,Gdansk,Jaskowa Dolina 14/41,03012183028,2021-01-13,payment,2021-05-06
Konrad,Małys,+48 811 523 730,Warsaw,Swietokrzyska 20/39,67100538626,2021-03-16,payment,2020-11-15
Mikołaj,Wojtaszczyk,+48 167 742 562,Krakow,Wielopole 77/16,92080637445,2020-05-03,payment,2024-12-14
Grzegorz,Szymocha,+48 787 677 115,Gdansk,Al. Grunwaldzka 64/13,74080251276,2020-01-14,payment,2023-01-07
Oliwier,Bociek,+48 777 725 352,Wroclaw,Katedralna 31/66,56072297789,2024-08-20,payment,2020-10-08
Monika,Solnica,+48 949 231 130,Wroclaw,Biskupin 88/36,42012243336,2021-06-23,payment,2022-06-20
Aniela,Mordak,+48 846 877 187,Gdansk,Trojmiasto 63/55,56110443363,2022-05-14,payment,2020-09-27
Piotr,Puc,+48 504 760 274,Gdansk,Swietego Ducha 60/43,48071517348,2022-03-08,payment,2021-06-07
Jerzy,Piestrzeniewicz,+48 316 285 536,Krakow,Centralna 92/64,82032334100,2020-04-18,contract signing,2024-09-25
Urszula,Macias,+48 337 939 396,Wroclaw,Swidnicka 67/58,45041047447,2020-05-15,payment,2022-04-17
Marianna,Zioła,+48 434 422 130,Krakow,Kasprowicza 71/95,99111538078,2021-05-14,payment,2024-09-07
Albert,Kłósek,+48 829 928 108,Wroclaw,Piekarska 81/37,02061908253,2021-02-24,payment,2020-10-11
Fabian,Początek,+48 973 915 126,Wroclaw,Olawska 38/6,66120766653,2023-04-08,contract signing,2021-03-16
Sebastian,Nehring,+48 997 731 482,Poznan,Dabrowa 41/12,69071786996,2020-10-04,payment,2023-09-07
Tymon,Ambrożewicz,+48 979 932 396,Poznan,Strzeszynska 70/29,84090817173,2024-01-22,payment,2022-11-18
Sandra,Wojniak,+48 221 188 806,Poznan,Laskowicka 77/35,68081805411,2021-05-26,contract signing,2023-03-29
Michał,Kanarek,+48 700 364 421,Gdansk,Karpacka 83/5,95110811437,2024-02-17,contract signing,2024-06-04
Elżbieta,Morka,+48 535 727 833,Poznan,Laskotelna 44/1,87090293622,2023-10-05,payment,2020-10-06
Dominik,Olearczyk,+48 923 505 489,Krakow,Grodzka 6/24,61031814891,2021-07-24,payment,2020-03-26
Kamila,Wołczyk,+48 117 301 488,Wroclaw,Ziebicka 63/36,93010100116,2022-08-31,contract signing,2023-01-28
Mieszko,Gapys,+48 581 163 576,Gdansk,Zaspa 51/16,64011709666,2023-08-04,payment,2024-02-10
Ada,Kudełka,+48 216 770 411,Warsaw,Marszalkowska 53/37,66072320220,2023-03-22,payment,2020-09-05
Kamil,Mierzwiak,+48 577 920 727,Wroclaw,Trzmielowice 51/57,73022888774,2023-03-09,payment,2024-12-21
Błażej,Pieczarka,+48 826 783 708,Poznan,Strzeszynska 65/90,95071379812,2022-01-22,payment,2024-07-24
Cezary,Turczyk,+48 377 417 730,Wroclaw,Olawska 91/62,66071397489,2020-02-28,payment,2020-03-14
Robert,Ruman,+48 629 701 638,Poznan,Blazenkowska 71/66,45021285272,2020-02-20,contract signing,2022-11-13
Radosław,Wosiek,+48 301 664 866,Krakow,Florianska 50/22,72100431909,2020-04-10,payment,2022-02-18
Aurelia,Warwas,+48 861 658 428,Gdansk,Morska 95/65,53101453035,2023-06-16,payment,2023-12-20
Karina,Igras,+48 285 487 939,Warsaw,Zabkowska 69/19,46012511242,2023-02-04,contract signing,2021-03-15
Olaf,Janiga,+48 399 668 613,Gdansk,Dluga 83/44,71091211952,2023-12-21,payment,2021-10-27
Emil,Dawidek,+48 557 449 921,Warsaw,Nowy Swiat 85/59,59020367990,2023-05-28,payment,2022-10-26
Tomasz,Dubik,+48 161 349 221,Gdansk,Rynkowska 15/42,48061879997,2023-11-13,payment,2020-05-02
Michał,Klamka,+48 781 296 993,Gdansk,Dlugi Targ 93/48,43080919116,2024-08-05,payment,2022-05-02
Maciej,Lisoń,+48 961 582 714,Wroclaw,Ziebicka 85/26,57021654396,2024-02-05,payment,2021-01-22
Anita,Wandzel,+48 739 409 654,Wroclaw,Rynkowska 52/74,51100961427,2023-12-07,payment,2023-02-20
Oskar,Rurka,+48 512 235 324,Gdansk,Karpacka 38/51,76071606214,2024-07-17,payment,2023-05-14
Adrian,Kik,+48 291 558 973,Poznan,Poludniowa 97/24,82111800937,2021-07-12,payment,2023-11-16
Gaja,Iwanow,+48 293 652 899,Wroclaw,Sudecka 98/11,49122528117,2021-03-15,payment,2023-06-25
Fabian,Grzelec,+48 687 419 868,Krakow,Chorazowka 3/68,42030708031,2023-07-12,payment,2022-12-19
Marcin,Stojak,+48 223 476 467,Poznan,Laskocze 8/95,66092657182,2021-06-06,payment,2022-03-17
Rozalia,Kociemba,+48 346 791 922,Wroclaw,Hutnicza 14/92,42110167556,2022-07-06,payment,2021-08-16
Adrianna,Konat,+48 343 624 466,Warsaw,Targowa 83/62,79072712227,2020-09-11,payment,2021-12-17
Adam,Opoka,+48 580 353 365,Poznan,Staroleka 10/60,95050975680,2024-08-26,payment,2020-10-02
Cyprian,Friedrich,+48 276 819 451,Poznan,Wlasnosciowa 28/6,67081360764,2022-01-22,payment,2020-01-09
Kalina,Kielczyk,+48 186 704 242,Krakow,Odrzanska 48/71,75050307575,2022-10-27,payment,2023-04-16
Malwina,Kasznia,+48 101 209 219,Gdansk,Al. Grunwaldzka 95/1,72102897718,2021-03-05,payment,2021-08-29
Gabriel,Domoń,+48 816 142 122,Poznan,Kraszewskiego 37/84,63090273996,2023-05-30,payment,2020-02-20
Mieszko,Więckiewicz,+48 465 911 362,Gdansk,Gdanska 61/74,66021498048,2021-07-03,payment,2022-08-06
Eliza,Trzepizur,+48 302 396 702,Krakow,Jana Pawla II 65/13,47022704336,2024-11-15,payment,2020-04-30
Gabriel,Hynek,+48 223 431 534,Gdansk,Gdanska 33/22,44032139482,2020-07-27,payment,2020-08-12
Mariusz,Korbut,+48 960 638 394,Warsaw,Limanowskiego 47/26,03100687526,2022-08-07,payment,2023-12-26
Julita,Nieborak,+48 741 788 884,Warsaw,Ludwika Rydygiera 75/69,60121548720,2022-09-11,payment,2022-03-11
Sara,Majewicz,+48 916 472 317,Gdansk,Swietego Ducha 9/56,99090754131,2020-06-15,payment,2024-05-04
Sylwia,Orkisz,+48 601 953 675,Poznan,Tory 66/47,95040592974,2024-03-20,payment,2022-06-04
Bianka,Żelazek,+48 136 682 793,Gdansk,Morska 60/5,49120881982,2021-11-05,payment,2021-01-20
Aniela,Brańka,+48 677 309 488,Warsaw,Marszalkowska 93/35,69010464671,2023-03-08,payment,2023-12-07
Marianna,Doroba,+48 896 293 780,Warsaw,Bialostocka 87/11,57041061051,2023-02-17,payment,2024-08-18
Marcelina,Graj,+48 517 820 551,Poznan,Garbary 10/32,54022371846,2022-05-01,payment,2024-06-10
Kacper,Kastelik,+48 606 294 175,Poznan,Staroleka 79/14,88121339599,2022-01-10,payment,2023-10-14
Olaf,Sprawka,+48 947 642 328,Krakow,Rzeszowska 83/78,79010521245,2020-03-05,payment,2024-06-28
Fryderyk,Szott,+48 262 858 128,Wroclaw,Olawska 10/50,89092785901,2020-02-28,payment,2024-11-15
Jędrzej,Fitrzyk,+48 686 647 557,Warsaw,Sowinskiego 89/44,42112731278,2024-06-21,payment,2022-02-06
Artur,Spólnik,+48 214 488 168,Krakow,Aleja Roz 59/23,65100221034,2024-04-19,contract signing,2024-11-11
Adam,Wichłacz,+48 761 707 667,Krakow,Rzeszowska 44/64,72010639282,2024-09-04,payment,2023-10-15
Dorota,Pych,+48 884 641 215,Krakow,Wielopole 32/13,94012793441,2022-08-25,payment,2022-09-27
Kalina,Kandora,+48 621 361 516,Wroclaw,Katedralna 49/54,93122711091,2021-06-08,payment,2020-07-25
Jan,Nastaj,+48 725 958 786,Wroclaw,Grabiszynska 26/67,54111500025,2021-11-03,payment,2023-03-04
Anastazja,Handke,+48 568 482 308,Poznan,Wlasnosciowa 15/87,84022318880,2023-07-25,payment,2023-10-05
Agnieszka,Sabak,+48 524 521 791,Poznan,Strzeszynska 71/21,98030613763,2022-03-29,payment,2024-09-21
Ida,Krzyżostaniak,+48 736 811 897,Wroclaw,Swietego Mikolaja 84/34,48120821499,2024-07-02,payment,2021-08-22
Adrian,Śliz,+48 356 260 755,Krakow,Dluga 43/21,58091211533,2020-04-02,payment,2021-06-26
Daniel,Bachanek,+48 536 329 362,Krakow,Lipowa 11/29,89031629059,2020-12-19,payment,2020-04-30
Ewa,Sip,+48 482 290 452,Wroclaw,Osobowicka 96/83,64050592360,2020-03-14,payment,2020-10-26
Juliusz,Machowicz,+48 382 942 460,Gdansk,Morska 9/46,99121819914,2021-02-16,payment,2020-08-12
Kajetan,Kamieniak,+48 276 156 462,Krakow,Swietokrzyska 82/84,42032122952,2022-10-03,payment,2020-08-31
Sylwia,Sajnóg,+48 102 738 371,Wroclaw,Polan 20/66,99100346303,2020-11-16,payment,2023-06-09
Justyna,Maciuszek,+48 776 817 429,Poznan,Wlasnosciowa 32/26,99050108929,2024-04-26,payment,2020-06-20
Justyna,Bandyk,+48 567 986 991,Krakow,Pilsudskiego 7/69,60111394566,2024-07-05,contract signing,2023-07-12
Dorota,Hojda,+48 454 148 613,Poznan,Mikolajewska 100/41,61121611209,2023-05-03,payment,2020-01-30
Artur,Stawczyk,+48 887 877 720,Wroclaw,Olawka 12/98,76082886014,2023-04-18,payment,2023-02-08
Elżbieta,Kubieniec,+48 279 529 595,Gdansk,Gdanska 73/100,61092319575,2023-05-01,contract signing,2024-09-16
Aniela,Darłak,+48 531 294 978,Wroclaw,Osobowicka 39/31,68121481687,2023-10-07,payment,2022-05-11
Emil,Natanek,+48 458 799 714,Gdansk,Wielki Mlyn 74/23,67032732141,2022-11-27,payment,2020-07-16
Justyna,Hankiewicz,+48 709 709 530,Poznan,Polwiejska 61/45,90012257129,2022-09-28,payment,2024-10-17
Justyna,Senator,+48 266 397 808,Gdansk,Podwale Staromiejskie 95/42,83051525218,2021-03-30,payment,2024-09-15
Inga,Mućka,+48 762 388 999,Gdansk,Zaspa 40/85,01041957883,2024-10-10,payment,2023-06-20
Olgierd,Wykręt,+48 708 776 625,Krakow,Lipowa 11/15,63112123348,2023-11-15,payment,2021-09-08
Jędrzej,Dębniak,+48 564 426 430,Wroclaw,Polan 78/78,49060598197,2022-09-14,payment,2023-04-29
Monika,Pacocha,+48 283 571 246,Gdansk,Karpacka 82/69,64041927766,2020-07-12,payment,2020-02-14
Emil,Kościelak,+48 524 370 816,Krakow,Pieciomorgowa 24/57,45040775819,2023-11-03,payment,2020-05-23
Liwia,Grzelec,+48 324 696 482,Poznan,Grunwaldzka 7/30,93012802535,2021-07-10,payment,2021-10-14
Roksana,Grzebyk,+48 825 234 299,Gdansk,Zaspa 19/12,55050101614,2023-06-05,payment,2020-11-04
Marcelina,Dziełak,+48 453 791 776,Warsaw,Krasinskiego 15/2,77020762683,2021-06-20,payment,2023-11-17
Szymon,Kroczak,+48 857 909 705,Krakow,Lobzow 52/3,43060837593,2024-05-24,payment,2022-08-12
Leon,Dering,+48 512 800 685,Warsaw,Krasinskiego 93/21,96111942133,2022-06-04,payment,2020-06-28
Eryk,Klemens,+48 890 252 115,Gdansk,Piastowska 3/66,77060963057,2022-01-25,payment,2022-10-11
Kornelia,Beck,+48 403 907 523,Gdansk,Piastowska 46/65,93111308639,2022-11-05,payment,2021-08-22
Nela,Groń,+48 493 896 777,Wroclaw,Polan 50/78,56022162233,2020-05-20,payment,2020-03-27
Artur,Furgał,+48 603 922 507,Warsaw,Woronicza 44/65,63091316188,2024-02-04,payment,2021-01-08
Andrzej,Siwczak,+48 418 736 646,Gdansk,Jaskowa Dolina 45/30,48042036498,2022-07-18,contract signing,2024-01-02
Oskar,Kociemba,+48 445 731 885,Gdansk,Gdanska 14/20,65050895385,2023-11-18,payment,2022-05-23
Aleksander,Sabak,+48 507 603 342,Krakow,Podgorki 87/55,54111416027,2022-01-31,payment,2022-03-05
Łukasz,Kijanka,+48 900 734 271,Krakow,Mysliwska 75/4,57032299401,2021-03-15,payment,2021-08-06
Jeremi,Ambrozik,+48 508 471 174,Poznan,Przybyszowska 71/61,52051795820,2022-08-17,payment,2023-10-30
Dagmara,Ułanowicz,+48 651 914 501,Poznan,Laskowicka 89/83,58022842513,2023-01-10,payment,2021-06-30
Karina,Szumny,+48 970 827 964,Krakow,Krolowej Jadwigi 14/8,60122331435,2020-02-04,payment,2022-08-01
Maurycy,Bieleń,+48 194 751 470,Poznan,Czajkowska 89/68,97061347630,2022-12-22,payment,2023-02-28
Karina,Stuglik,+48 337 278 365,Krakow,Florianska 2/17,57030315594,2023-09-05,payment,2023-10-20
Artur,Giersz,+48 585 177 249,Poznan,Mikolajewska 31/57,59021742637,2024-05-29,contract signing,2023-03-23
Konstanty,Uryga,+48 174 656 511,Wroclaw,Katedralna 44/79,77072797772,2024-01-16,payment,2023-01-14
Malwina,Sendor,+48 456 196 605,Krakow,Rzeszowska 5/100,71072656466,2024-07-27,payment,2024-11-09
Janina,Kuchciak,+48 237 180 421,Krakow,Kasprowicza 36/90,69122101138,2021-06-07,payment,2022-01-22
Iwo,Nagórka,+48 627 428 832,Warsaw,Zabkowska 61/65,46111945056,2020-10-04,contract signing,2021-04-01
Sandra,Utrata,+48 630 531 450,Warsaw,Powisle 24/91,03012024260,2020-06-14,payment,2021-06-28
Aleksander,Jakubiuk,+48 937 237 502,Krakow,Wiosny Ludow 16/99,68091842084,2024-11-23,payment,2022-11-15
Alex,Wita,+48 577 289 797,Poznan,Kraszewskiego 54/18,87091443958,2020-10-05,payment,2022-01-14
Bruno,Bączkiewicz,+48 660 779 306,Poznan,Opolska 40/95,95030914269,2020-12-18,payment,2020-07-25
Ida,Maron,+48 102 127 864,Poznan,Kraszewskiego 88/46,41121450666,2021-02-04,payment,2021-09-09
Kaja,Szmajda,+48 412 584 510,Krakow,Mysliwska 39/95,98060213348,2024-06-29,payment,2021-01-21
Piotr,Tytko,+48 192 942 442,Gdansk,Gdanska 89/27,70071902875,2024-06-16,contract signing,2021-12-03
Kornel,Lalak,+48 118 469 870,Warsaw,Marszalkowska 4/50,56051871429,2021-11-16,payment,2024-05-23
Róża,Misiuk,+48 473 136 399,Poznan,Laskotelna 24/69,52010765668,2022-10-10,payment,2022-05-08
Eliza,Gryska,+48 831 139 867,Wroclaw,Hutnicza 84/97,05091057951,2023-02-08,payment,2024-01-16
Ewelina,Trzepizur,+48 727 547 868,Krakow,Chorazowka 8/33,01100856885,2021-04-16,payment,2022-04-07
Sylwia,Stelmasiak,+48 921 500 370,Warsaw,Mlynarska 13/55,51052483567,2020-08-14,payment,2022-03-28
Bartek,Anders,+48 988 121 214,Poznan,Grunwaldzka 7/44,06061021455,2023-09-25,contract signing,2022-12-12
Eliza,Flisiak,+48 274 746 301,Warsaw,Powisle 27/23,01120158811,2021-04-10,payment,2020-10-28
Stefan,Suszko,+48 366 191 970,Krakow,Lipowa 99/78,78021155410,2021-10-27,payment,2022-01-08
Cezary,Boguta,+48 402 691 789,Poznan,Staroleka 95/1,41110540622,2021-06-23,payment,2021-04-03
Justyna,Obst,+48 604 140 557,Wroclaw,Mickiewicza 56/23,77102215036,2023-04-23,payment,2023-04-19
Melania,Rębiś,+48 963 689 134,Gdansk,Podwale Staromiejskie 21/58,69062181997,2024-06-17,payment,2022-08-21
Ida,Kabza,+48 371 467 469,Warsaw,Woronicza 10/83,92020615106,2023-09-19,contract signing,2023-01-24
Aleksander,Kurpanik,+48 489 355 499,Gdansk,Ostroda 8/99,85072374589,2022-05-02,payment,2022-02-02
Leon,Jaroszuk,+48 799 507 217,Gdansk,Swinoujscie 64/45,03121786769,2020-08-24,payment,2021-03-11
Norbert,Kucewicz,+48 124 162 691,Warsaw,Krakowskie Przedmiescie 90/54,60031783040,2020-06-11,payment,2021-11-19
Wojciech,Lesiewicz,+48 728 680 730,Krakow,Szeroka 84/90,71091292865,2022-03-18,payment,2020-08-28
Gabriel,Sobel,+48 642 724 758,Wroclaw,Olawka 59/19,40031935104,2020-01-15,payment,2020-06-10
Bruno,Cierpka,+48 298 891 517,Gdansk,Al. Grunwaldzka 70/89,52061212119,2021-12-21,contract signing,2021-03-02
Elżbieta,Antończak,+48 772 763 967,Poznan,Kraszewskiego 85/48,67012578433,2024-07-31,payment,2021-01-26
Natasza,Wojtyś,+48 710 227 637,Krakow,Lipowa 1/93,91111521348,2024-11-05,payment,2020-07-10
Mikołaj,Rogal,+48 821 481 277,Gdansk,Dlugi Targ 13/100,69072025379,2024-10-19,payment,2023-05-28
Dariusz,Towarek,+48 480 734 166,Gdansk,Abrahama 53/1,69100592561,2024-11-05,payment,2024-05-29
Melania,Satora,+48 885 571 941,Wroclaw,Rynkowska 19/41,63112559686,2020-09-17,payment,2024-09-03
Kornelia,Gryska,+48 692 892 656,Poznan,Swiety Marcin 29/7,52010665883,2024-10-10,payment,2022-07-09
Wojciech,Heleniak,+48 841 661 622,Wroclaw,Zaodrze 72/9,72050102735,2023-01-16,payment,2021-04-08
Dominik,Słonka,+48 159 234 154,Gdansk,Al. Grunwaldzka 66/72,86051790998,2024-10-23,payment,2023-07-22
Ksawery,Niećko,+48 581 921 425,Poznan,Opolska 30/46,40041865152,2023-01-30,contract signing,2021-08-09
Mieszko,Chwalisz,+48 822 168 998,Wroclaw,Katedralna 3/17,98042822843,2023-03-26,payment,2024-10-15
Nikodem,Bryczek,+48 526 984 623,Warsaw,Chmielna 23/34,72051048070,2021-03-12,payment,2024-06-12
Nikodem,Janczura,+48 348 977 320,Poznan,Laskowicka 40/31,05081985615,2021-10-06,payment,2023-11-18
Malwina,Breś,+48 349 243 530,Krakow,Aleja Roz 43/88,62010220542,2021-06-21,payment,2023-04-03
Juliusz,Picheta,+48 540 328 348,Wroclaw,Swietego Mikolaja 45/81,78010990826,2023-12-31,payment,2020-12-17
Szymon,Bohdanowicz,+48 915 256 752,Gdansk,Aleja Jana Pawla II 70/61,74071711215,2023-07-11,payment,2021-08-05
Norbert,Janiszek,+48 779 656 861,Wroclaw,Hutnicza 93/9,59011424631,2020-03-16,payment,2024-09-06
Maurycy,Rosłon,+48 843 572 766,Krakow,Odrzanska 53/48,77061492912,2022-09-04,payment,2022-11-12
Ida,Ładniak,+48 822 444 405,Gdansk,Rynkowska 54/58,75021597688,2024-03-12,payment,2021-06-08
Marianna,Gołek,+48 428 641 691,Warsaw,Stalowa 37/62,63072402000,2023-10-10,payment,2022-07-07
Iwo,Minta,+48 987 982 599,Krakow,Jana Pawla II 3/28,59061693326,2022-12-21,payment,2022-07-19
Antoni,Brachaczek,+48 330 311 223,Poznan,Laskotelna 23/45,45062686823,2021-02-14,payment,2020-08-08
Marianna,Zawartka,+48 258 526 634,Poznan,Gorzyslawa 82/8,93081921115,2023-07-24,payment,2024-01-08
Natasza,Pazoła,+48 554 465 131,Warsaw,Narbutta 8/70,79052010552,2023-12-15,payment,2023-07-12
Jacek,Sorbian,+48 264 906 283,Gdansk,Gdanska 63/71,64052742404,2020-06-04,contract signing,2020-03-12
Elżbieta,Bryja,+48 103 731 163,Poznan,Laskowicka 16/80,04030997213,2024-08-07,payment,2021-12-06
Ida,Sztuba,+48 652 709 622,Poznan,Gorzyslawa 83/88,41070460921,2021-01-12,payment,2022-02-10
Inga,Peda,+48 366 371 625,Krakow,Szeroka 25/22,49012744058,2022-12-24,payment,2023-08-11
Jan,Mrotek,+48 511 967 122,Poznan,Gorzyslawa 58/77,65010613299,2023-12-25,payment,2020-05-28
Monika,Skotarczak,+48 950 158 652,Poznan,Polwiejska 63/86,00102472316,2021-01-06,payment,2022-05-13
Kacper,Bogumił,+48 804 712 143,Gdansk,Rynkowska 50/57,79050137318,2022-09-08,payment,2020-03-14
Aniela,Frydel,+48 734 453 146,Poznan,Laskowicka 95/100,53062124076,2022-04-21,contract signing,2024-10-19
Apolonia,Dadej,+48 640 866 570,Krakow,Aleja Roz 93/73,68081334827,2023-03-24,payment,2020-04-13
Tola,Zbroszczyk,+48 213 647 575,Krakow,Mysliwska 73/72,89011975653,2023-09-24,payment,2022-10-27
Ryszard,Maćczak,+48 597 256 230,Gdansk,Wielki Mlyn 42/43,43122012777,2021-06-14,payment,2021-02-20
Olga,Kochel,+48 550 399 457,Gdansk,Trojmiasto 11/16,57021784118,2022-12-17,payment,2020-08-06
Blanka,Częścik,+48 912 664 680,Poznan,Polwiejska 66/20,78100308889,2020-10-01,payment,2024-08-20
Arkadiusz,Powierża,+48 661 691 258,Warsaw,Bialostocka 31/68,98091161056,2022-01-30,payment,2021-05-11
Urszula,Maleszka,+48 844 107 969,Poznan,Strzeszynska 33/26,69050886145,2024-05-07,payment,2021-02-08
Janina,Łosiewicz,+48 320 366 649,Wroclaw,Wroclawska 40/90,62122784862,2021-06-07,contract signing,2023-01-20
Kornelia,Dorociak,+48 849 451 784,Poznan,Tory 63/38,45050338226,2021-11-21,payment,2023-12-11
Ignacy,Szynkiewicz,+48 121 347 246,Gdansk,Bociania 84/9,94052074649,2023-11-18,payment,2022-03-19
Aniela,Haraburda,+48 209 612 678,Gdansk,Nowe Wrota 60/84,70012891310,2020-09-15,contract signing,2024-02-16
Julianna,Wyrwich,+48 744 760 583,Wroclaw,Biskupin 3/18,76020796580,2020-01-23,payment,2021-01-12
Aniela,Smela,+48 669 902 217,Krakow,Jana Pawla II 22/79,94112699740,2023-01-04,payment,2023-08-16
Natan,Sularz,+48 859 616 689,Gdansk,Bociania 8/9,47071805439,2021-07-09,payment,2020-05-31
Marika,Glapiak,+48 705 911 600,Wroclaw,Piekarska 96/30,03121872738,2023-06-08,payment,2022-07-23
Maciej,Janczarek,+48 271 660 292,Wroclaw,Rynkowska 66/45,40050767074,2022-08-03,payment,2020-01-02
Wojciech,Kubina,+48 188 131 290,Warsaw,Inzynierska 52/50,54092018827,2023-02-10,contract signing,2023-02-23
Klara,Ziniewicz,+48 554 271 643,Poznan,Zernickie 90/93,71111909852,2021-10-14,payment,2024-08-23
Natan,Cofała,+48 306 172 707,Krakow,Karmelicka 80/83,97060288187,2023-06-17,payment,2021-04-03
Oliwier,Lejk,+48 906 539 364,Wroclaw,Polan 65/12,02022015903,2023-05-22,payment,2023-05-22
Jakub,Tasarz,+48 769 317 253,Krakow,Rzeszowska 20/41,69010988515,2020-02-20,payment,2024-10-27
Elżbieta,Seidel,+48 296 667 986,Gdansk,Abrahama 13/29,00082511814,2020-01-31,payment,2023-03-30
Karina,Kmak,+48 174 147 171,Warsaw,Narbutta 97/11,70082149274,2022-12-27,payment,2023-03-20
Ewelina,Bienia,+48 489 534 230,Krakow,Wiosny Ludow 38/69,57020258683,2023-03-24,payment,2023-04-16
Roksana,Słupik,+48 954 157 964,Poznan,Poludniowa 62/100,85040720310,2024-01-06,payment,2020-07-30
Sara,Gołota,+48 923 448 753,Wroclaw,Obornicka 59/36,65052158538,2022-04-22,payment,2023-01-23
Przemysław,Pacewicz,+48 231 672 768,Warsaw,Targowa 23/82,76031843121,2024-04-23,payment,2023-03-23
Malwina,Świętoń,+48 368 140 363,Warsaw,Bialostocka 73/72,03110429299,2024-06-01,payment,2021-12-02
Kajetan,Gabryelczyk,+48 447 580 268,Warsaw,Nowy Swiat 91/42,85072082268,2021-05-19,payment,2023-10-02
Nataniel,Tereszkiewicz,+48 787 786 822,Wroclaw,Mickiewicza 3/37,96052058245,2021-06-18,payment,2023-08-20
Marika,Rohde,+48 229 814 913,Gdansk,Zaspa 25/22,54070387323,2022-08-30,payment,2023-06-12
Robert,Biegała,+48 595 288 717,Krakow,Swietokrzyska 21/83,73050540693,2021-03-16,payment,2020-11-21
Natan,Michnowicz,+48 628 961 569,Krakow,Jozefa 97/80,89051728293,2024-05-28,payment,2021-12-11
Kornelia,Kapera,+48 676 922 624,Krakow,Swietokrzyska 47/56,56042162730,2020-09-06,payment,2020-07-16
Ignacy,Cierpka,+48 341 786 330,Warsaw,Jagiellonska 47/57,67051599435,2020-08-20,payment,2024-06-12
Anna Maria,Durys,+48 268 657 208,Krakow,Aleja Roz 76/86,77100754508,2021-04-27,payment,2024-08-02
Ida,Wocial,+48 690 472 131,Gdansk,Nowe Wrota 67/42,52121967865,2024-08-20,contract signing,2023-04-30
Roksana,Zdonek,+48 610 757 969,Wroclaw,Rynkowska 87/68,80101146030,2021-07-29,payment,2023-06-15
Konstanty,Topa,+48 117 742 467,Krakow,Swietokrzyska 90/63,74050548636,2023-12-31,payment,2021-02-06
Apolonia,Sprawka,+48 839 274 481,Warsaw,Batory 1/98,95041383694,2023-11-28,payment,2022-08-28
Róża,Kleina,+48 225 245 499,Poznan,Wlasnosciowa 84/77,84111457553,2022-08-05,payment,2023-03-18
Jędrzej,Grycz,+48 984 553 959,Gdansk,Rynkowska 88/27,00070524026,2022-05-16,payment,2022-06-18
Marcelina,Bochnak,+48 154 209 132,Wroclaw,Hutnicza 76/89,76061724238,2020-01-22,payment,2022-11-24
Kaja,Rajchel,+48 249 518 536,Warsaw,Jagiellonska 67/35,77011710134,2020-10-29,payment,2022-03-20
Anna Maria,Waluk,+48 891 649 641,Gdansk,Karpacka 18/74,60100140655,2020-11-10,payment,2020-09-14
Inga,Smyl,+48 747 874 885,Wroclaw,Mickiewicza 32/17,83080478350,2024-01-24,payment,2020-05-17
Jeremi,Kupś,+48 538 843 137,Gdansk,Dluga 33/9,73102388831,2021-03-27,payment,2022-04-13
Aurelia,Rurarz,+48 806 104 809,Poznan,Staroleka 79/82,95040987165,2024-01-09,payment,2022-06-21
Igor,Worach,+48 568 777 548,Wroclaw,Swidnicka 34/39,78042183135,2022-12-02,payment,2022-10-09
Mieszko,Podleśna,+48 888 559 234,Gdansk,Dluga 57/15,82060558031,2022-11-05,payment,2021-02-10
Sara,Ruszel,+48 720 608 274,Krakow,Wiosny Ludow 74/47,43051318430,2021-07-01,payment,2021-07-05
Elżbieta,Wiatrak,+48 355 522 873,Krakow,Lipowa 7/16,53010159497,2021-01-07,payment,2023-06-26
Daniel,Moniuszko,+48 766 834 501,Krakow,Podgorki 97/65,65032695592,2022-08-19,payment,2020-02-02
Olgierd,Rogacz,+48 720 497 193,Poznan,Strzeszynska 31/87,56092607201,2023-10-10,payment,2023-12-21
Gaja,Gierat,+48 434 479 612,Poznan,Laskotelna 71/55,47072522614,2023-02-02,payment,2023-04-12
Urszula,Gaś,+48 259 435 298,Gdansk,Trojmiasto 44/82,52071463585,2023-08-12,payment,2024-03-05
Paweł,Stochmal,+48 408 972 727,Wroclaw,Polan 38/61,06092629778,2024-07-05,contract signing,2022-08-01
Przemysław,Majnusz,+48 812 200 526,Gdansk,Trojmiasto 62/84,40071204550,2024-03-28,payment,2023-04-02
Anna Maria,Jas,+48 712 316 705,Gdansk,Jaskowa Dolina 75/49,85071875852,2024-05-27,payment,2022-11-18
Stefan,Hennig,+48 381 858 124,Wroclaw,Olawska 3/50,05082600614,2020-08-01,payment,2020-07-26
Marianna,Domka,+48 187 212 267,Warsaw,Zabkowska 15/92,64042665962,2024-02-10,payment,2020-03-24
Karina,Żybura,+48 291 975 979,Krakow,Dluga 43/17,69062872390,2023-06-14,payment,2021-12-16
Nela,Horbacz,+48 634 143 447,Warsaw,Marszalkowska 87/93,79070647974,2020-10-17,payment,2020-06-06
Julianna,Ekert,+48 274 856 421,Warsaw,Rakowiecka 80/64,61122349716,2022-03-31,payment,2024-04-17
Nicole,Terka,+48 919 120 471,Warsaw,Zabkowska 59/17,58022585142,2024-08-18,payment,2023-04-27
Adrianna,Bienia,+48 162 204 257,Poznan,Poludniowa 40/94,92030527624,2024-08-21,payment,2022-02-04
Sebastian,Frydrychowicz,+48 655 986 132,Gdansk,Morska 20/57,78032538194,2024-11-28,payment,2024-10-31
Apolonia,Osica,+48 195 346 846,Poznan,Laskowicka 67/49,46041699764,2021-06-02,payment,2023-12-18
Tola,Bartoszak,+48 787 669 144,Wroclaw,Hutnicza 45/21,89090257277,2024-01-08,contract signing,2023-07-27
Tadeusz,Kudłacz,+48 952 393 374,Poznan,Dabrowa 84/20,91042804857,2023-02-12,payment,2020-08-02
Karina,Bik,+48 813 834 470,Poznan,Laskotelna 13/90,53041968602,2022-03-22,payment,2022-06-21
Inga,Huczek,+48 405 441 126,Warsaw,Jagiellonska 4/99,75121668901,2023-12-25,payment,2023-04-25
Patryk,Drewa,+48 118 145 892,Warsaw,Jagiellonska 88/65,00051562689,2022-06-09,payment,2022-07-29
Jakub,Zander,+48 324 664 492,Wroclaw,Aleja 1 Maja 51/74,03121185216,2023-06-01,contract signing,2022-03-07
Ewelina,Kreczmer,+48 224 241 176,Krakow,Szeroka 58/77,62082895163,2022-01-30,payment,2023-01-19
Kajetan,Siemion,+48 956 453 573,Gdansk,Podgorna 52/72,61081582474,2020-02-15,contract signing,2022-08-30
Antoni,Breś,+48 983 855 540,Krakow,Florianska 34/59,60050798430,2020-07-08,payment,2023-07-03
Bruno,Kolman,+48 941 133 270,Poznan,Zernickie 7/32,67052561000,2020-12-01,payment,2022-12-31
Rozalia,Ziajka,+48 695 486 854,Wroclaw,Piekarska 3/12,61070972370,2022-12-18,payment,2023-10-23
Mikołaj,Krzyżostaniak,+48 776 763 444,Gdansk,Wielki Mlyn 67/95,47041271172,2024-02-01,payment,2024-06-08
Kaja,Rajczyk,+48 215 183 456,Wroclaw,Osobowicka 68/45,70010485865,2023-06-20,payment,2024-12-19
Dariusz,Puto,+48 983 297 781,Krakow,Podgorki 47/38,99052820627,2022-08-23,payment,2024-07-07
Patryk,Wawrzyczek,+48 639 772 762,Poznan,Laskotelna 20/40,61061400929,2024-04-30,contract signing,2021-03-09
Radosław,Roszkiewicz,+48 897 193 491,Gdansk,Wielki Mlyn 15/89,60051296463,2021-04-11,payment,2024-08-06
Olaf,Słyk,+48 199 865 601,Gdansk,Dlugi Targ 6/99,76122336899,2022-09-29,payment,2021-11-15
Kamila,Czubaszek,+48 839 381 119,Wroclaw,Hutnicza 61/73,59082057020,2023-09-22,payment,2024-01-28
Natan,Holewa,+48 461 604 969,Warsaw,Targowa 86/83,96022846229,2020-03-10,payment,2020-02-12
Adam,Armatys,+48 185 782 376,Wroclaw,Swietego Mikolaja 53/77,46082798688,2024-03-02,payment,2022-06-15
Ida,Łyjak,+48 505 995 895,Wroclaw,Miejska 26/60,92012192956,2023-02-04,payment,2023-01-23
Marcelina,Augustynek,+48 991 698 465,Gdansk,Nowe Wrota 3/97,89121257661,2022-11-06,contract signing,2020-11-15
Ryszard,Kurda,+48 366 122 337,Gdansk,Targ Weglowy 38/98,96011847183,2022-08-01,payment,2020-07-03
Olga,Dej,+48 762 886 145,Gdansk,Targ Weglowy 13/34,03102227030,2022-08-04,payment,2024-08-07
Maciej,Lewicz,+48 761 394 834,Warsaw,Jagiellonska 85/94,79051011332,2020-03-01,payment,2021-10-20
Leon,Jaroch,+48 292 692 114,Wroclaw,Rynkowska 69/11,04041828551,2024-03-18,payment,2021-04-13
Sara,Koczara,+48 453 531 529,Wroclaw,Wroclawska 66/56,43090116217,2023-08-05,payment,2022-09-06
Monika,Kasiak,+48 206 890 858,Gdansk,Targ Weglowy 68/74,95042196558,2022-06-04,contract signing,2020-10-03
Jerzy,Zubowicz,+48 929 894 552,Warsaw,Targowa 53/2,76082808913,2020-10-19,payment,2021-05-17
Mikołaj,Osipiuk,+48 755 331 165,Krakow,Szeroka 95/58,88110232977,2020-03-29,payment,2023-03-03
Józef,Sasak,+48 751 674 884,Gdansk,Jaskowa Dolina 63/47,58020541926,2023-09-14,payment,2024-09-30
Konstanty,Duczek,+48 106 553 525,Poznan,Dabrowa 18/43,77121981646,2022-11-15,payment,2021-01-31
Gaja,Wdowczyk,+48 506 753 145,Gdansk,Dluga 100/26,83090857925,2021-08-12,payment,2024-11-08
Cezary,Bandyk,+48 893 718 264,Poznan,Pieciomorgowa 77/60,01030880796,2021-04-15,payment,2024-07-01
Julianna,Mikosz,+48 589 912 178,Wroclaw,Olawska 48/67,82071193207,2021-05-10,contract signing,2023-05-10
Sandra,Kubowicz,+48 160 825 359,Gdansk,Targ Weglowy 78/51,75040711494,2021-10-18,contract signing,2023-11-26
Angelika,Wojtaszczyk,+48 935 105 265,Poznan,Tory 81/63,92011540316,2024-10-23,payment,2021-07-13
Rozalia,Cibor,+48 920 430 542,Krakow,Aleja Roz 73/98,72101905229,2023-03-04,payment,2023-11-17
Adam,Wichary,+48 623 447 698,Poznan,Laskocze 30/60,98091777873,2021-08-25,payment,2021-07-09
Ewa,Dziewa,+48 111 831 847,Gdansk,Gdanska 24/56,56091085455,2020-05-08,payment,2023-05-06
Igor,Kurp,+48 621 261 410,Krakow,Chorazowka 12/53,43112855418,2022-01-19,payment,2021-01-03
Liwia,Ulfik,+48 801 307 138,Wroclaw,Polan 68/100,48052493812,2022-10-24,contract signing,2020-12-08
Iwo,Cetera,+48 668 708 734,Warsaw,Woronicza 98/95,57052111886,2024-04-28,payment,2023-10-13
Olga,Herbut,+48 466 387 106,Gdansk,Alei Grunwaldzka 39/28,51031998507,2023-08-19,payment,2020-04-04
Oskar,Kiwior,+48 413 191 896,Gdansk,Podwale Staromiejskie 28/30,00092103892,2021-08-27,payment,2022-08-13
Marika,Malcherek,+48 261 399 445,Warsaw,Narbutta 26/51,68120909700,2022-05-13,payment,2021-07-01
Sebastian,Klos,+48 724 296 456,Wroclaw,Grabiszynska 24/66,55041477733,2020-08-23,payment,2022-07-22
Artur,Maron,+48 699 131 802,Gdansk,Nowe Wrota 9/100,91081873098,2024-08-29,payment,2020-08-01
Franciszek,Sobków,+48 361 371 512,Gdansk,Polski Czerwony Krzyz 41/37,46121994716,2024-10-29,contract signing,2021-01-09
Tymon,Mirga,+48 393 633 278,Wroclaw,Rynkowska 95/68,45110525834,2022-09-02,payment,2021-07-09
Kacper,Kursa,+48 942 737 478,Warsaw,Targowa 40/81,92010419426,2022-10-31,payment,2022-11-09
Andrzej,Szumiło,+48 161 290 763,Wroclaw,Polan 22/20,42082696858,2023-11-15,payment,2020-12-03
Witold,Kubieniec,+48 360 288 978,Krakow,Karmelicka 38/68,64012662416,2020-11-18,payment,2024-03-21
Kornel,Świerad,+48 402 290 957,Warsaw,Nowy Swiat 33/33,85050656524,2023-11-04,payment,2020-11-03
Julian,Rawa,+48 279 254 197,Gdansk,Trojmiasto 47/81,71061669967,2021-06-07,payment,2023-02-13
Tymoteusz,Pietrewicz,+48 691 681 442,Wroclaw,Sudecka 13/54,41090728937,2020-10-20,contract signing,2020-06-30
Malwina,Sporek,+48 128 304 679,Poznan,Dabrowa 23/56,85062747948,2022-03-07,payment,2021-04-06
Maksymilian,Chojna,+48 697 405 265,Warsaw,Ludwika Rydygiera 6/74,47120521651,2020-06-01,payment,2021-11-24
Dagmara,Szpara,+48 562 199 814,Gdansk,Nowe Wrota 55/53,46012236426,2023-09-14,payment,2023-02-12
Natasza,Pietrewicz,+48 771 883 116,Wroclaw,Rynkowska 9/78,65042005143,2024-01-30,payment,2023-07-21
Artur,Błażejewicz,+48 659 946 164,Warsaw,Krakowskie Przedmiescie 80/15,50120738396,2024-12-23,payment,2021-06-01
Jakub,Andrearczyk,+48 726 860 921,Warsaw,Powisle 89/48,78120503897,2022-12-31,payment,2023-11-29
Alan,Oślizło,+48 987 759 337,Warsaw,Nowy Swiat 84/51,81041243995,2024-08-05,payment,2024-05-24
Monika,Gietka,+48 941 600 933,Gdansk,Piastowska 47/96,52092594736,2024-10-22,payment,2022-03-21
Kajetan,Szumiec,+48 561 988 121,Warsaw,Swietokrzyska 30/70,69041203168,2023-07-05,payment,2023-12-17
Sebastian,Świerkosz,+48 907 998 198,Gdansk,Podwale Staromiejskie 46/96,99061335318,2021-08-14,payment,2021-06-22
Alan,Woda,+48 463 717 780,Poznan,Wlasnosciowa 86/42,93020770073,2021-06-14,payment,2020-08-16
Dagmara,Szymańczak,+48 773 377 477,Gdansk,Aleja Jana Pawla II 55/31,95110792916,2021-12-08,payment,2023-08-03
Ewelina,Rajczak,+48 581 379 839,Wroclaw,Miejska 100/31,50051323054,2023-03-23,payment,2020-11-19
Nela,Herba,+48 243 786 931,Gdansk,Alei Grunwaldzka 15/74,42101944902,2022-08-15,payment,2023-11-06
Konrad,Skałka,+48 938 695 279,Gdansk,Al. Grunwaldzka 44/79,89081265344,2020-01-16,payment,2024-06-03
Karina,Muc,+48 207 526 507,Poznan,Sienkiewicza 38/33,66022562629,2024-09-01,payment,2021-04-10
Urszula,Kunc,+48 381 360 164,Krakow,Jana Pawla II 36/36,71032080500,2024-09-14,payment,2021-11-03
Igor,Przerwa,+48 100 460 825,Warsaw,Krakowskie Przedmiescie 59/23,92100411697,2020-04-27,payment,2020-08-31
Nela,Pinda,+48 451 636 371,Krakow,Pieciomorgowa 71/11,66030516089,2021-07-06,payment,2023-07-09
Jerzy,Ryfa,+48 525 983 348,Warsaw,Krakowskie Przedmiescie 66/98,84091112826,2024-09-12,payment,2023-12-17
Borys,Zbroszczyk,+48 985 568 669,Krakow,Plac Nowy 70/37,59021132304,2021-01-16,payment,2021-12-18
Eryk,Adamiuk,+48 941 605 324,Poznan,Wiosna 35/100,86042339760,2024-07-16,payment,2021-10-22
Agnieszka,Peda,+48 554 367 173,Wroclaw,Obornicka 29/72,97032029365,2024-07-15,payment,2020-03-11
Julianna,Miękina,+48 110 700 952,Gdansk,Rynkowska 80/41,76072642808,2021-12-10,payment,2020-05-16
Dorota,Macha,+48 515 401 379,Warsaw,Jagiellonska 96/54,95090119844,2021-04-01,payment,2021-11-03
Fabian,Warczak,+48 731 730 269,Poznan,Sienkiewicza 62/2,56081962885,2023-03-03,payment,2024-02-14
Apolonia,Babiuch,+48 480 277 508,Poznan,Laskocze 40/68,57012597828,2020-04-29,payment,2024-09-30
Olga,Gwizdek,+48 343 725 447,Krakow,Krolowej Jadwigi 90/99,98070185536,2020-02-02,payment,2020-07-08
Rafał,Poczta,+48 467 903 400,Wroclaw,Mickiewicza 34/100,65050862987,2020-02-16,payment,2022-01-19
Witold,Hanc,+48 649 426 145,Poznan,Poludniowa 55/28,67100635880,2024-08-01,payment,2021-08-12
Jędrzej,Staśko,+48 231 996 959,Gdansk,Bociania 63/47,01072553524,2022-12-24,contract signing,2022-05-15
Rozalia,Zimniak,+48 981 765 552,Poznan,Kraszewskiego 30/68,73030352715,2023-05-03,payment,2024-10-21
Monika,Mazik,+48 684 416 915,Wroclaw,Olawska 98/2,78060446445,2021-02-07,payment,2024-06-29
Iwo,Jaroszuk,+48 213 958 161,Poznan,Zernickie 49/87,59092607042,2020-02-05,payment,2024-01-15
Jeremi,Bugiel,+48 183 522 550,Warsaw,Stalowa 25/89,92100741352,2021-09-18,payment,2023-10-20
Juliusz,Mleczak,+48 566 840 650,Poznan,Laskotelna 62/1,95112221252,2022-01-08,payment,2021-12-03
Nataniel,Wojciech,+48 756 175 622,Gdansk,Piastowska 7/97,83010836937,2020-11-24,payment,2021-06-17
Tymoteusz,Rawa,+48 775 911 327,Warsaw,Jagiellonska 27/48,96102232351,2020-10-27,payment,2020-01-12
Róża,Kryza,+48 137 509 651,Poznan,Zernickie 94/48,42042749224,2023-07-11,payment,2023-06-10
Maksymilian,Żuberek,+48 429 442 270,Poznan,Dabrowa 3/8,63042535112,2022-06-10,payment,2024-12-06
Sebastian,Dziugieł,+48 643 635 549,Wroclaw,Trzmielowice 44/27,02042423195,2023-11-30,payment,2020-12-25
Szymon,Abramczuk,+48 929 365 813,Gdansk,Podwale Staromiejskie 45/16,86122249095,2024-04-15,payment,2024-07-19
Jerzy,Ludwisiak,+48 370 388 563,Wroclaw,Grabiszynska 95/10,52050864330,2020-11-29,payment,2024-10-11
Ewa,Komuda,+48 553 843 313,Krakow,Kasprowicza 31/58,81060687916,2021-10-03,contract signing,2020-07-22
Róża,Kołton,+48 262 935 728,Gdansk,Ostroda 96/42,57081965090,2020-03-15,payment,2021-07-16
Michał,Klyszcz,+48 944 634 660,Wroclaw,Polan 39/77,77011800282,2022-01-10,payment,2020-06-22
Dariusz,Kałwak,+48 815 660 901,Wroclaw,Trzmielowice 15/68,88121542766,2022-07-27,contract signing,2022-08-25
Dominik,Powałka,+48 970 342 170,Poznan,Wlasnosciowa 100/51,51022591623,2020-12-15,payment,2024-09-07
Tobiasz,Jerzyk,+48 597 712 174,Poznan,Mikolajewska 14/28,69082687853,2024-12-19,payment,2022-09-24
Dorota,Mleczak,+48 721 763 913,Warsaw,Limanowskiego 44/44,05052645991,2020-03-30,payment,2022-11-15
Marika,Kmak,+48 790 971 700,Poznan,Kraszewskiego 5/41,75021502549,2022-04-01,payment,2022-11-27
Iwo,Borysiak,+48 562 116 631,Warsaw,Marszalkowska 64/52,82031486167,2022-11-04,payment,2024-02-29
Agnieszka,Borak,+48 836 667 172,Gdansk,Morska 73/46,85100828635,2021-06-07,payment,2022-04-16
Klara,Narożna,+48 287 591 110,Wroclaw,Miejska 60/47,63050786191,2020-12-20,payment,2022-05-26
Tomasz,Hutnik,+48 358 367 867,Gdansk,Podwale Staromiejskie 40/64,95022875589,2023-05-20,payment,2024-04-11
Natan,Bochnia,+48 416 399 111,Wroclaw,Obornicka 7/17,53100540099,2021-06-12,payment,2020-04-07
Gabriel,Wypiór,+48 811 201 489,Gdansk,Jaskowa Dolina 75/100,91120282621,2023-09-08,payment,2022-01-06
Ada,Brzykcy,+48 284 435 641,Warsaw,Narbutta 74/87,67090294984,2020-04-10,payment,2021-05-25
Wiktor,Idec,+48 560 760 415,Wroclaw,Aleja 1 Maja 70/75,71022535283,2022-06-24,payment,2024-09-06
Anastazja,Elsner,+48 930 372 612,Krakow,Centralna 3/46,99101952266,2021-02-06,contract signing,2021-06-13
Maks,Lada,+48 868 405 409,Wroclaw,Mokotowska 58/71,72100784656,2022-10-09,payment,2022-03-28
Emil,Habdas,+48 195 180 429,Warsaw,Marszalkowska 46/75,91052882362,2023-03-26,payment,2022-08-25
Cyprian,Kośnik,+48 885 677 336,Poznan,Mikolajewska 12/74,86052081569,2023-07-28,payment,2021-03-10
Urszula,Księżak,+48 869 398 532,Krakow,Pilsudskiego 92/54,40020567541,2021-10-26,payment,2021-02-27
Łukasz,Borysiewicz,+48 650 797 563,Gdansk,Gdanska 36/25,42011869140,2023-03-02,payment,2022-07-15
Marianna,Zapiór,+48 278 633 802,Gdansk,Al. Grunwaldzka 31/62,63111737300,2021-02-28,payment,2023-03-07
Franciszek,Kopytko,+48 978 171 852,Warsaw,Krasinskiego 62/12,83032501741,2022-05-25,payment,2020-01-25
Bianka,Pakos,+48 271 598 295,Krakow,Plac Nowy 56/5,00120102332,2021-04-15,payment,2020-06-12
Piotr,Borzych,+48 809 101 656,Gdansk,Gdanska 11/9,54090506119,2021-01-31,payment,2021-06-19
Julianna,Frydrychowicz,+48 481 489 778,Krakow,Lobzow 8/39,64081221918,2023-09-18,payment,2023-10-08
Olga,Zemanek,+48 245 205 914,Warsaw,Lechitow 36/19,53121439396,2022-08-01,payment,2022-09-27
Urszula,Szela,+48 583 343 120,Gdansk,Dluga 42/16,90030436519,2024-05-05,payment,2022-04-13
Witold,Rabiej,+48 662 391 513,Gdansk,Zaspa 9/95,89121423792,2024-11-09,payment,2021-09-16
Dariusz,Sapa,+48 140 166 203,Krakow,Mysliwska 40/8,89011255399,2023-10-21,payment,2020-07-09
Monika,Kłosowicz,+48 388 809 402,Gdansk,Al. Grunwaldzka 18/88,64052432042,2021-05-13,payment,2021-07-07
Urszula,Pośnik,+48 201 765 983,Gdansk,Karpacka 15/91,80052825590,2023-03-26,payment,2022-03-18
Julian,Duży,+48 993 394 186,Poznan,Kroniki 5/60,04052470666,2023-09-05,payment,2021-12-26
Sandra,Tomal,+48 921 763 754,Poznan,Poludniowa 79/58,72122098616,2020-11-30,contract signing,2021-03-11
Sebastian,Frycz,+48 385 567 317,Krakow,Kasprowicza 40/11,89120279912,2024-04-12,contract signing,2023-06-13
Dorota,Suchoń,+48 394 865 968,Poznan,Laskocze 81/13,53081273094,2021-08-23,payment,2023-02-12
Marcin,Kowalak,+48 733 174 113,Poznan,Czajkowska 35/76,63060361360,2021-03-08,payment,2021-07-24
Roksana,Fras,+48 730 545 927,Poznan,Staroleka 45/88,03022116502,2021-06-07,payment,2021-02-28
Przemysław,Kozłowicz,+48 739 712 133,Warsaw,Jagiellonska 62/43,43012380162,2022-09-29,payment,2022-07-26
Cezary,Trzepizur,+48 488 637 543,Wroclaw,Wroclawska 3/99,59022344562,2022-01-29,payment,2022-05-14
Ewelina,Cuch,+48 153 724 955,Krakow,Jana Pawla II 71/70,59110612610,2023-12-27,payment,2020-07-31
Arkadiusz,Cudzich,+48 565 415 303,Krakow,Dluga 96/1,43090108452,2023-09-15,payment,2024-01-09
Ada,Froń,+48 245 324 969,Poznan,Zernickie 94/51,98052510473,2022-09-01,payment,2023-10-23
Anastazja,Łokaj,+48 942 805 450,Gdansk,Swinoujscie 15/57,89021448561,2023-05-29,contract signing,2022-02-10
Bianka,Trzcionka,+48 988 427 894,Poznan,Swiety Marcin 98/22,41080926266,2024-04-10,payment,2024-04-12
Mariusz,Dunal,+48 117 984 267,Warsaw,Lechitow 93/10,03062242652,2022-04-15,payment,2021-09-05
Maksymilian,Godyń,+48 802 649 165,Poznan,Wlasnosciowa 44/91,77070649262,2021-07-26,payment,2020-02-12
Rafał,Hrynkiewicz,+48 917 253 113,Poznan,Staroleka 83/25,50041011958,2024-09-15,payment,2024-06-14
Igor,Broś,+48 278 300 668,Wroclaw,Swidnicka 73/97,89060581254,2021-04-15,contract signing,2021-04-27
Elżbieta,Radzio,+48 591 798 784,Krakow,Lipowa 33/25,73021573226,2022-01-02,payment,2022-04-29
Marika,Korpal,+48 678 296 296,Gdansk,Alei Grunwaldzka 35/22,74011714687,2020-11-04,payment,2021-01-02
Kamila,Kurach,+48 412 107 921,Krakow,Pieciomorgowa 9/23,46050556573,2023-02-23,payment,2021-04-03
Gaja,Herba,+48 488 185 634,Krakow,Wiosny Ludow 71/84,61092159740,2022-11-11,payment,2023-03-28
Kajetan,Kurpisz,+48 794 161 450,Gdansk,Piastowska 37/72,92020169902,2021-01-10,payment,2021-11-07
Tomasz,Klupś,+48 748 339 730,Krakow,Plac Nowy 26/2,83011122534,2021-03-25,payment,2024-05-26
Kacper,Fitrzyk,+48 841 293 750,Poznan,Opolska 93/33,89080870772,2020-12-11,payment,2024-10-27
Anastazja,Latoszek,+48 216 415 975,Poznan,Garbary 46/62,49061467656,2022-07-23,contract signing,2024-02-27
Ewa,Ambrożewicz,+48 977 196 746,Gdansk,Jaskowa Dolina 31/91,42121881692,2023-02-11,payment,2024-10-08
Michał,Chomiak,+48 492 275 405,Warsaw,Krasinskiego 68/30,75010877614,2020-02-07,payment,2024-05-29
Jan,Matela,+48 365 291 990,Gdansk,Podwale Staromiejskie 88/76,05020977961,2020-11-18,payment,2022-12-07
Łukasz,Chylak,+48 394 482 246,Gdansk,Rynkowska 17/22,56061104010,2022-01-29,payment,2024-06-05
Dagmara,Bochnia,+48 114 523 190,Warsaw,Chmielna 27/80,66020975885,2024-04-02,payment,2020-02-18
Dagmara,Mudlaff,+48 186 263 640,Krakow,Pilsudskiego 23/90,55020247036,2022-12-23,payment,2022-04-21
Aurelia,Piłka,+48 501 759 294,Gdansk,Alei Grunwaldzka 13/10,89110282412,2021-01-28,payment,2024-08-20
Bartek,Piotrkowicz,+48 509 458 105,Wroclaw,Biskupin 33/81,95112518639,2020-02-10,payment,2023-02-27
Eryk,Dziuban,+48 857 760 578,Krakow,Kasprowicza 98/88,04011661887,2022-03-15,payment,2024-10-04
Marcelina,Oleksiuk,+48 899 813 761,Wroclaw,Obornicka 31/21,78121712618,2023-03-05,payment,2020-11-12
Anastazja,Matura,+48 317 789 634,Warsaw,Limanowskiego 29/72,82062268963,2021-08-07,payment,2021-08-11
Jeremi,Rurarz,+48 562 649 267,Gdansk,Jaskowa Dolina 6/84,48110304476,2022-09-07,payment,2022-07-02
Ryszard,Pitura,+48 203 175 122,Krakow,Dluga 2/3,40111037111,2023-01-16,payment,2022-04-26
Adam,Strójwąs,+48 771 486 303,Poznan,Dabrowa 24/57,41111549859,2020-04-01,payment,2023-02-25
Sylwia,Kurpisz,+48 182 957 106,Wroclaw,Czarnowiejska 15/2,93030214402,2023-01-10,payment,2024-02-13
Łukasz,Gryka,+48 731 239 567,Krakow,Rzeszowska 37/98,98062632363,2023-02-08,payment,2022-09-13
Rozalia,Tałaj,+48 436 132 858,Gdansk,Abrahama 73/28,75092231535,2020-10-22,contract signing,2023-05-16
Oskar,Sereda,+48 116 463 340,Gdansk,Dlugi Targ 67/23,52101267727,2022-05-02,payment,2021-09-12
Adrian,Koperek,+48 279 398 726,Wroclaw,Sudecka 73/58,64041730942,2023-02-12,payment,2023-06-21
Gustaw,Welenc,+48 505 804 881,Poznan,Polwiejska 40/3,43042834701,2020-01-18,payment,2022-12-30
Paweł,Ryszkiewicz,+48 856 316 784,Gdansk,Gdanska 17/68,66040931164,2020-10-21,payment,2022-06-16
Ksawery,Dusik,+48 348 251 889,Wroclaw,Mickiewicza 4/7,76102836953,2023-09-05,contract signing,2022-08-15
Eliza,Wawrzyk,+48 407 108 198,Krakow,Mysliwska 79/81,62070654136,2022-05-22,payment,2023-05-27
Cezary,Szaruga,+48 425 557 144,Warsaw,Lechitow 32/98,97040966797,2024-07-27,payment,2024-08-05
Tadeusz,Mizia,+48 678 748 734,Poznan,Staroleka 92/31,72020783623,2022-04-07,payment,2021-07-24
Dawid,Lemanowicz,+48 517 512 756,Wroclaw,Trzmielowice 6/70,48081607558,2024-06-05,payment,2022-03-28
Ernest,Mikita,+48 132 483 942,Krakow,Swietokrzyska 58/46,68032520613,2020-05-28,contract signing,2023-04-06
Dagmara,Pastuszek,+48 888 567 716,Gdansk,Zaspa 8/50,57102530757,2021-08-30,payment,2024-04-25
Dagmara,Drobny,+48 367 467 270,Gdansk,Nowe Wrota 56/28,05020836695,2020-04-02,payment,2021-06-19
Liwia,Rolek,+48 238 199 885,Gdansk,Piastowska 30/45,51071009861,2023-01-04,contract signing,2024-07-03
Grzegorz,Tondera,+48 113 641 627,Krakow,Chorazowka 71/76,63021522238,2023-08-22,contract signing,2024-08-17
Inga,Stąpor,+48 444 791 619,Gdansk,Abrahama 42/15,41081964067,2023-01-27,payment,2023-03-18
Maurycy,Rajchel,+48 969 183 456,Krakow,Dluga 11/16,86080446879,2024-05-11,contract signing,2021-12-09
Klara,Kurzak,+48 149 960 893,Krakow,Aleja Roz 87/16,90122366955,2024-10-18,payment,2023-03-01
Juliusz,Berg,+48 669 248 281,Warsaw,Chmielna 82/31,74100343079,2024-10-06,payment,2023-01-30
Krystyna,Capiga,+48 269 529 869,Gdansk,Bociania 7/78,41080878464,2022-03-22,payment,2024-06-30
Adam,Pyc,+48 306 136 524,Warsaw,Marszalkowska 73/23,96111124621,2024-11-12,contract signing,2022-10-07
Sebastian,Dziuban,+48 913 618 282,Wroclaw,Hutnicza 19/58,02012491610,2023-05-02,contract signing,2021-10-25
Dominik,Karaśkiewicz,+48 307 248 940,Krakow,Krolowej Jadwigi 12/51,82072812231,2021-05-22,payment,2020-07-09
Kalina,Rozumek,+48 613 618 589,Gdansk,Podwale Staromiejskie 82/59,43112681723,2024-03-24,payment,2021-05-16
Jeremi,Twardosz,+48 753 853 338,Poznan,Dabrowa 8/79,67070409175,2020-07-16,payment,2020-01-08
Radosław,Pabis,+48 764 768 718,Krakow,Szeroka 25/7,98072523358,2022-12-28,payment,2020-03-14
Miłosz,Hasiak,+48 386 855 856,Wroclaw,Czarnowiejska 77/3,04102042799,2022-08-27,contract signing,2020-01-06
Dorota,Kurzaj,+48 244 545 351,Warsaw,Krakowskie Przedmiescie 40/35,95052694743,2022-09-25,payment,2024-11-20
Kacper,Głuszko,+48 324 161 920,Krakow,Florianska 54/97,71051244202,2020-04-22,payment,2022-01-23
Stefan,Matulka,+48 421 527 259,Wroclaw,Trzmielowice 64/40,68072255412,2023-09-08,payment,2022-09-04
Urszula,Koziarz,+48 207 455 514,Wroclaw,Trzmielowice 10/21,55112450883,2023-12-31,payment,2020-07-01
Igor,Klamka,+48 508 548 621,Gdansk,Ostroda 17/70,95071455727,2024-08-27,payment,2022-09-18
Daniel,Piegza,+48 495 249 689,Wroclaw,Ziebicka 72/96,01092720696,2022-07-06,payment,2023-07-26
Olga,Strojna,+48 194 987 477,Krakow,Jana Pawla II 30/33,71021867538,2023-12-07,payment,2020-01-15
Janina,Bryja,+48 186 604 410,Gdansk,Jaskowa Dolina 91/4,88031365073,2024-05-14,payment,2024-06-16
Ewelina,Skierka,+48 477 956 195,Gdansk,Nowe Wrota 42/34,04061784307,2022-05-15,payment,2023-04-10
Dagmara,Malara,+48 189 140 763,Gdansk,Rynkowska 42/10,56102499552,2023-02-07,contract signing,2022-10-18
Roksana,Makieła,+48 226 465 955,Gdansk,Gdanska 74/75,61060684687,2022-11-02,contract signing,2021-05-20
Artur,Broniek,+48 912 391 188,Poznan,Kraszewskiego 82/76,87050861551,2022-05-12,payment,2020-07-27
Stefan,Behrendt,+48 701 445 219,Wroclaw,Miejska 26/24,81072872584,2024-09-08,payment,2023-12-06
Stefan,Janiuk,+48 379 768 496,Poznan,Pieciomorgowa 54/5,55071861704,2024-05-13,contract signing,2023-05-22
Monika,Siarkiewicz,+48 643 955 554,Warsaw,Narbutta 88/95,84091722081,2023-06-25,payment,2024-03-19
Roksana,Bak,+48 751 974 225,Wroclaw,Biskupin 67/44,91050678707,2024-07-27,payment,2020-03-14
Cezary,Gruszczyk,+48 980 478 778,Gdansk,Swinoujscie 77/33,04061098541,2022-01-04,contract signing,2024-12-28
Mateusz,Pyda,+48 349 223 186,Wroclaw,Osobowicka 61/43,92021930343,2021-10-08,payment,2024-06-15
Maksymilian,Uliasz,+48 268 653 289,Krakow,Plac Nowy 64/78,72112167056,2020-06-15,payment,2022-04-24
Jan,Gałaj,+48 470 956 901,Poznan,Pieciomorgowa 78/55,58022419780,2020-03-30,payment,2023-06-28
Patryk,Tworzydło,+48 169 817 547,Poznan,Pieciomorgowa 61/70,73061671737,2023-07-25,contract signing,2024-03-27
Inga,Watras,+48 198 480 295,Gdansk,Alei Grunwaldzka 60/2,40091568654,2021-02-25,payment,2023-12-16
Tymoteusz,Schwarz,+48 410 145 728,Warsaw,Narbutta 51/97,49052602679,2021-02-01,contract signing,2021-07-31
Adam,Wojtiuk,+48 691 957 998,Gdansk,Gdanska 83/20,64081638022,2024-03-03,payment,2021-06-25
Eliza,Olszowa,+48 828 669 644,Poznan,Laskocze 9/58,06100349816,2024-04-10,contract signing,2022-03-10
Bianka,Bawoł,+48 832 399 493,Gdansk,Swietego Ducha 76/68,48100380963,2020-01-10,payment,2023-06-13
Sebastian,Czenczek,+48 644 400 598,Krakow,Kasprowicza 66/76,40090442939,2021-08-05,payment,2023-04-18
Marcelina,Cabała,+48 592 825 597,Wroclaw,Zaodrze 87/95,73030138551,2023-04-07,payment,2024-08-11
Sandra,Tywoniuk,+48 977 383 859,Gdansk,Alei Grunwaldzka 66/85,72110152340,2021-05-21,payment,2021-03-13
Konrad,Szyca,+48 309 907 207,Wroclaw,Swidnicka 75/35,41022693470,2024-11-02,payment,2024-05-19
Jędrzej,Śliż,+48 746 688 367,Poznan,Kroniki 30/36,96011369919,2020-12-27,payment,2020-08-24
Bianka,Kuciak,+48 492 384 678,Krakow,Swietokrzyska 85/72,60091564733,2020-11-04,payment,2022-05-13
Igor,Rychel,+48 238 194 317,Wroclaw,Mickiewicza 43/16,44030840128,2020-08-30,contract signing,2020-03-19
Bartek,Reiter,+48 379 859 404,Poznan,Mikolajewska 1/89,56051895634,2022-02-23,payment,2022-06-22
Borys,Bździuch,+48 783 175 136,Warsaw,Lechitow 8/7,51021753697,2024-06-29,payment,2023-04-20
Ignacy,Sulich,+48 451 818 158,Gdansk,Rynkowska 53/33,41121579453,2023-12-27,contract signing,2021-01-05
Melania,Linkiewicz,+48 908 289 711,Wroclaw,Ziebicka 27/78,48030726280,2022-10-30,payment,2020-05-10
Krzysztof,Pieczarka,+48 793 786 687,Wroclaw,Polan 27/81,47080302938,2024-12-23,contract signing,2023-08-24
Ewelina,Wojtasiewicz,+48 912 733 379,Poznan,Laskowicka 61/54,02060393476,2021-08-26,payment,2022-06-10
Agnieszka,Godzik,+48 725 126 263,Wroclaw,Grabiszynska 68/45,81101915910,2023-07-20,payment,2024-07-28
Sandra,Hrabia,+48 477 357 405,Warsaw,Swietokrzyska 20/42,77102024492,2021-08-25,payment,2020-07-18
Bruno,Pabiś,+48 703 439 914,Poznan,Opolska 99/67,61112856291,2020-03-22,payment,2023-11-21
Tymoteusz,Klaus,+48 485 854 448,Gdansk,Podgorna 36/29,64062351096,2023-12-30,payment,2022-07-11
Kamil,Kruszona,+48 500 865 796,Gdansk,Al. Grunwaldzka 65/29,75052335013,2022-04-09,contract signing,2024-10-14
Konrad,Szymków,+48 741 482 483,Poznan,Polwiejska 49/94,52120853961,2022-08-28,payment,2020-05-14
Anastazja,Domka,+48 430 281 767,Poznan,Swiety Marcin 12/24,71050627598,2022-02-03,payment,2023-09-04
Agnieszka,Franków,+48 197 197 325,Wroclaw,Mokotowska 54/95,40030723786,2024-03-15,payment,2024-01-18
Juliusz,Lisoń,+48 872 108 541,Krakow,Jozefa 52/96,63012876243,2021-06-02,payment,2023-04-07
Marika,Barcz,+48 504 351 131,Wroclaw,Czarnowiejska 57/22,99040921398,2024-10-20,contract signing,2021-03-20
Iwo,Dworniczak,+48 703 526 963,Krakow,Odrzanska 74/50,94100200181,2020-10-25,payment,2021-08-01
Bruno,Walentynowicz,+48 430 595 633,Wroclaw,Czarnowiejska 30/39,64112418324,2022-10-05,payment,2021-04-11
Marianna,Dębniak,+48 982 641 475,Wroclaw,Hutnicza 27/12,99020685977,2022-05-06,payment,2020-12-04
Karina,Rajda,+48 103 533 974,Krakow,Krolowej Jadwigi 82/5,47031680133,2023-04-06,contract signing,2020-07-04
Dariusz,Mysior,+48 457 748 776,Wroclaw,Trzmielowice 49/68,97031498678,2023-02-08,payment,2022-06-07
Klara,Stempel,+48 755 139 158,Gdansk,Dluga 91/43,52070850236,2020-07-24,payment,2022-10-08
Patryk,Kurda,+48 110 464 310,Wroclaw,Olawska 43/52,88090536724,2023-03-24,payment,2021-06-18
Franciszek,Cabała,+48 804 613 113,Wroclaw,Biskupin 16/75,91010551871,2023-06-15,payment,2024-10-16
Janina,Sarniak,+48 744 992 594,Wroclaw,Piekarska 13/56,51041068056,2020-12-20,payment,2020-12-28
Apolonia,Pietryga,+48 367 733 107,Krakow,Wandy 37/37,76071593075,2022-11-29,payment,2020-05-29
Mieszko,Indyka,+48 311 692 222,Krakow,Dluga 41/44,64060527426,2023-06-15,payment,2021-05-10
Inga,Kuciak,+48 288 125 832,Krakow,Podgorki 70/12,53122387582,2021-03-03,payment,2023-02-26
Kalina,Marat,+48 103 857 137,Krakow,Mysliwska 36/8,49052861236,2024-08-08,payment,2023-10-05
Tymon,Prostak,+48 769 127 218,Gdansk,Alei Grunwaldzka 34/40,64032234222,2023-09-25,payment,2023-10-17
Janina,Wawrzyczek,+48 341 781 312,Krakow,Pieciomorgowa 93/11,78101063750,2024-10-18,payment,2024-11-16
Mieszko,Galon,+48 796 468 994,Poznan,Przybyszowska 1/71,96062895647,2022-06-22,payment,2021-01-31
Marcelina,Damian,+48 695 747 115,Wroclaw,Obornicka 46/45,93071911067,2023-10-27,payment,2023-11-20
Sara,Kościk,+48 928 673 392,Wroclaw,Wroclawska 71/58,56061672434,2022-05-23,payment,2022-04-17
Angelika,Dziechciarz,+48 699 332 400,Gdansk,Gdanska 34/56,40070324691,2024-11-25,contract signing,2024-12-28
Inga,Hadam,+48 958 269 434,Wroclaw,Ziebicka 19/5,40082052863,2023-11-04,payment,2023-07-07
Roksana,Matusewicz,+48 212 449 498,Krakow,Odrzanska 12/28,42111057234,2024-08-24,payment,2020-09-05
Stanisław,Miszkiewicz,+48 407 847 758,Krakow,Lipowa 63/41,74101047309,2023-06-25,payment,2023-01-02
Ada,Kutera,+48 965 452 337,Krakow,Wielopole 66/48,69112855531,2021-12-31,contract signing,2021-03-29
Emil,Ubysz,+48 716 955 822,Krakow,Swietokrzyska 46/29,56021727994,2023-07-18,contract signing,2024-11-25
Damian,Hadam,+48 616 724 546,Poznan,Staroleka 71/92,76062607121,2024-12-04,payment,2021-02-12
Błażej,Wiewiórka,+48 930 854 870,Gdansk,Abrahama 31/60,03041876274,2024-04-26,contract signing,2022-12-29
Leon,Nawrotek,+48 828 296 269,Warsaw,Mlynarska 38/2,67071131457,2023-03-08,payment,2024-07-16
Karina,Żynda,+48 373 221 710,Gdansk,Targ Weglowy 2/94,85021400778,2023-11-27,contract signing,2021-12-11
Hubert,Jaszczyszyn,+48 451 521 695,Krakow,Krolowej Jadwigi 10/69,86010927278,2023-09-28,payment,2021-09-26
Julita,Wesoły,+48 466 966 272,Krakow,Jana Pawla II 7/91,53090253502,2022-09-07,payment,2022-07-14
Maciej,Pik,+48 708 795 240,Poznan,Sienkiewicza 54/25,59011846231,2023-11-30,payment,2024-05-24
Tadeusz,Szyndler,+48 815 825 712,Krakow,Lobzow 33/82,47072443539,2024-01-31,payment,2024-10-25
Roksana,Samul,+48 633 756 962,Gdansk,Wielki Mlyn 10/18,83022315293,2020-06-04,payment,2020-03-26
Oskar,Fita,+48 197 858 449,Gdansk,Karpacka 9/49,80111041589,2024-04-19,payment,2022-08-24
Anita,Koleśnik,+48 416 406 904,Warsaw,Nowy Swiat 82/46,69042361825,2022-06-15,payment,2024-02-14
Elżbieta,Hutnik,+48 882 643 544,Warsaw,Batory 68/19,93092292194,2022-10-20,contract signing,2023-01-17
Sylwia,Kosela,+48 686 489 214,Krakow,Mysliwska 80/84,63032594781,2024-08-31,payment,2023-02-15
Sylwia,Malcharek,+48 115 243 756,Gdansk,Wielki Mlyn 64/25,96091561555,2021-05-02,payment,2020-12-25
Maurycy,Cis,+48 833 655 251,Gdansk,Nowe Wrota 10/73,58020537691,2020-07-13,payment,2024-01-14
Kamil,Sobel,+48 718 344 524,Wroclaw,Swietego Mikolaja 20/74,02031192088,2023-04-08,payment,2023-10-29
Dariusz,Kaliciak,+48 610 371 382,Wroclaw,Wroclawska 24/25,75111944499,2020-12-10,payment,2024-10-15
Nikodem,Osipiuk,+48 947 468 753,Warsaw,Jagiellonska 13/15,68031940137,2020-08-03,payment,2020-10-02
Karina,Leszcz,+48 553 451 609,Wroclaw,Zaodrze 23/12,53012662540,2022-12-02,payment,2021-03-21
Marcin,Piegza,+48 707 430 988,Krakow,Kasprowicza 43/16,95071706762,2024-11-06,payment,2023-06-03
Janina,Fitrzyk,+48 460 620 893,Poznan,Wlasnosciowa 68/36,42032189506,2020-08-27,payment,2020-06-19
Piotr,Hynek,+48 942 186 636,Poznan,Wiosna 96/14,93112826248,2021-01-21,payment,2021-02-01
Malwina,Białczyk,+48 521 325 214,Gdansk,Jaskowa Dolina 9/43,98091877955,2020-07-26,payment,2021-11-13
Ewa,Kunysz,+48 145 169 440,Poznan,Przybyszowska 92/66,68111387531,2023-05-22,contract signing,2020-03-15
Tola,Chłąd,+48 528 272 425,Gdansk,Podwale Staromiejskie 31/19,94080186707,2020-08-25,payment,2020-12-01
Radosław,Kleina,+48 921 195 694,Krakow,Rzeszowska 92/90,61031266681,2024-04-05,contract signing,2022-09-14
Grzegorz,Sumera,+48 267 743 890,Gdansk,Alei Grunwaldzka 68/30,42080983107,2022-05-20,payment,2023-09-28
Natan,Andrearczyk,+48 895 213 375,Wroclaw,Aleja 1 Maja 73/41,93012362767,2022-09-05,payment,2023-06-25
Malwina,Patrzałek,+48 847 774 289,Krakow,Mysliwska 26/31,44022539038,2024-04-18,payment,2020-12-19
Julianna,Tomalik,+48 170 796 445,Poznan,Strzeszynska 67/39,56121771583,2020-10-31,payment,2021-10-31
Urszula,Korpal,+48 938 717 253,Wroclaw,Sudecka 28/79,01031760297,2021-05-08,payment,2021-03-07
Ida,Han,+48 810 551 114,Krakow,Karmelicka 68/86,96011936124,2020-06-24,payment,2024-02-15
Angelika,Furga,+48 551 137 550,Poznan,Staroleka 40/1,75051378477,2022-07-28,payment,2020-10-05
Karina,Gosz,+48 777 995 956,Warsaw,Jagiellonska 31/46,92042764497,2021-08-16,payment,2022-02-03
Bianka,Czerwionka,+48 610 608 641,Gdansk,Abrahama 11/99,85121339956,2020-08-26,payment,2020-02-04
Wiktor,Brejnak,+48 465 219 887,Wroclaw,Mickiewicza 78/89,68042481234,2022-06-17,payment,2022-05-31
Krystyna,Dziopa,+48 908 689 963,Krakow,Dluga 42/46,44112398057,2022-08-08,payment,2020-12-29
Natasza,Rząd,+48 436 941 403,Wroclaw,Swietego Mikolaja 83/51,66021186899,2021-10-25,contract signing,2023-08-28
Monika,Piechura,+48 945 351 730,Krakow,Jana Pawla II 35/68,69121163337,2022-04-27,payment,2020-03-12
Alan,Rzeszutko,+48 178 341 759,Poznan,Polwiejska 17/38,06092800425,2021-06-20,contract signing,2023-11-15
Sandra,Stempel,+48 289 853 930,Gdansk,Bociania 53/95,50071637146,2023-09-01,payment,2024-08-30
Adam,Stąpór,+48 205 601 847,Wroclaw,Piekarska 56/71,97050845183,2020-10-21,payment,2021-05-07
Kamila,Mandrysz,+48 630 227 861,Wroclaw,Grabiszynska 2/40,78042878396,2022-10-24,payment,2022-02-19
Eliza,Krzyszczak,+48 829 916 767,Warsaw,Inzynierska 57/82,69101594548,2021-04-10,payment,2021-04-25
Karina,Goliszek,+48 951 552 211,Warsaw,Batory 6/89,79101748175,2020-04-23,payment,2024-10-31
Ksawery,Owsiany,+48 761 106 936,Krakow,Jana Pawla II 32/35,48072396063,2022-09-02,payment,2024-02-10
Marek,Wydrych,+48 907 245 233,Wroclaw,Miejska 79/5,47121636617,2021-10-28,payment,2020-06-24
Eliza,Dunal,+48 727 104 728,Warsaw,Jagiellonska 45/34,92101305942,2022-02-04,payment,2023-10-06
Marcelina,Trochimiuk,+48 978 992 827,Krakow,Mysliwska 42/61,96090358730,2023-03-09,payment,2022-02-14
Miłosz,Sośniak,+48 417 637 971,Warsaw,Ludwika Rydygiera 88/14,49031688708,2024-10-23,payment,2024-06-30
Radosław,Niemira,+48 828 352 531,Krakow,Grodzka 100/34,43062009918,2021-12-04,payment,2022-05-15
Grzegorz,Stuglik,+48 961 927 530,Gdansk,Dlugi Targ 30/4,85031643013,2021-01-17,payment,2022-05-05
Sandra,Kabza,+48 404 480 947,Warsaw,Klopot 4/35,47090719883,2023-07-03,payment,2024-01-18
Hubert,Szarpak,+48 548 788 653,Krakow,Aleja Roz 23/74,75111049729,2020-09-26,payment,2021-06-18
Witold,Dziechciarz,+48 614 900 534,Warsaw,Rakowiecka 30/1,50031178416,2021-08-07,payment,2020-08-16
Wiktor,Mol,+48 557 658 275,Poznan,Polwiejska 95/82,59011713065,2023-02-08,payment,2024-11-04
Alex,Halik,+48 885 654 717,Gdansk,Podgorna 99/67,57061036516,2024-09-04,contract signing,2021-12-12
Marianna,Ostapiuk,+48 896 254 297,Krakow,Karmelicka 12/31,76080923678,2023-08-10,payment,2021-07-11
Jerzy,Drewniok,+48 691 956 114,Warsaw,Powisle 78/13,77072732649,2022-09-01,payment,2021-04-24
Marcel,Pyrkosz,+48 457 435 302,Poznan,Gorzyslawa 19/14,56101237016,2023-07-14,payment,2022-04-18
Karina,Hanc,+48 279 908 229,Warsaw,Inzynierska 22/17,77011990682,2021-01-23,payment,2023-03-25
Kornelia,Bender,+48 941 748 329,Gdansk,Al. Grunwaldzka 12/21,88090478868,2024-05-21,payment,2021-08-06
Juliusz,Królczyk,+48 928 589 344,Wroclaw,Trzmielowice 55/6,88012576887,2020-10-09,contract signing,2023-03-12
Kazimierz,Sudak,+48 154 405 696,Poznan,Staroleka 53/30,74120183789,2023-11-22,payment,2023-09-16
Arkadiusz,Lejman,+48 272 799 336,Wroclaw,Mokotowska 63/80,76022402241,2023-02-07,payment,2023-05-24
Nicole,Druszcz,+48 739 115 495,Warsaw,Zabkowska 93/32,84060304568,2023-12-02,payment,2023-11-28
Jeremi,Brodawka,+48 144 341 901,Gdansk,Gdanska 64/35,64020620842,2020-01-26,payment,2022-11-24
Ewa,Czubaj,+48 796 745 396,Poznan,Kraszewskiego 28/99,82101658591,2024-10-12,payment,2022-11-17
Kajetan,Ludwik,+48 256 641 818,Warsaw,Pulawska 15/7,74011724451,2023-02-19,contract signing,2024-12-20
Damian,Pacewicz,+48 376 848 670,Wroclaw,Katedralna 34/1,97072425448,2022-12-05,payment,2022-03-15
Mariusz,Burdach,+48 420 911 615,Wroclaw,Mokotowska 17/37,58010493253,2020-10-31,payment,2023-06-23
Gaja,Sprycha,+48 503 568 964,Warsaw,Zabkowska 66/45,00020135805,2021-03-27,payment,2023-03-02
Mateusz,Irzyk,+48 575 424 941,Warsaw,Woronicza 24/3,45101075955,2024-01-01,payment,2023-02-17
Gaja,Skierka,+48 492 700 708,Gdansk,Morska 66/16,94091376456,2020-03-27,payment,2023-09-03
Grzegorz,Bobak,+48 389 462 988,Krakow,Dluga 41/49,54060588419,2023-12-15,payment,2024-09-28
Apolonia,Mordal,+48 156 144 397,Poznan,Przybyszowska 25/14,64100832552,2020-08-17,payment,2024-05-18
Jeremi,Natanek,+48 280 127 489,Wroclaw,Ziebicka 100/79,72090632313,2023-01-02,payment,2024-01-15
Robert,Monkiewicz,+48 397 820 574,Gdansk,Al. Grunwaldzka 53/32,53020835008,2021-11-21,payment,2020-08-15
Stanisław,Dziurla,+48 706 556 527,Gdansk,Swietego Ducha 80/59,83032322768,2023-10-10,payment,2020-08-27
Justyna,Bartłomiejczyk,+48 990 523 789,Warsaw,Sowinskiego 36/93,41062874107,2022-01-18,payment,2023-12-19
Borys,Broncel,+48 503 702 400,Warsaw,Powisle 64/69,44042782230,2022-06-25,payment,2021-05-07
Maurycy,Nowotnik,+48 518 860 419,Wroclaw,Polan 98/55,68011583620,2023-11-10,payment,2024-04-27
Ida,Gamoń,+48 501 904 841,Krakow,Aleja Roz 17/18,84052130238,2022-12-02,contract signing,2024-12-07
Stanisław,Barszczak,+48 168 890 344,Warsaw,Pulawska 46/79,99122817164,2022-01-01,payment,2024-06-22
Ida,Fiołka,+48 356 772 922,Poznan,Mikolajewska 54/2,01022304408,2022-10-22,payment,2021-10-13
Borys,Sośniak,+48 489 245 148,Wroclaw,Wroclawska 74/7,04091615457,2023-01-29,payment,2020-01-28
Dariusz,Lejk,+48 329 680 223,Gdansk,Jaskowa Dolina 42/47,48092425176,2024-03-21,payment,2020-06-27
Maciej,Kwarciak,+48 759 912 302,Gdansk,Zaspa 2/82,75081982769,2021-07-08,contract signing,2020-07-03
Adrian,Gosz,+48 579 558 176,Krakow,Kasprowicza 25/93,71092275847,2023-10-30,payment,2022-08-29
Patryk,Komsta,+48 156 209 732,Gdansk,Podgorna 92/53,90111821731,2020-12-17,payment,2022-04-20
Ryszard,Cieciura,+48 236 614 866,Gdansk,Aleja Jana Pawla II 55/80,03102764003,2021-02-14,payment,2021-10-05
Nataniel,Pazik,+48 663 479 709,Poznan,Sienkiewicza 7/52,78110280889,2022-07-10,payment,2022-01-13
Tola,Janic,+48 372 935 597,Krakow,Florianska 55/63,01072772325,2024-01-10,payment,2021-11-21
Jacek,Kunda,+48 785 707 195,Poznan,Staroleka 43/36,68031829980,2020-04-07,payment,2020-01-16
Adrianna,Kulisz,+48 260 281 306,Gdansk,Podgorna 81/81,59041819832,2021-11-19,contract signing,2020-02-04
Marek,Szymanik,+48 792 876 638,Poznan,Wiosna 24/48,55020421137,2021-06-11,payment,2022-05-20
Ernest,Dynak,+48 495 568 774,Krakow,Wandy 18/84,93100153826,2020-05-20,payment,2021-03-13
Mariusz,Florian,+48 948 890 698,Warsaw,Lechitow 36/71,04091020248,2022-10-30,payment,2024-12-23
Apolonia,Duszczak,+48 668 380 197,Wroclaw,Piekarska 97/4,00022570341,2022-10-08,payment,2024-08-13
Monika,Burdach,+48 730 943 476,Warsaw,Powisle 19/39,48020185307,2020-03-29,payment,2020-03-05
Marcin,Kuśnierek,+48 880 729 509,Poznan,Sienkiewicza 65/80,91122334920,2021-06-26,payment,2024-11-06
Fabian,Suda,+48 692 632 979,Krakow,Wandy 69/60,75021839713,2021-02-08,payment,2022-10-27
Ignacy,Staniewicz,+48 845 354 286,Warsaw,Mlynarska 89/81,43042555745,2020-02-07,payment,2022-06-11
Ada,Matusewicz,+48 933 715 349,Poznan,Kroniki 38/6,78112565740,2024-03-23,payment,2022-07-07
Marcelina,Tatarczyk,+48 847 811 550,Poznan,Garbary 69/59,92010856904,2023-08-08,payment,2024-10-23
Liwia,Widłak,+48 699 802 763,Krakow,Szeroka 82/13,58072285535,2023-11-09,payment,2023-06-02
Kajetan,Suda,+48 496 311 467,Gdansk,Karpacka 33/92,06041939273,2020-05-05,payment,2020-05-25
Sonia,Senger,+48 540 148 941,Wroclaw,Grabiszynska 74/4,79060190990,2024-04-25,contract signing,2022-10-10
Marcel,Szczechowicz,+48 926 983 350,Krakow,Pieciomorgowa 92/7,65061154710,2021-05-03,payment,2021-05-21
Miłosz,Łaskawiec,+48 958 373 406,Warsaw,Ludwika Rydygiera 25/7,82111727599,2022-08-05,payment,2021-04-16
Bianka,Żuberek,+48 543 537 840,Wroclaw,Trzmielowice 12/83,60111234585,2024-02-10,payment,2022-08-03
Marianna,Chuchla,+48 162 653 990,Krakow,Lipowa 71/60,72121330148,2022-03-02,payment,2021-04-12
Przemysław,Mikus,+48 803 861 855,Poznan,Laskowicka 47/79,49110924914,2021-09-08,payment,2023-10-14
Jacek,Molga,+48 747 125 887,Poznan,Laskotelna 40/84,51010354232,2020-06-05,payment,2020-03-30
Marika,Tolak,+48 827 423 756,Wroclaw,Grabiszynska 14/14,44052786211,2023-05-22,contract signing,2021-02-04
Elżbieta,Łachacz,+48 350 466 891,Gdansk,Gdanska 58/81,02032529425,2023-07-21,payment,2020-12-14
Damian,Jagiełka,+48 434 246 195,Poznan,Sienkiewicza 29/56,94082568822,2020-03-24,payment,2023-02-05
Maks,Goliszek,+48 932 295 985,Gdansk,Al. Grunwaldzka 54/50,43090334536,2023-04-16,payment,2022-04-04
Sara,Pokrzywa,+48 140 360 508,Wroclaw,Biskupin 26/42,42111969089,2022-07-13,payment,2021-06-29
Witold,Michalkiewicz,+48 711 442 998,Wroclaw,Zaodrze 65/16,57112858609,2020-02-02,payment,2024-06-29
Blanka,Pawełko,+48 775 306 956,Gdansk,Nowe Wrota 17/91,94070464846,2024-12-11,payment,2021-01-26
Mikołaj,Molek,+48 469 344 678,Gdansk,Podwale Staromiejskie 46/8,03092026246,2022-09-18,payment,2022-04-23
Eliza,Glegoła,+48 414 631 381,Warsaw,Nowy Swiat 79/6,92040994256,2023-05-24,payment,2024-12-17
Alan,Zbroszczyk,+48 386 158 227,Wroclaw,Olawska 43/32,67081363828,2022-03-23,contract signing,2022-07-31
Dominik,Sapa,+48 333 981 479,Poznan,Strzeszynska 88/4,70051646342,2020-05-18,payment,2020-03-08
Marek,Reiter,+48 123 579 618,Wroclaw,Swietego Mikolaja 2/1,80120488731,2023-01-14,payment,2023-08-17
Agnieszka,Pułka,+48 894 975 590,Poznan,Swiety Marcin 66/15,84060611521,2023-09-06,payment,2023-02-27
Rafał,Walasik,+48 813 187 932,Gdansk,Wielki Mlyn 8/100,98050607131,2021-09-20,payment,2021-07-22
Oliwier,Zera,+48 101 666 181,Poznan,Wiosna 68/85,43121069558,2021-05-18,payment,2021-04-30
Robert,Osiadacz,+48 867 701 969,Gdansk,Jaskowa Dolina 34/60,50052327880,2020-04-26,payment,2024-11-04
Ida,Bereda,+48 196 848 532,Wroclaw,Aleja 1 Maja 64/2,57041451445,2024-11-30,contract signing,2022-01-14
Sandra,Kopyt,+48 184 914 255,Poznan,Czajkowska 87/29,91022511656,2023-03-19,payment,2021-11-05
Tymoteusz,Kasica,+48 596 349 565,Gdansk,Targ Weglowy 12/11,68121138800,2023-04-12,payment,2022-10-11
Elżbieta,Tutka,+48 218 758 754,Wroclaw,Polan 57/22,73121752523,2024-04-11,payment,2024-08-30
Bruno,Niemira,+48 234 135 627,Warsaw,Wilenska 86/89,89062038891,2024-01-03,contract signing,2020-08-07
Leonard,Mielcarz,+48 931 929 924,Poznan,Mikolajewska 67/80,59082285533,2021-09-01,payment,2023-12-19
Leon,Kopij,+48 177 411 877,Wroclaw,Ziebicka 92/35,81060367629,2021-08-27,payment,2023-06-24
Inga,Tadla,+48 153 746 436,Krakow,Pieciomorgowa 51/64,02060949394,2020-09-25,payment,2022-08-26
Anita,Satora,+48 478 186 111,Wroclaw,Grabiszynska 40/64,88121364012,2020-05-21,payment,2021-03-18
Kalina,Morawiak,+48 195 133 776,Gdansk,Al. Grunwaldzka 39/4,77081064179,2024-04-28,payment,2021-09-08
Maksymilian,Chomiak,+48 747 973 408,Krakow,Chorazowka 55/41,96042500413,2021-02-10,payment,2024-01-06
Klara,Frymus,+48 484 625 753,Krakow,Grodzka 50/84,65110736748,2021-03-22,payment,2022-02-07
Sara,Kuska,+48 536 574 590,Poznan,Laskocze 16/39,80011438038,2021-08-13,payment,2023-05-06
Konstanty,Nikel,+48 860 486 652,Krakow,Kasprowicza 15/18,64120471977,2024-01-24,payment,2022-06-22
Aurelia,Pacura,+48 759 786 114,Poznan,Laskotelna 100/36,54020330234,2024-11-18,payment,2020-12-01
Kazimierz,Kloch,+48 676 890 936,Wroclaw,Obornicka 55/76,03072730905,2024-04-04,payment,2020-03-18
Urszula,Duszczak,+48 899 372 587,Wroclaw,Swidnicka 80/67,04111729951,2020-10-28,payment,2021-02-27
Sandra,Hanas,+48 620 753 983,Gdansk,Gdanska 3/17,44062674340,2022-04-24,payment,2022-07-07
Marcelina,Tofil,+48 408 637 505,Wroclaw,Swietego Mikolaja 41/5,49100748926,2022-09-09,payment,2023-10-26
Melania,Zamora,+48 961 551 904,Krakow,Jozefa 90/32,71082593957,2021-10-01,payment,2024-02-09
Roksana,Fyda,+48 948 604 213,Warsaw,Jagiellonska 71/7,73061290055,2022-09-21,payment,2023-04-08
Marianna,Śliż,+48 427 111 160,Krakow,Rzeszowska 61/88,03022566918,2022-03-18,payment,2021-05-04
Julianna,Szmurło,+48 877 302 240,Krakow,Swietokrzyska 48/95,68092615809,2022-01-05,payment,2021-08-21
Urszula,Waniek,+48 929 443 930,Warsaw,Stalowa 14/15,05120539270,2023-07-20,payment,2020-08-20
Gaja,Łacina,+48 498 921 949,Warsaw,Lechitow 9/16,81031237629,2021-04-12,payment,2021-06-01
Gustaw,Wojtaszczyk,+48 693 266 894,Wroclaw,Olawska 41/44,55080554262,2023-07-28,payment,2021-01-12
Nela,Komander,+48 238 468 689,Warsaw,Krakowskie Przedmiescie 73/6,87110130872,2023-03-23,payment,2023-02-23
Dariusz,Pytko,+48 341 396 498,Wroclaw,Hutnicza 7/32,73022683218,2022-03-13,payment,2024-03-15
Nikodem,Łuksza,+48 427 256 793,Krakow,Pieciomorgowa 47/37,85072251002,2022-02-23,payment,2022-10-25
Jakub,Graj,+48 789 684 698,Wroclaw,Legnicka 55/44,68072606447,2021-03-09,payment,2021-05-05
Dorota,Elert,+48 570 496 555,Krakow,Rzeszowska 89/74,91101403346,2021-06-22,contract signing,2022-10-19
Adrian,Wawrzeńczyk,+48 212 267 816,Krakow,Wandy 10/42,62092355648,2020-07-18,payment,2022-11-09
Sylwia,Wołoszczuk,+48 407 585 223,Poznan,Pieciomorgowa 72/28,59092542295,2020-09-28,payment,2022-05-25
Nela,Kominiak,+48 294 428 512,Krakow,Podgorki 18/10,48050827877,2021-02-25,payment,2023-05-03
Hubert,Mordal,+48 561 869 669,Wroclaw,Mokotowska 32/36,02010786264,2021-05-14,payment,2024-01-31
Iwo,Hajda,+48 984 386 153,Krakow,Kasprowicza 8/88,69092532895,2020-05-08,payment,2024-04-28
Aniela,Glenc,+48 783 454 192,Wroclaw,Zaodrze 83/42,98081759502,2021-07-24,payment,2022-11-11
Rozalia,Wyłupek,+48 166 487 752,Warsaw,Pulawska 34/26,87101938492,2020-11-08,payment,2024-03-02
Agnieszka,Margol,+48 815 625 827,Wroclaw,Olawska 49/92,90030249924,2023-12-31,payment,2021-05-20
Kazimierz,Szmurło,+48 613 131 536,Poznan,Staroleka 26/37,88092115697,2021-06-01,payment,2022-11-25
Tobiasz,Dubik,+48 187 796 780,Gdansk,Morska 69/82,84021019010,2024-11-16,payment,2021-09-19
Stefan,Paw,+48 670 951 788,Warsaw,Mlynarska 60/71,66090221884,2023-07-26,payment,2020-01-05
Nikodem,Tokaj,+48 494 808 181,Gdansk,Swinoujscie 74/31,61061393137,2024-10-17,payment,2020-02-14
Urszula,Rup,+48 327 522 979,Warsaw,Krakowskie Przedmiescie 26/8,67090268163,2023-05-06,payment,2023-04-16
Marcel,Żołnierczyk,+48 718 168 129,Poznan,Kroniki 55/70,46010909650,2023-02-28,payment,2020-01-06
Mateusz,Fronczyk,+48 701 929 176,Warsaw,Lechitow 91/48,93090583973,2020-09-25,contract signing,2023-12-02
Rozalia,Dąbrowicz,+48 565 564 616,Wroclaw,Obornicka 54/31,73020526737,2024-04-03,payment,2023-08-19
Olgierd,Machniak,+48 239 472 945,Warsaw,Limanowskiego 51/82,67011229019,2020-09-01,payment,2021-01-23
Ignacy,Guźniczak,+48 443 832 401,Warsaw,Bialostocka 3/44,83080237353,2024-11-06,payment,2024-04-12
Krystyna,Koloch,+48 646 656 214,Gdansk,Karpacka 95/36,90102336831,2024-02-04,payment,2023-09-11
Justyna,Wielgos,+48 389 439 804,Krakow,Centralna 26/81,89020627729,2022-11-07,payment,2020-12-16
Stanisław,Cetera,+48 288 171 896,Wroclaw,Sudecka 90/46,40041730359,2020-05-10,payment,2020-09-02
Fabian,Glenc,+48 344 644 734,Krakow,Odrzanska 71/24,05041184584,2021-07-20,payment,2020-07-24
Mikołaj,Franczuk,+48 319 649 779,Poznan,Garbary 76/78,91081456356,2021-08-18,payment,2021-04-24
Anita,Spólnik,+48 535 543 850,Poznan,Dabrowa 81/15,67062441978,2020-11-19,contract signing,2023-04-07
Jeremi,Świstek,+48 334 252 620,Wroclaw,Rynkowska 52/91,02100876505,2020-08-19,payment,2021-09-14
Grzegorz,Neska,+48 869 496 398,Wroclaw,Polan 18/2,83011980185,2020-03-03,payment,2024-05-04
Agnieszka,Ryczko,+48 716 771 795,Wroclaw,Aleja 1 Maja 56/36,90022681930,2021-08-27,payment,2021-09-29
Julianna,Cąkała,+48 229 709 789,Warsaw,Krakowskie Przedmiescie 32/40,56032437415,2022-02-08,payment,2020-06-10
Róża,Miśko,+48 778 760 840,Gdansk,Dlugi Targ 76/91,68092443222,2022-03-26,payment,2020-12-12
Ida,Śnieg,+48 103 359 433,Krakow,Centralna 27/23,87032005304,2020-10-14,payment,2021-09-11
Maciej,Jereczek,+48 623 448 845,Gdansk,Zaspa 98/81,44040405506,2023-10-15,payment,2022-04-20
Lidia,Kłosiewicz,+48 749 825 886,Poznan,Pieciomorgowa 88/62,99012671199,2020-08-07,payment,2022-03-06
Marcelina,Darłak,+48 209 787 674,Wroclaw,Biskupin 17/23,56061681894,2022-04-20,payment,2023-02-05
Dariusz,Morek,+48 421 282 579,Gdansk,Rynkowska 24/26,99091886039,2021-04-12,payment,2020-12-29
Patryk,Bobel,+48 442 527 551,Gdansk,Rynkowska 97/50,85032285933,2022-10-21,payment,2024-02-11
Janina,Bochnia,+48 364 851 654,Poznan,Staroleka 11/18,74040174946,2021-02-06,payment,2024-02-07
Bruno,Roter,+48 151 100 582,Gdansk,Podwale Staromiejskie 27/4,47101287347,2022-10-13,payment,2021-09-01
Piotr,Pakos,+48 412 164 700,Krakow,Lobzow 46/1,00081613807,2023-03-22,payment,2024-06-02
Bianka,Faryna,+48 482 473 970,Warsaw,Zabkowska 48/70,89101072871,2021-06-21,contract signing,2024-11-01
Marcelina,Opyrchał,+48 527 737 932,Gdansk,Podgorna 64/52,90051905881,2021-11-16,payment,2023-08-20
Ernest,Tatarek,+48 914 676 645,Gdansk,Podgorna 56/82,77050985566,2020-03-22,payment,2024-09-30
Gabriel,Nabiałek,+48 922 458 445,Krakow,Chorazowka 9/98,76092812751,2020-08-24,payment,2024-12-15
Wojciech,Zackiewicz,+48 468 515 847,Krakow,Jana Pawla II 100/37,46070749357,2024-09-29,payment,2024-09-09
Róża,Sadlak,+48 726 125 102,Gdansk,Abrahama 40/38,47050164221,2024-04-12,payment,2022-04-18
Olgierd,Olearczyk,+48 469 671 248,Gdansk,Alei Grunwaldzka 14/60,65102129590,2023-02-17,payment,2024-07-14
Rafał,Ragan,+48 161 575 533,Wroclaw,Sudecka 43/41,95071930646,2024-07-24,payment,2024-08-06
Adam,Zysk,+48 536 580 925,Krakow,Pilsudskiego 80/19,80090805873,2022-10-25,payment,2020-10-05
Witold,Rogal,+48 252 128 835,Gdansk,Jaskowa Dolina 59/94,43112270875,2020-09-19,payment,2021-05-05
Dorota,Szlaga,+48 821 684 146,Warsaw,Mlynarska 39/85,75071992440,2020-10-01,contract signing,2021-06-10
Janina,Rabiej,+48 201 451 302,Wroclaw,Ziebicka 50/50,94080656499,2022-08-05,payment,2022-02-22
Lidia,Wojewódka,+48 897 710 229,Gdansk,Gdanska 37/87,45021601371,2023-06-12,contract signing,2024-07-26
Piotr,Pyć,+48 130 650 916,Wroclaw,Aleja 1 Maja 35/1,00112204116,2024-01-03,payment,2021-09-18
Liwia,Stożek,+48 315 793 930,Poznan,Czajkowska 58/29,60122775972,2024-08-18,contract signing,2024-03-30
Adam,Zimmer,+48 687 490 978,Gdansk,Trojmiasto 38/56,56121499753,2023-10-18,payment,2021-12-11
Sebastian,Tyka,+48 701 153 970,Warsaw,Bialostocka 96/35,62011372736,2021-10-05,payment,2021-09-18
Dagmara,Wyroba,+48 882 837 996,Wroclaw,Grabiszynska 27/47,59041558207,2024-10-30,payment,2020-12-06
Jędrzej,Grochowina,+48 457 714 662,Warsaw,Chmielna 94/98,78101499722,2020-09-08,payment,2020-02-13
Szymon,Uryga,+48 921 393 705,Gdansk,Swietego Ducha 52/16,41120265760,2020-05-20,payment,2024-06-07
Janina,Miksza,+48 589 620 679,Poznan,Laskocze 44/95,55052113938,2022-08-16,payment,2022-03-07
Daniel,Mysiak,+48 753 676 481,Wroclaw,Swidnicka 11/4,61080172740,2021-06-18,payment,2022-01-25
Sara,Burczak,+48 899 614 952,Wroclaw,Swidnicka 27/65,59051573568,2024-04-15,payment,2023-05-16
Tymon,Nurkiewicz,+48 130 103 610,Gdansk,Al. Grunwaldzka 9/94,42072173044,2023-03-06,payment,2020-04-11
Oskar,Żach,+48 650 436 344,Warsaw,Woronicza 68/14,65090186777,2023-07-24,payment,2021-06-13
Gaja,Fudalej,+48 757 650 331,Poznan,Polwiejska 77/73,55111758579,2023-04-22,payment,2024-08-09
Rozalia,Pasierbek,+48 938 375 526,Krakow,Lobzow 28/63,99122809989,2022-10-15,payment,2024-04-09
Oskar,Sosnówka,+48 169 638 294,Gdansk,Zaspa 29/35,42090518999,2022-03-30,payment,2023-08-13
Nicole,Chachaj,+48 972 374 869,Gdansk,Piastowska 92/85,86091832207,2023-05-27,payment,2024-08-09
Marcin,Czesak,+48 799 946 618,Warsaw,Krasinskiego 62/93,84070631238,2020-08-13,payment,2023-02-11
Nela,Zbiciak,+48 255 505 343,Krakow,Grodzka 14/44,50091966406,2023-03-07,payment,2024-11-07
Klara,Kiciak,+48 577 791 853,Poznan,Staroleka 46/46,64110850335,2021-12-23,payment,2021-01-12
Marianna,Ochnio,+48 576 892 955,Poznan,Blazenkowska 13/57,53012100910,2020-09-05,payment,2021-07-29
Kamila,Szczot,+48 739 307 863,Krakow,Wielopole 32/50,55091138132,2024-04-28,payment,2024-07-30
Blanka,Litwiniuk,+48 507 707 734,Warsaw,Klopot 13/65,77090532984,2024-01-24,payment,2020-07-02
Ada,Ślimak,+48 399 548 573,Warsaw,Mlynarska 43/99,86080933748,2023-04-11,contract signing,2020-10-05
Olga,Szóstak,+48 563 294 510,Gdansk,Zaspa 91/7,84082553085,2020-08-09,payment,2021-11-12
Mikołaj,Poczta,+48 382 155 397,Wroclaw,Obornicka 66/98,69110155060,2023-12-05,payment,2023-07-27
Alan,Tasarz,+48 408 259 960,Poznan,Wlasnosciowa 52/50,71052538647,2021-08-12,payment,2022-03-28
Andrzej,Radke,+48 994 903 447,Gdansk,Rynkowska 96/31,55012344136,2021-10-13,payment,2021-09-16
Oliwier,Fogt,+48 694 810 416,Poznan,Laskotelna 3/59,61040653845,2022-09-04,contract signing,2020-08-17
Roksana,Berdzik,+48 455 945 790,Poznan,Tory 23/54,47051619676,2023-08-09,payment,2021-10-06
Apolonia,Cogiel,+48 515 954 467,Warsaw,Wilenska 24/55,60012358649,2024-07-29,payment,2022-02-17
Tobiasz,Tabak,+48 203 967 752,Warsaw,Klopot 4/92,73050775295,2023-05-09,contract signing,2024-11-07
Karina,Tonder,+48 642 312 163,Poznan,Czajkowska 30/52,01030253415,2024-11-30,payment,2020-01-04
Ewa,Fraszczyk,+48 520 192 631,Gdansk,Swietego Ducha 17/85,72050873835,2023-01-09,contract signing,2024-04-22
Apolonia,Toczko,+48 734 293 341,Wroclaw,Miejska 88/47,06100898990,2022-02-02,payment,2021-04-03
Roksana,Krężołek,+48 701 506 652,Wroclaw,Rynkowska 16/32,45121640726,2022-11-03,payment,2022-05-10
Kazimierz,Królikiewicz,+48 705 622 597,Wroclaw,Olawska 44/61,48062043018,2022-10-21,payment,2022-06-07
Olga,Łobacz,+48 637 340 744,Warsaw,Targowa 54/28,97031290430,2024-07-13,contract signing,2024-11-15
Maciej,Żok,+48 526 133 368,Wroclaw,Olawska 47/13,62010461167,2020-05-01,payment,2020-07-12
Fryderyk,Wieja,+48 981 780 483,Krakow,Rzeszowska 78/27,57022678173,2024-10-29,payment,2022-08-27
Sara,Więckiewicz,+48 832 479 313,Wroclaw,Olawska 51/85,92121714081,2020-01-22,payment,2022-01-03
Alan,Gamoń,+48 482 871 618,Gdansk,Gdanska 44/27,88091981493,2021-07-18,payment,2020-03-12
Monika,Kruszona,+48 830 868 840,Gdansk,Piastowska 49/12,03020810781,2023-03-27,payment,2022-05-09
Maks,Mirga,+48 246 691 803,Gdansk,Nowe Wrota 79/61,86012537257,2020-06-06,payment,2022-02-02
Marek,Stempin,+48 899 890 224,Warsaw,Nowy Swiat 89/42,61110733501,2020-04-20,payment,2021-08-14
Marcin,Kwarciak,+48 934 406 564,Gdansk,Wielki Mlyn 70/56,60091596598,2020-08-28,payment,2023-01-26
Dagmara,Dulewicz,+48 769 427 250,Krakow,Krolowej Jadwigi 96/35,70110955253,2024-10-06,payment,2023-09-07
Nela,Korzonek,+48 405 537 459,Poznan,Polwiejska 82/53,46110750266,2022-07-11,contract signing,2020-04-21
Julita,Kosałka,+48 679 433 335,Wroclaw,Legnicka 70/91,77022560319,2023-12-16,payment,2020-07-13
Anastazja,Michalczak,+48 303 126 357,Wroclaw,Wroclawska 72/90,51070792410,2024-10-07,payment,2020-01-21
Urszula,Dyszkiewicz,+48 719 805 860,Wroclaw,Swietego Mikolaja 14/97,76031180329,2020-09-17,payment,2023-07-01
Aleks,Frania,+48 925 174 228,Gdansk,Polski Czerwony Krzyz 85/97,03120590213,2023-10-03,payment,2021-10-28
Dorota,Kotala,+48 744 618 549,Wroclaw,Swidnicka 15/13,73101805298,2022-09-01,payment,2022-09-21
Andrzej,Kielan,+48 582 585 582,Poznan,Laskotelna 80/39,94052270809,2023-03-09,payment,2023-12-12
Juliusz,Gąsienica,+48 360 157 946,Krakow,Florianska 29/85,85121878693,2024-03-29,payment,2022-02-15
Krystyna,Karyś,+48 312 752 429,Krakow,Pilsudskiego 57/78,44011831192,2024-11-20,payment,2021-09-08
Norbert,Wlizło,+48 443 594 844,Wroclaw,Grabiszynska 38/10,75062266000,2021-04-30,payment,2022-12-09
Angelika,Spychaj,+48 876 793 213,Poznan,Staroleka 77/51,81031583928,2024-02-23,payment,2023-12-29
Maurycy,Dawidek,+48 251 513 383,Poznan,Sienkiewicza 86/26,77110292986,2020-08-11,payment,2023-02-21
Robert,Koloch,+48 811 534 258,Poznan,Zernickie 76/24,92061785091,2022-08-27,payment,2023-05-14
Julita,Gęsiarz,+48 506 855 591,Poznan,Laskowicka 77/8,82080154840,2021-03-04,payment,2022-05-02
Rafał,Dziduch,+48 578 904 730,Gdansk,Targ Weglowy 94/53,55100584723,2021-04-09,payment,2023-03-30
Wiktor,Gołota,+48 684 888 364,Warsaw,Limanowskiego 68/45,00090976511,2022-03-31,contract signing,2021-10-22
Jacek,Wołoszyk,+48 569 170 487,Poznan,Garbary 45/12,41090950567,2023-06-12,payment,2020-08-14
Liwia,Helak,+48 949 815 326,Gdansk,Podgorna 78/55,71111627770,2021-11-06,payment,2021-07-22
Hubert,Szymajda,+48 320 523 362,Poznan,Wiosna 65/87,06050886010,2022-03-20,payment,2021-01-04
Karina,Zeman,+48 731 380 174,Krakow,Centralna 27/26,03031143913,2020-11-06,payment,2020-05-08
Mariusz,Łaskawiec,+48 297 114 550,Krakow,Wandy 63/23,43081448729,2023-10-23,contract signing,2022-11-24
Aniela,Matulewicz,+48 368 332 575,Gdansk,Targ Weglowy 5/33,99112293215,2021-04-07,payment,2023-11-11
Sylwia,Jałowiec,+48 139 104 905,Wroclaw,Olawska 62/10,88101229382,2020-12-30,payment,2023-06-02
Aurelia,Fabiańczyk,+48 439 912 245,Gdansk,Ostroda 36/69,90081000589,2021-03-25,payment,2020-02-24
Fabian,Szwiec,+48 908 139 102,Warsaw,Batory 81/98,59070491940,2024-03-23,payment,2021-04-03
Klara,Strawa,+48 917 420 927,Gdansk,Ostroda 39/95,98082892657,2024-05-27,payment,2023-01-05
Nikodem,Rajchel,+48 665 985 377,Krakow,Podgorki 87/20,69022518461,2023-11-21,payment,2023-12-05
Piotr,Dziopa,+48 137 277 363,Krakow,Swietokrzyska 9/17,55041990133,2020-07-31,payment,2023-03-14
Tomasz,Watras,+48 303 725 563,Wroclaw,Trzmielowice 87/63,63121710230,2023-03-01,contract signing,2023-06-19
Angelika,Uzar,+48 673 306 777,Poznan,Mikolajewska 85/36,57112659538,2021-11-09,payment,2024-08-28
Sylwia,Błaziak,+48 999 775 501,Wroclaw,Legnicka 27/53,84072645233,2021-03-13,payment,2022-09-23
Nikodem,Bubel,+48 835 718 725,Wroclaw,Piekarska 45/51,42110813075,2021-01-04,payment,2021-02-25
Julianna,Jeske,+48 180 660 398,Wroclaw,Biskupin 5/1,46030111651,2021-03-29,payment,2021-10-04
Ada,Tekieli,+48 398 265 482,Gdansk,Swietego Ducha 42/67,80101692166,2023-05-01,contract signing,2024-10-28
Dariusz,Chomik,+48 837 240 308,Warsaw,Batory 60/11,54081346795,2022-08-20,payment,2022-11-01
Rozalia,Humeniuk,+48 335 454 165,Poznan,Staroleka 81/87,63011720680,2022-12-24,payment,2023-09-21
Iwo,Stroka,+48 414 941 773,Poznan,Garbary 15/55,77120513398,2022-06-19,payment,2021-03-29
Igor,Płócienniczak,+48 212 530 926,Gdansk,Podwale Staromiejskie 16/10,62050479292,2023-06-13,payment,2023-09-13
Krzysztof,Patrzałek,+48 122 486 448,Wroclaw,Aleja 1 Maja 72/97,66052309740,2020-10-03,payment,2023-03-14
Inga,Cibor,+48 580 931 465,Krakow,Grodzka 49/67,67061848127,2020-07-13,payment,2020-05-25
Krystyna,Garncarz,+48 621 870 899,Warsaw,Lechitow 63/90,86032000982,2020-02-15,payment,2023-01-15
Gustaw,Muzyk,+48 960 405 165,Gdansk,Swinoujscie 50/93,45102378422,2021-05-25,payment,2023-06-12
Janina,Boruń,+48 843 359 302,Gdansk,Trojmiasto 33/79,57022463539,2021-12-17,payment,2022-01-17
Artur,Herdzik,+48 861 704 404,Krakow,Chorazowka 80/36,56082549047,2024-11-03,payment,2022-03-07
Justyna,Roskosz,+48 102 924 980,Krakow,Krolowej Jadwigi 94/71,59032604807,2024-10-30,payment,2023-04-29
Przemysław,Kastelik,+48 654 975 932,Warsaw,Lechitow 94/75,78101743241,2021-01-03,payment,2021-02-07
Artur,Gmurczyk,+48 793 427 147,Gdansk,Dluga 7/10,85091762646,2020-06-14,payment,2022-02-28
Malwina,Wiekiera,+48 293 280 887,Krakow,Kasprowicza 96/39,89011306644,2023-09-22,payment,2020-09-14
Krzysztof,Bryda,+48 469 422 293,Gdansk,Podwale Staromiejskie 97/10,05112444797,2024-10-12,payment,2023-10-13
Kaja,Dzienis,+48 268 602 672,Warsaw,Pulawska 55/64,80112366931,2021-05-09,payment,2020-08-12
Jeremi,Tomzik,+48 681 998 501,Krakow,Pieciomorgowa 53/16,60011043498,2020-09-03,payment,2024-01-06
Szymon,Mikoda,+48 872 117 806,Krakow,Wiosny Ludow 24/57,88031866161,2022-05-13,payment,2023-09-14
Lidia,Baum,+48 652 417 271,Krakow,Chorazowka 77/17,91020753403,2020-02-20,payment,2022-08-23
Malwina,Drywa,+48 695 155 485,Warsaw,Wilenska 34/6,73051973166,2022-11-22,payment,2023-02-01
Marianna,Nieszporek,+48 242 818 990,Krakow,Mysliwska 10/17,54080636930,2023-12-17,payment,2020-08-26
Marianna,Pęciak,+48 826 602 346,Krakow,Grodzka 37/95,47101355114,2020-10-27,payment,2024-04-04
Aleksander,Miechowicz,+48 732 301 696,Krakow,Karmelicka 66/16,91061982408,2021-02-23,payment,2022-04-22
Ada,Korab,+48 200 150 851,Gdansk,Dluga 48/11,83070224318,2022-01-13,payment,2024-11-22
Maurycy,Szott,+48 160 110 567,Wroclaw,Rynkowska 41/91,06021003150,2023-07-07,payment,2020-07-21
Bruno,Zębik,+48 613 886 299,Wroclaw,Piekarska 33/65,65092190628,2021-10-22,payment,2021-01-30
Anna Maria,Jędra,+48 367 919 773,Gdansk,Dlugi Targ 38/98,49080597716,2020-03-05,payment,2022-07-06
Róża,Peciak,+48 935 156 660,Wroclaw,Olawska 91/85,56031770092,2022-11-25,payment,2024-12-24
Maciej,Mortka,+48 214 906 130,Warsaw,Jagiellonska 29/44,40032479593,2022-04-12,payment,2024-11-09
Marcelina,Matla,+48 683 192 133,Wroclaw,Sudecka 41/37,44010331389,2023-05-06,payment,2024-09-29
Klara,Piotrkowicz,+48 548 288 736,Krakow,Plac Nowy 92/53,99071103673,2021-03-27,payment,2024-12-29
Elżbieta,Sidorczuk,+48 676 359 342,Gdansk,Wielki Mlyn 85/32,91032050547,2023-01-02,payment,2021-02-15
Anastazja,Erdmann,+48 403 940 439,Wroclaw,Katedralna 48/69,49111465898,2022-02-07,contract signing,2021-04-02
Maksymilian,Stosik,+48 407 899 378,Wroclaw,Wroclawska 52/46,40042689959,2024-12-23,contract signing,2021-05-20
Paweł,Bittner,+48 334 181 957,Krakow,Karmelicka 51/69,04122269484,2023-08-17,contract signing,2021-05-25
Sonia,Myrcha,+48 688 911 974,Poznan,Strzeszynska 85/65,81061115702,2023-01-17,contract signing,2020-12-16
Cezary,Mateusiak,+48 257 579 430,Gdansk,Aleja Jana Pawla II 31/94,46122364523,2023-03-30,payment,2023-05-21
Bianka,Durlej,+48 294 789 765,Warsaw,Lechitow 66/56,64041149607,2022-10-07,payment,2023-02-23
Piotr,Wypchło,+48 759 332 196,Gdansk,Targ Weglowy 10/57,65082556872,2021-06-03,payment,2020-03-10
Tola,Dziadura,+48 452 139 971,Krakow,Dluga 69/50,93092294202,2021-07-25,payment,2020-06-13
Witold,Rzeźniczek,+48 691 147 720,Poznan,Laskotelna 69/28,02012323027,2020-01-30,payment,2023-08-22
Albert,Burza,+48 306 443 527,Krakow,Krolowej Jadwigi 85/40,56042403901,2020-12-01,payment,2022-07-27
Mikołaj,Suchoń,+48 691 908 867,Poznan,Sienkiewicza 39/61,53040633035,2024-04-18,payment,2021-10-26
Kazimierz,Szara,+48 154 349 584,Poznan,Strzeszynska 96/23,92052324597,2023-08-30,payment,2023-08-10
Ewelina,Chmara,+48 778 343 845,Warsaw,Mlynarska 88/6,93060829535,2020-04-19,payment,2022-04-03
Aniela,Myszak,+48 550 501 391,Wroclaw,Olawska 26/96,91100150492,2020-02-25,payment,2021-04-09
Ryszard,Suszka,+48 461 311 751,Warsaw,Krasinskiego 65/20,71091720744,2023-02-09,payment,2020-03-10
Natasza,Miecznik,+48 483 182 695,Poznan,Blazenkowska 59/42,89021898960,2022-11-20,payment,2021-03-18
Sonia,Stark,+48 837 870 769,Wroclaw,Ziebicka 47/47,64120269602,2023-12-14,payment,2024-09-29
Ryszard,Dyszy,+48 415 824 627,Warsaw,Stalowa 7/29,58030856209,2020-11-29,payment,2024-01-24
Adam,Pikor,+48 590 390 134,Warsaw,Ludwika Rydygiera 91/28,88090693122,2022-07-29,payment,2020-10-12
Leonard,Burnat,+48 143 312 864,Wroclaw,Swietego Mikolaja 95/85,59012833623,2021-07-10,payment,2023-09-21
Apolonia,Wojczuk,+48 353 789 543,Warsaw,Bialostocka 46/16,53081159455,2020-05-01,payment,2020-11-23
Ernest,Kielan,+48 418 267 787,Poznan,Dabrowa 4/9,60080370424,2021-06-15,payment,2024-11-25
Marcelina,Pielach,+48 271 952 549,Krakow,Wielopole 24/59,57120831302,2022-02-20,contract signing,2023-06-08
Natan,Janasik,+48 486 169 790,Warsaw,Jagiellonska 23/88,50121867451,2021-03-15,payment,2022-06-23
Inga,Jakóbiak,+48 426 267 771,Poznan,Poludniowa 91/57,48101291426,2021-09-17,payment,2024-07-28
Urszula,Górnisiewicz,+48 963 997 749,Krakow,Rzeszowska 11/88,66040737234,2024-10-06,payment,2020-05-08
Angelika,Liss,+48 102 951 207,Warsaw,Chmielna 76/14,97081443109,2023-06-16,contract signing,2024-01-21
Anna Maria,Golon,+48 460 790 301,Poznan,Grunwaldzka 61/8,67110830293,2023-09-21,payment,2023-06-03
Andrzej,Hawro,+48 307 757 309,Gdansk,Nowe Wrota 34/38,94062039827,2024-12-27,payment,2024-07-15
Urszula,Satora,+48 492 596 882,Krakow,Grodzka 100/2,77072514085,2020-04-27,payment,2022-03-01
Tadeusz,Mrózek,+48 905 567 309,Poznan,Kraszewskiego 69/60,93052633535,2021-06-16,payment,2021-11-02
Cyprian,Bender,+48 205 469 129,Warsaw,Rakowiecka 61/66,51071981044,2022-12-02,payment,2023-03-31
Marianna,Łuc,+48 600 435 495,Warsaw,Targowa 81/15,46061131574,2020-09-16,payment,2021-09-03
Sara,Doliwa,+48 274 787 792,Krakow,Jana Pawla II 57/20,03091902622,2024-11-22,payment,2020-03-25
Ada,Kawula,+48 654 781 739,Gdansk,Nowe Wrota 58/80,63060205505,2021-08-28,payment,2021-07-15
Kornel,Kupś,+48 209 630 393,Gdansk,Rynkowska 31/62,82030554027,2023-11-23,payment,2023-12-21
Anastazja,Kupaj,+48 855 691 752,Wroclaw,Miejska 31/61,92040866689,2020-05-13,payment,2023-04-12
Marika,Wołczyk,+48 184 866 211,Gdansk,Aleja Jana Pawla II 22/50,96101667484,2021-03-20,payment,2020-07-30
Bianka,Fidler,+48 287 780 760,Krakow,Wiosny Ludow 26/95,89071534009,2022-06-22,payment,2020-02-18
Kornelia,Satora,+48 122 461 463,Wroclaw,Legnicka 20/3,88122370829,2022-07-08,payment,2021-09-27
Kacper,Białka,+48 498 135 728,Krakow,Plac Nowy 66/30,56090583756,2021-09-30,payment,2020-01-08
Krystyna,Gruza,+48 549 611 932,Wroclaw,Zaodrze 39/57,86072115806,2022-05-30,payment,2023-03-11
Kamila,Szywała,+48 680 743 433,Krakow,Lipowa 74/87,06110486042,2022-10-07,payment,2024-04-15
Justyna,Steinke,+48 418 646 215,Warsaw,Chmielna 94/40,78070462424,2024-07-12,payment,2024-06-20
Ewelina,Piegza,+48 543 915 177,Poznan,Laskotelna 24/17,57032771389,2022-10-07,payment,2022-03-04
Anita,Zięcik,+48 670 674 546,Wroclaw,Obornicka 9/3,90031039711,2024-02-02,payment,2020-05-30
Juliusz,Gronostaj,+48 233 236 685,Wroclaw,Legnicka 22/4,74030714925,2020-10-27,payment,2021-10-06
Urszula,Sondej,+48 179 637 838,Krakow,Szeroka 53/34,46090468070,2022-01-13,payment,2020-02-23
Dominik,Cygal,+48 679 712 112,Gdansk,Swietego Ducha 55/27,77050289974,2021-08-13,payment,2020-08-07
Olaf,Gapys,+48 772 643 726,Gdansk,Bociania 12/9,73122839872,2024-07-23,payment,2021-10-15
Janina,Mytnik,+48 828 797 859,Krakow,Wielopole 25/29,82080417774,2024-04-16,payment,2022-06-04
Sara,Merda,+48 919 860 248,Gdansk,Polski Czerwony Krzyz 34/47,01080240810,2024-04-12,payment,2022-09-16
Leonard,Wałek,+48 756 402 966,Gdansk,Abrahama 65/51,97041868685,2024-06-08,payment,2020-12-13
Roksana,Kowalak,+48 645 353 716,Gdansk,Alei Grunwaldzka 75/69,49081765596,2022-09-14,payment,2024-02-17
Ksawery,Grochowina,+48 640 134 922,Wroclaw,Hutnicza 60/7,52110778711,2023-06-29,payment,2024-09-11
Leon,Cięciwa,+48 608 488 929,Wroclaw,Swietego Mikolaja 17/93,42080406415,2021-11-16,payment,2022-02-20
Gustaw,Wlizło,+48 132 364 156,Warsaw,Stalowa 94/39,91061883167,2022-04-04,payment,2021-07-15
Konstanty,Rej,+48 115 865 229,Gdansk,Podwale Staromiejskie 78/97,46080475604,2021-10-03,payment,2022-07-25
Melania,Pronobis,+48 759 470 291,Warsaw,Woronicza 81/22,73072027170,2024-04-14,payment,2024-02-14
Fryderyk,Siekierka,+48 803 110 835,Krakow,Pilsudskiego 52/23,81120392820,2020-09-08,payment,2023-11-06
Gaja,Kopczyk,+48 796 951 977,Wroclaw,Swidnicka 19/68,83120652762,2022-01-25,payment,2022-10-26
Kazimierz,Martyka,+48 366 410 285,Warsaw,Targowa 44/42,70011883785,2021-08-27,payment,2021-02-09
Inga,Kołton,+48 771 460 836,Wroclaw,Aleja 1 Maja 39/94,55062342634,2023-12-07,payment,2024-02-20
Norbert,Łyjak,+48 266 719 216,Poznan,Wlasnosciowa 16/35,96030130019,2021-06-05,payment,2020-12-13
Aurelia,Anioła,+48 704 652 201,Poznan,Staroleka 6/39,71080224088,2022-08-25,payment,2020-02-26
Dorota,Macheta,+48 208 643 167,Gdansk,Podwale Staromiejskie 82/41,90050758909,2021-06-14,payment,2024-08-14
Alan,Trybuś,+48 561 326 686,Warsaw,Nowy Swiat 96/16,47031622205,2024-03-31,payment,2022-03-25
Apolonia,Dzika,+48 129 412 608,Wroclaw,Czarnowiejska 32/53,55021291447,2024-02-20,payment,2021-07-11
Marcin,Horbacz,+48 185 422 564,Krakow,Mysliwska 86/28,76050464321,2022-03-26,payment,2022-10-31
Iwo,Anioła,+48 211 361 919,Wroclaw,Ziebicka 66/32,96022128868,2023-10-08,payment,2020-10-05
Błażej,Kozaczuk,+48 739 217 406,Krakow,Jozefa 58/16,85101125953,2022-08-09,payment,2022-01-30
Kornel,Thiel,+48 244 310 187,Poznan,Wiosna 17/44,70051654732,2020-06-13,payment,2021-12-13
Anna Maria,Sroga,+48 966 637 504,Wroclaw,Miejska 68/99,01110256488,2022-07-22,contract signing,2024-03-08
Maks,Szymaniuk,+48 386 658 185,Warsaw,Pulawska 19/6,64030468023,2023-05-11,payment,2020-05-20
Sandra,Jarosiewicz,+48 242 889 241,Poznan,Strzeszynska 31/81,67111151993,2022-05-02,payment,2024-08-24
Anita,Langier,+48 269 872 934,Warsaw,Wilenska 98/38,48020810270,2023-05-27,payment,2021-05-05
Ada,Skowyra,+48 780 697 368,Wroclaw,Katedralna 28/18,87091892349,2024-09-04,payment,2020-01-29
Sylwia,Potyrała,+48 160 919 170,Gdansk,Piastowska 86/14,52082356175,2020-02-27,payment,2024-12-11
Mateusz,Kurczak,+48 993 445 621,Wroclaw,Olawka 74/19,74092735308,2022-01-22,payment,2020-07-06
Krystyna,Dąbal,+48 800 460 843,Poznan,Laskocze 71/90,57051439769,2022-11-19,payment,2021-09-15
Karina,Mazek,+48 605 701 453,Gdansk,Alei Grunwaldzka 99/90,87060382165,2020-07-18,contract signing,2022-11-28
Aniela,Podsiadła,+48 440 938 172,Poznan,Czajkowska 51/41,03121038538,2020-04-10,payment,2024-04-10
Kornel,Baster,+48 413 359 772,Wroclaw,Osobowicka 37/18,01100900768,2024-12-19,contract signing,2022-03-05
Dorota,Ziarek,+48 168 845 638,Warsaw,Lechitow 30/18,93090848502,2023-05-26,payment,2020-01-08
Piotr,Witan,+48 522 820 822,Poznan,Opolska 32/55,82090845725,2024-03-29,payment,2020-10-27
Gabriel,Łabno,+48 262 365 332,Gdansk,Gdanska 52/32,60111710696,2023-08-09,contract signing,2022-07-29
Tadeusz,Gawliczek,+48 747 339 660,Wroclaw,Katedralna 25/22,40101275268,2023-12-19,payment,2021-10-04
Sylwia,Ładziak,+48 715 990 363,Gdansk,Piastowska 21/95,42102748345,2023-12-26,payment,2021-05-03
Kamila,Pikula,+48 462 411 709,Wroclaw,Swietego Mikolaja 72/48,77060256195,2021-12-25,payment,2023-02-03
Dawid,Skrobot,+48 958 623 167,Gdansk,Gdanska 4/54,98110425536,2023-09-23,payment,2020-01-21
Antoni,Toborek,+48 107 423 236,Poznan,Staroleka 33/30,01010981860,2022-07-05,payment,2021-05-23
Dagmara,Gietka,+48 198 628 972,Gdansk,Karpacka 39/50,97112178008,2024-07-29,payment,2021-10-31
Mariusz,Łyp,+48 431 299 526,Warsaw,Sowinskiego 42/85,51061594294,2022-09-19,payment,2023-07-08
Marika,Bodych,+48 827 799 856,Krakow,Szeroka 99/41,93122063839,2023-05-16,payment,2022-05-25
Gustaw,Gul,+48 969 179 759,Krakow,Swietokrzyska 1/4,61102006077,2024-03-10,payment,2021-04-11
Krystian,Oszust,+48 629 688 532,Poznan,Tory 80/61,05101453034,2024-03-04,payment,2023-12-28
Kornelia,Boguś,+48 421 955 362,Gdansk,Trojmiasto 82/55,52010555692,2021-01-24,payment,2021-06-03
Daniel,Dumin,+48 559 599 155,Warsaw,Zabkowska 52/18,56111006396,2021-12-20,payment,2022-03-15
Tymoteusz,Gałach,+48 440 691 853,Wroclaw,Mokotowska 4/51,78080892798,2020-10-17,payment,2023-12-31
Malwina,Nabiałek,+48 747 946 317,Gdansk,Dluga 36/70,41061291574,2020-04-06,payment,2020-12-15
Karina,Kaluga,+48 384 375 684,Wroclaw,Swietego Mikolaja 81/9,80100130834,2023-01-21,payment,2023-03-06
Bartek,Toma,+48 788 140 145,Gdansk,Rynkowska 97/60,72041756444,2022-08-30,payment,2021-11-09
Dariusz,Sołoducha,+48 936 873 839,Warsaw,Powisle 58/93,67091286098,2023-02-27,payment,2021-09-04
Jacek,Józwik,+48 153 603 741,Warsaw,Batory 98/79,73060196529,2021-08-09,payment,2024-09-11
Klara,Ledzion,+48 748 311 797,Wroclaw,Mokotowska 82/66,03041507341,2021-10-03,payment,2022-12-03
Jakub,Tatarczuk,+48 831 313 967,Gdansk,Rynkowska 98/13,49021614399,2022-07-14,payment,2022-02-07
Michał,Rejek,+48 898 113 521,Wroclaw,Rynkowska 8/20,47040646597,2024-01-12,payment,2024-02-05
Julianna,Szlęk,+48 391 299 901,Wroclaw,Biskupin 89/93,02081983827,2024-01-09,payment,2020-10-18
Grzegorz,Kłoczko,+48 154 595 837,Warsaw,Chmielna 62/81,55021507409,2020-02-03,contract signing,2021-07-28
Hubert,Pielach,+48 544 444 272,Poznan,Gorzyslawa 69/53,03051527096,2021-06-13,payment,2021-09-15
Miłosz,Świadek,+48 799 631 291,Warsaw,Krasinskiego 92/94,43100170244,2024-02-21,contract signing,2023-08-06
Marek,Niedośpiał,+48 673 165 779,Wroclaw,Olawska 83/67,51052173211,2024-04-06,payment,2023-11-30
Sandra,Kaluga,+48 822 283 316,Gdansk,Al. Grunwaldzka 7/24,86111233577,2021-08-15,payment,2022-06-30
Ernest,Jasica,+48 443 186 347,Poznan,Poludniowa 91/8,00082841913,2020-10-10,payment,2022-12-18
Elżbieta,Walencik,+48 645 482 104,Warsaw,Limanowskiego 34/56,75082678241,2023-11-17,contract signing,2021-10-26
Nicole,Szałas,+48 670 864 492,Warsaw,Narbutta 97/84,53122862562,2020-10-30,payment,2022-05-06
Dawid,Franiak,+48 712 935 737,Gdansk,Swietego Ducha 73/97,76120925356,2024-07-07,payment,2021-11-29
Bruno,Kucz,+48 808 392 120,Warsaw,Bialostocka 35/42,72110156825,2023-09-18,payment,2020-02-07
Lidia,Wisła,+48 479 648 580,Wroclaw,Hutnicza 66/46,76030160218,2022-05-10,payment,2022-03-19
Nikodem,Dmoch,+48 332 546 806,Warsaw,Chmielna 32/11,54121233812,2021-10-22,payment,2022-06-07
Mieszko,Drobniak,+48 360 511 321,Warsaw,Stalowa 75/55,55081681653,2022-11-19,payment,2022-09-05
Sonia,Klos,+48 761 608 758,Wroclaw,Mokotowska 92/51,70031369188,2023-02-27,contract signing,2023-08-30
Tola,Jurczuk,+48 850 891 253,Krakow,Dluga 21/8,69040496040,2020-03-19,payment,2022-03-23
Kornelia,Kunert,+48 885 393 813,Krakow,Pieciomorgowa 73/16,57110745585,2023-04-03,payment,2021-04-17
Urszula,Siebert,+48 703 668 882,Warsaw,Targowa 89/37,54070207261,2021-10-25,payment,2024-12-13
Apolonia,Wawryniuk,+48 133 216 337,Krakow,Szeroka 68/86,97052374566,2024-06-28,payment,2022-05-26
Róża,Sito,+48 999 960 499,Gdansk,Gdanska 21/15,80051356565,2024-10-02,payment,2021-03-06
Stefan,Herbut,+48 736 147 145,Wroclaw,Mokotowska 27/97,69082831771,2020-12-05,payment,2022-05-20
Adam,Banyś,+48 451 468 553,Krakow,Lobzow 13/74,43060443792,2023-08-22,payment,2022-11-22
Eliza,Miszkiewicz,+48 417 565 801,Poznan,Staroleka 71/30,03090791250,2024-08-07,payment,2021-07-08
Artur,Rajda,+48 689 840 530,Warsaw,Lechitow 88/72,64092255782,2024-06-16,payment,2020-03-03
Marcin,Szramka,+48 385 757 934,Gdansk,Piastowska 64/32,58082670031,2022-01-09,payment,2024-04-15
Natasza,Owsiak,+48 705 283 246,Wroclaw,Olawska 22/73,46080978343,2023-06-30,payment,2021-09-30
Sandra,Rzeszut,+48 910 996 429,Warsaw,Pulawska 60/100,66081745504,2024-04-24,contract signing,2021-08-07
Kamila,Łabno,+48 278 708 796,Wroclaw,Osobowicka 60/24,61071320653,2023-01-04,payment,2023-07-02
Kamila,Łukowiak,+48 520 565 588,Krakow,Jozefa 36/44,86082529321,2022-02-06,payment,2020-09-12
Kornel,Roch,+48 919 671 759,Krakow,Pilsudskiego 72/72,68011629793,2021-12-15,payment,2021-08-20
Nikodem,Januchta,+48 279 554 587,Wroclaw,Mickiewicza 99/8,55021175103,2024-07-24,payment,2020-07-08
Ewelina,Kołtuniak,+48 213 991 693,Poznan,Garbary 84/83,68040522137,2021-04-17,payment,2021-05-03
Kornelia,Kominiak,+48 304 779 175,Wroclaw,Katedralna 13/94,57082126900,2023-10-07,payment,2022-09-15
Łukasz,Leonowicz,+48 106 211 673,Wroclaw,Wroclawska 61/49,67102594116,2023-02-16,payment,2023-08-23
Emil,Borczyk,+48 146 741 462,Krakow,Jana Pawla II 10/6,79111057902,2023-01-31,payment,2024-10-03
Krzysztof,Kott,+48 785 939 907,Poznan,Garbary 12/99,95100285651,2022-10-19,payment,2022-12-07
Wiktor,Żurawik,+48 445 952 703,Wroclaw,Ziebicka 15/10,83112585733,2022-12-24,payment,2024-03-05
Natan,Kochanowicz,+48 340 909 601,Poznan,Czajkowska 19/61,03062248375,2022-01-17,payment,2020-07-08
Andrzej,Pleskot,+48 768 386 399,Gdansk,Rynkowska 76/30,50022314584,2020-03-14,payment,2024-12-18
Julita,Krokosz,+48 727 805 526,Krakow,Kasprowicza 96/50,72121823327,2022-01-15,payment,2020-03-02
Kalina,Długozima,+48 344 846 695,Poznan,Gorzyslawa 64/45,75091000068,2023-02-09,contract signing,2022-06-12
Angelika,Patrzałek,+48 691 582 659,Krakow,Pilsudskiego 33/15,63011893391,2022-03-28,payment,2021-07-23
Damian,Stanisławek,+48 722 578 494,Wroclaw,Olawka 60/42,93110660143,2021-12-29,payment,2020-08-04
Dariusz,Wawrzynek,+48 488 989 213,Poznan,Wlasnosciowa 13/1,51112694458,2024-11-18,payment,2022-08-04
Mateusz,Skup,+48 229 881 326,Wroclaw,Zaodrze 90/75,83061066934,2024-06-05,contract signing,2021-10-17
Alan,Ciaś,+48 596 939 700,Krakow,Krolowej Jadwigi 98/97,55051251417,2020-01-07,contract signing,2021-02-03
Andrzej,Polaszek,+48 536 530 478,Gdansk,Podgorna 3/50,44051284666,2020-12-10,payment,2020-11-28
Damian,Heller,+48 982 869 344,Warsaw,Powisle 57/29,02101319306,2021-12-10,payment,2021-08-13
Jędrzej,Paluszak,+48 209 908 545,Warsaw,Sowinskiego 34/52,96120743729,2020-10-06,payment,2022-09-14
Krzysztof,Grabara,+48 623 605 236,Krakow,Wielopole 86/75,95071155177,2020-02-13,payment,2021-07-21
Artur,Brzeźniak,+48 164 589 904,Warsaw,Marszalkowska 63/35,47082799327,2022-01-21,payment,2022-10-24
Rozalia,Truchel,+48 991 896 135,Wroclaw,Rynkowska 64/74,61060402632,2023-01-18,payment,2020-06-18
Kazimierz,Lula,+48 383 177 999,Wroclaw,Olawska 17/76,06030479447,2022-05-11,payment,2021-12-26
Malwina,Januszewicz,+48 642 283 155,Krakow,Szeroka 73/49,43050972817,2020-09-10,payment,2020-09-02
Julita,Grzenia,+48 644 613 313,Poznan,Poludniowa 100/50,04030531587,2023-01-16,payment,2022-05-24
Paweł,Miodek,+48 472 723 129,Poznan,Laskowicka 50/39,99101127112,2022-10-07,payment,2020-09-06
Inga,Zys,+48 311 801 177,Gdansk,Gdanska 50/38,68012847592,2024-02-18,payment,2020-11-10
Dorota,Zaborek,+48 260 567 857,Wroclaw,Mokotowska 22/85,92082320558,2024-10-30,contract signing,2020-02-27
Aleks,Olbrych,+48 478 250 683,Krakow,Kasprowicza 57/13,54092320243,2024-02-26,payment,2022-07-01
Olaf,Fydrych,+48 674 862 969,Poznan,Laskotelna 42/41,46082563338,2020-04-09,payment,2024-01-26
Monika,Sapeta,+48 466 644 469,Wroclaw,Ziebicka 97/34,78081581778,2021-04-11,contract signing,2023-07-09
Nela,Bochnia,+48 222 419 446,Warsaw,Woronicza 100/30,63011306545,2024-06-06,payment,2022-04-01
Michał,Kozubal,+48 561 227 406,Krakow,Podgorki 48/7,06062767987,2021-06-03,payment,2022-06-04
Krystyna,Mikołajewicz,+48 104 223 325,Poznan,Wlasnosciowa 9/27,85082741241,2020-02-24,payment,2023-01-20
Monika,Hawrylak,+48 304 755 269,Wroclaw,Sudecka 84/52,73112657178,2024-05-14,payment,2021-03-29
Antoni,Siejak,+48 533 310 750,Wroclaw,Swidnicka 15/66,86072660979,2020-01-28,payment,2022-07-13
Bianka,Cader,+48 886 991 698,Poznan,Laskotelna 85/9,75091880587,2021-11-26,payment,2021-04-30
Adrian,Zaranek,+48 190 844 443,Warsaw,Lechitow 86/81,06110567969,2023-10-22,payment,2023-11-27
Hubert,Zajko,+48 907 834 902,Gdansk,Swinoujscie 8/33,91032194656,2023-09-19,payment,2023-03-15
Nela,Kolarczyk,+48 405 339 155,Gdansk,Morska 54/51,98072315896,2023-04-26,payment,2023-06-20
Eliza,Palus,+48 171 742 716,Krakow,Dluga 54/4,44020873204,2023-01-17,payment,2023-11-22
Ewelina,Stefankiewicz,+48 547 280 464,Gdansk,Podwale Staromiejskie 77/74,50100454593,2021-12-26,payment,2023-03-30
Aniela,Świerad,+48 866 963 601,Wroclaw,Hutnicza 3/71,71092587607,2024-06-15,payment,2021-12-10
Aniela,Węgier,+48 794 409 194,Gdansk,Dlugi Targ 13/65,94052653965,2024-02-17,payment,2022-06-24
Dawid,Mazanek,+48 205 185 392,Warsaw,Bialostocka 81/71,61111238531,2021-07-26,payment,2023-04-24
Sandra,Lemieszek,+48 953 382 684,Warsaw,Powisle 76/89,81112417894,2022-11-22,contract signing,2020-04-12
Róża,Prochownik,+48 479 594 279,Krakow,Wielopole 2/9,89012550837,2021-08-15,payment,2023-08-06
Apolonia,Maciuk,+48 298 555 708,Gdansk,Dlugi Targ 69/97,77052435472,2023-03-14,payment,2021-04-03
Dawid,Lelito,+48 272 735 497,Krakow,Podgorki 42/11,64061323953,2024-08-01,payment,2024-10-08
Kazimierz,Komisarczyk,+48 528 361 271,Poznan,Gorzyslawa 85/7,95012158746,2020-01-02,payment,2020-05-04
Dorota,Ankiewicz,+48 751 407 278,Gdansk,Podwale Staromiejskie 19/8,74030336420,2021-12-11,payment,2021-02-01
Karina,Gumuła,+48 979 621 939,Poznan,Polwiejska 35/65,40041048955,2020-06-06,payment,2024-06-29
Andrzej,Rduch,+48 793 993 428,Krakow,Centralna 97/46,86022566294,2021-07-07,payment,2020-09-26
Olga,Górkiewicz,+48 424 855 339,Krakow,Pieciomorgowa 36/94,04060716064,2022-02-23,payment,2021-08-10
Marcel,Kaletka,+48 227 954 160,Poznan,Kraszewskiego 16/37,80091508645,2024-11-08,payment,2021-05-26
Ignacy,Kawala,+48 138 811 712,Krakow,Podgorki 22/25,65011837735,2024-09-30,payment,2020-09-30
Roksana,Achtelik,+48 457 965 697,Gdansk,Piastowska 50/59,45030493750,2020-01-24,payment,2024-05-12
Nela,Frukacz,+48 794 972 645,Warsaw,Krasinskiego 72/41,50042295119,2022-11-08,payment,2024-01-28
Natan,Ficner,+48 404 144 487,Gdansk,Gdanska 23/24,02120165177,2021-09-22,payment,2023-09-03
Marcelina,Siwczak,+48 414 939 253,Poznan,Polwiejska 53/68,75062122441,2023-04-11,payment,2020-09-19
Anita,Marcińczyk,+48 732 256 459,Warsaw,Targowa 29/60,57070707823,2021-05-26,contract signing,2022-10-31
Kaja,Żymełka,+48 574 175 279,Poznan,Grunwaldzka 71/12,52052063416,2024-03-27,payment,2021-05-02
Olga,Sałuda,+48 736 347 717,Krakow,Centralna 20/66,88100674510,2020-06-20,payment,2024-10-15
Eliza,Tomal,+48 905 277 429,Wroclaw,Sudecka 80/58,03060275748,2022-12-08,contract signing,2023-11-17
Klara,Hanc,+48 226 157 515,Warsaw,Woronicza 22/27,80012292653,2020-02-18,contract signing,2020-07-20
Nikodem,Skubis,+48 865 453 908,Poznan,Zernickie 30/9,53080876120,2021-02-11,payment,2024-10-16
Mikołaj,Styrna,+48 362 616 693,Warsaw,Chmielna 24/7,67071792854,2024-05-10,payment,2022-08-31
Karina,Ciechowicz,+48 454 128 824,Gdansk,Alei Grunwaldzka 56/90,58110514236,2024-11-17,contract signing,2020-10-09
Kajetan,Bartoszczyk,+48 446 982 108,Poznan,Opolska 7/85,75021608764,2024-11-05,payment,2022-10-08
Tymoteusz,Zuziak,+48 522 299 326,Gdansk,Al. Grunwaldzka 55/13,71071162966,2022-07-31,contract signing,2022-04-16
Sonia,Słomiany,+48 137 507 962,Poznan,Mikolajewska 61/31,68021047772,2023-02-08,payment,2021-05-26
Julianna,Palica,+48 313 132 520,Warsaw,Mlynarska 54/84,53101218539,2023-12-16,payment,2022-07-14
Fabian,Sereda,+48 886 725 692,Wroclaw,Hutnicza 25/32,85122869072,2020-05-12,payment,2023-10-11
Sonia,Dej,+48 529 714 472,Warsaw,Targowa 47/59,95030182255,2023-01-26,payment,2020-10-09
Marcelina,Kubasiewicz,+48 915 593 361,Poznan,Wiosna 36/37,05052577711,2021-07-13,payment,2023-08-06
Jerzy,Szałata,+48 268 869 458,Gdansk,Abrahama 82/25,47010789398,2024-10-10,payment,2021-06-21
Marek,Klekot,+48 779 494 218,Poznan,Wlasnosciowa 34/95,82040434964,2023-09-21,contract signing,2024-07-25
Kornel,Zębik,+48 620 865 192,Warsaw,Nowy Swiat 17/44,04092768680,2024-02-05,payment,2024-09-18
Anna Maria,Pikula,+48 206 925 220,Poznan,Polwiejska 65/89,89030889014,2024-07-03,payment,2022-01-08
Hubert,Podsiedlik,+48 303 193 688,Krakow,Aleja Roz 34/76,99042863003,2021-07-06,payment,2020-11-29
Mieszko,Szara,+48 187 985 148,Poznan,Mikolajewska 39/14,44022454094,2024-04-22,contract signing,2020-02-01
Grzegorz,Ochab,+48 744 471 454,Poznan,Mikolajewska 51/7,69091200696,2024-06-02,payment,2023-11-14
Tymon,Dorobek,+48 118 245 734,Warsaw,Pulawska 39/83,78021125435,2022-01-22,payment,2022-09-24
Sara,Falba,+48 927 851 893,Krakow,Lobzow 67/49,95080624846,2022-11-22,payment,2023-12-02
Adrian,Nalewajko,+48 836 116 811,Wroclaw,Olawka 32/71,57110833686,2022-01-27,contract signing,2022-02-14
Michał,Kansy,+48 531 911 125,Warsaw,Batory 35/32,06040280462,2020-07-28,payment,2024-03-16
Oskar,Burczak,+48 607 423 776,Gdansk,Abrahama 77/56,45010396358,2024-03-30,payment,2021-02-09
Jakub,Jamroży,+48 399 661 610,Krakow,Aleja Roz 34/26,05051047008,2022-12-07,payment,2021-08-28
Bruno,Mszyca,+48 807 349 667,Warsaw,Woronicza 40/88,81042318379,2022-03-12,payment,2023-02-14
Daniel,Przybyś,+48 100 996 347,Krakow,Plac Nowy 76/8,60081564114,2020-07-07,payment,2022-08-24
Marianna,Szymańczak,+48 932 466 160,Poznan,Przybyszowska 24/40,64100757020,2024-06-17,payment,2022-02-26
Ernest,Piesik,+48 918 409 305,Warsaw,Wilenska 59/20,70060354771,2022-01-23,payment,2022-12-18
Gaja,Żelazo,+48 744 518 676,Wroclaw,Miejska 31/16,94092142779,2024-10-11,payment,2021-02-12
Kamila,Smykała,+48 115 560 960,Warsaw,Marszalkowska 22/3,67070944887,2022-02-06,payment,2022-07-21
Iwo,Golus,+48 135 615 417,Warsaw,Klopot 86/18,62040881492,2021-09-10,payment,2021-11-25
Blanka,Pytlarz,+48 618 526 820,Gdansk,Morska 17/36,99011333748,2021-08-15,payment,2020-03-08
Malwina,Franc,+48 180 632 811,Gdansk,Polski Czerwony Krzyz 7/59,66062111711,2021-04-02,payment,2020-05-02
Inga,Duniec,+48 735 695 230,Poznan,Gorzyslawa 12/48,77041081598,2022-04-09,payment,2024-04-07
Angelika,Łepek,+48 585 365 606,Wroclaw,Miejska 58/66,61011081914,2024-01-12,payment,2021-02-25
Marcelina,Kolanek,+48 414 166 360,Wroclaw,Rynkowska 72/11,71040466143,2021-12-08,contract signing,2020-04-14
Klara,Szlęk,+48 843 136 580,Poznan,Poludniowa 89/46,68061525889,2021-02-24,payment,2024-07-28
Mateusz,Wąsek,+48 901 133 275,Warsaw,Krasinskiego 96/98,96042669110,2022-05-29,contract signing,2022-05-19
Andrzej,Błasik,+48 451 109 464,Krakow,Karmelicka 45/23,52020766318,2022-09-13,payment,2024-02-12
Karina,Grębowiec,+48 488 468 874,Krakow,Grodzka 52/37,84072586635,2022-04-04,payment,2022-03-22
Maksymilian,Witan,+48 782 543 371,Gdansk,Bociania 7/25,66032587508,2021-11-22,payment,2020-07-22
Kacper,Drop,+48 630 449 916,Wroclaw,Olawka 80/84,03012447496,2021-07-03,payment,2021-05-27
Inga,Koćwin,+48 596 890 223,Krakow,Podgorki 5/96,43010578286,2020-03-28,payment,2022-04-21
Aurelia,Witkowicz,+48 547 570 525,Poznan,Laskocze 19/99,01010483898,2024-08-12,payment,2021-11-15
Tobiasz,Sieczko,+48 408 545 742,Poznan,Kroniki 12/70,81092841555,2023-03-03,payment,2021-12-02
Angelika,Witko,+48 939 697 950,Wroclaw,Mickiewicza 18/66,45052479354,2020-07-28,payment,2022-07-18
Nikodem,Strzała,+48 332 741 395,Gdansk,Abrahama 21/72,58111072342,2022-02-10,payment,2021-06-05
Radosław,Galuba,+48 202 195 453,Poznan,Laskowicka 52/25,03012419086,2023-03-23,payment,2022-07-10
Sylwia,Wawrzonek,+48 384 817 569,Krakow,Podgorki 42/74,46100522196,2021-08-30,payment,2021-08-31
Róża,Rogula,+48 268 507 903,Poznan,Strzeszynska 22/62,57010839764,2020-10-05,payment,2022-08-13
Wiktor,Wocial,+48 470 184 540,Poznan,Opolska 8/92,64092702253,2020-08-26,payment,2024-04-08
Marcel,Bender,+48 173 873 109,Krakow,Aleja Roz 4/93,89062156762,2020-03-23,payment,2021-07-19
Olga,Hajdasz,+48 204 191 991,Wroclaw,Biskupin 70/3,65090721950,2024-01-11,payment,2020-09-21
Oliwier,Welc,+48 818 641 930,Poznan,Blazenkowska 95/93,47012157775,2024-10-16,payment,2021-01-07
Anita,Siembab,+48 367 900 934,Poznan,Garbary 22/39,64051598617,2020-07-17,contract signing,2020-07-03
Marcel,Czapiga,+48 399 161 966,Poznan,Polwiejska 29/10,84091935296,2020-07-23,payment,2020-01-02
Emil,Mitek,+48 954 450 562,Warsaw,Stalowa 33/100,43071957763,2024-10-15,payment,2021-08-06
Olga,Wochna,+48 924 402 217,Warsaw,Limanowskiego 28/45,94052642299,2020-02-07,contract signing,2020-05-09
Borys,Liśkiewicz,+48 865 783 975,Poznan,Czajkowska 43/63,73092548495,2020-07-15,payment,2024-12-11
Norbert,Kotala,+48 922 831 760,Gdansk,Swinoujscie 52/77,57050988639,2024-03-22,payment,2020-06-17
Alex,Zioła,+48 880 633 418,Warsaw,Sowinskiego 74/43,66071458683,2024-05-14,payment,2023-10-20
Ewelina,Czosnyka,+48 620 348 756,Krakow,Chorazowka 20/12,01091334313,2022-04-15,contract signing,2024-01-05
Szymon,Bortkiewicz,+48 479 312 427,Warsaw,Bialostocka 58/70,91020659662,2022-10-06,contract signing,2023-01-28
Malwina,Grygorowicz,+48 523 202 617,Warsaw,Klopot 55/16,78010472957,2020-12-19,payment,2024-03-10
Michał,Pietrak,+48 449 710 207,Warsaw,Lechitow 19/8,02081630118,2023-11-27,payment,2021-02-24
Angelika,Cheba,+48 453 965 566,Gdansk,Morska 23/4,69020751431,2021-06-11,contract signing,2021-05-26
Antoni,Saj,+48 596 216 492,Gdansk,Bociania 66/78,66120669949,2023-09-29,payment,2023-09-05
Gaja,Czubaj,+48 276 731 119,Wroclaw,Olawka 96/27,50082234169,2022-02-28,payment,2023-09-01
Olgierd,Kiepura,+48 431 213 991,Poznan,Mikolajewska 55/29,87060215894,2021-10-02,payment,2021-05-24
Marianna,Doktór,+48 271 119 449,Poznan,Mikolajewska 26/5,54061077839,2021-06-07,payment,2024-03-26
Karol,Kiliszek,+48 724 583 552,Wroclaw,Biskupin 21/1,99101492409,2020-11-03,contract signing,2021-01-10
Igor,Stasica,+48 116 237 582,Poznan,Staroleka 58/86,49041795997,2020-12-16,payment,2023-01-27
Julianna,Jędruch,+48 614 996 869,Poznan,Opolska 99/15,92060971891,2023-12-13,payment,2021-11-19
Igor,Kubaczyk,+48 816 352 723,Gdansk,Polski Czerwony Krzyz 54/21,96011206096,2020-04-30,payment,2021-10-02
Albert,Penkala,+48 692 953 536,Krakow,Wandy 95/28,54100806190,2020-12-31,payment,2020-07-03
Apolonia,Ferdyn,+48 720 267 705,Wroclaw,Obornicka 95/58,43050268927,2020-06-18,payment,2020-01-09
Emil,Łyskawa,+48 595 522 239,Warsaw,Pulawska 41/36,54062630855,2021-08-26,contract signing,2020-02-16
Janina,Żołądź,+48 433 828 614,Gdansk,Aleja Jana Pawla II 4/44,58082231728,2020-10-19,payment,2021-08-27
Stefan,Ziółko,+48 349 752 466,Warsaw,Stalowa 1/94,90051825774,2023-03-16,payment,2022-09-02
Julianna,Gronostaj,+48 255 836 536,Poznan,Tory 85/47,43122183196,2023-07-19,payment,2023-07-02
Kaja,Jędrak,+48 372 947 223,Gdansk,Al. Grunwaldzka 52/56,75061370012,2020-04-26,payment,2023-07-03
Bruno,Żołądź,+48 858 952 503,Gdansk,Gdanska 18/67,47051340750,2024-02-15,payment,2024-07-28
Kamil,Margas,+48 448 241 348,Poznan,Wlasnosciowa 18/75,46042351335,2021-11-21,payment,2023-01-02
Maciej,Lew,+48 439 229 790,Gdansk,Karpacka 43/68,75072447383,2023-07-16,contract signing,2022-06-03
Eryk,Gorzelańczyk,+48 274 529 809,Warsaw,Batory 52/97,99110653251,2022-05-04,payment,2021-02-18
Ida,Matacz,+48 634 933 279,Wroclaw,Olawska 55/65,76020478035,2023-10-07,payment,2022-04-01
Bartek,Lesiewicz,+48 976 860 711,Krakow,Wielopole 68/67,48012588282,2020-03-07,payment,2021-05-25
Urszula,Sochaj,+48 538 863 190,Wroclaw,Ziebicka 90/41,81031469358,2022-04-08,payment,2020-08-05
Marcelina,Walo,+48 365 686 464,Poznan,Staroleka 2/100,94070982692,2021-08-18,payment,2021-10-27
Kaja,Szlufik,+48 268 979 653,Krakow,Podgorki 40/78,41102271123,2023-03-26,payment,2021-02-13
Kornel,Fedak,+48 650 277 487,Poznan,Polwiejska 37/25,00040406473,2022-04-06,payment,2023-09-06
Kamil,Micał,+48 376 930 652,Poznan,Garbary 73/34,49032727880,2024-05-09,payment,2023-04-28
Wojciech,Widłak,+48 696 109 245,Gdansk,Al. Grunwaldzka 74/1,87101028304,2023-11-03,contract signing,2020-03-24
Monika,Gzyl,+48 805 306 223,Poznan,Przybyszowska 8/84,66082139854,2022-06-06,payment,2020-11-26
Nicole,Nieborak,+48 939 270 863,Krakow,Centralna 77/84,91071038322,2024-08-07,payment,2022-04-29
Cyprian,Litwińczuk,+48 568 785 664,Gdansk,Karpacka 83/60,51011545165,2022-03-20,payment,2022-04-19
Sylwia,Kempka,+48 454 799 262,Wroclaw,Swietego Mikolaja 15/80,41122127259,2020-08-17,payment,2021-08-11
Kajetan,Dziewit,+48 144 920 896,Wroclaw,Grabiszynska 97/26,89070657013,2022-12-02,payment,2023-09-18
Fryderyk,Zaniewicz,+48 572 672 126,Warsaw,Stalowa 62/77,82042641713,2023-07-12,payment,2023-05-23
Maksymilian,Micał,+48 824 703 162,Gdansk,Dluga 76/28,88040223043,2024-06-10,payment,2023-04-05
Lidia,Gosz,+48 202 509 674,Wroclaw,Piekarska 54/75,55052125650,2022-02-16,payment,2021-05-09
Olaf,Oleksak,+48 639 123 788,Krakow,Podgorki 95/22,59101626035,2020-03-11,payment,2023-09-01
Stanisław,Wilma,+48 870 493 140,Krakow,Wiosny Ludow 94/92,88122191105,2022-08-20,payment,2023-01-11
Błażej,Zubowicz,+48 224 339 994,Krakow,Lipowa 4/42,53062049384,2020-10-03,payment,2020-09-03
Nicole,Morek,+48 302 194 875,Warsaw,Sowinskiego 46/16,54120488688,2024-02-29,payment,2021-05-05
Angelika,Siedlaczek,+48 516 267 139,Gdansk,Swietego Ducha 78/38,72090977311,2020-12-12,payment,2022-12-16
Urszula,Kubowicz,+48 725 162 120,Krakow,Rzeszowska 81/70,93040403298,2022-06-25,payment,2020-01-23
Leonard,Oleksiuk,+48 637 429 524,Gdansk,Trojmiasto 75/69,48120540493,2022-10-07,payment,2024-11-09
Ewelina,Rut,+48 668 501 893,Warsaw,Chmielna 51/64,40100393680,2023-04-16,contract signing,2023-10-04
Oskar,Pudełek,+48 444 520 184,Wroclaw,Olawka 36/88,88021474804,2022-10-28,payment,2021-07-23
Natasza,Szczypek,+48 114 287 339,Gdansk,Targ Weglowy 39/78,93012263808,2020-06-12,payment,2023-09-01
Olga,Mirocha,+48 136 158 303,Warsaw,Lechitow 96/8,85021374806,2023-08-09,payment,2020-03-14
Ewa,Niemczuk,+48 671 439 509,Warsaw,Nowy Swiat 51/59,44030866892,2023-07-05,payment,2020-10-18
Kamil,Bandyk,+48 186 288 610,Wroclaw,Rynkowska 43/52,58050603018,2021-05-15,payment,2024-08-13
Krystyna,Minta,+48 549 641 199,Wroclaw,Aleja 1 Maja 59/47,88080332671,2020-03-22,payment,2020-12-04
Ignacy,Kawiak,+48 396 950 904,Wroclaw,Miejska 58/37,90051568853,2024-08-12,payment,2022-07-19
Maks,Buczko,+48 980 773 696,Krakow,Jana Pawla II 1/88,62072509137,2024-03-09,payment,2021-10-06
Lidia,Siedlarz,+48 168 621 824,Gdansk,Aleja Jana Pawla II 7/60,60010103593,2020-12-09,payment,2022-04-25
Gustaw,Grądziel,+48 180 712 152,Warsaw,Ludwika Rydygiera 17/71,88122629510,2021-09-28,payment,2023-08-03
Grzegorz,Hulbój,+48 263 372 330,Warsaw,Chmielna 7/17,44110489627,2022-10-23,payment,2023-04-18
Gabriel,Drabczyk,+48 192 605 848,Warsaw,Krakowskie Przedmiescie 72/33,74030591649,2020-06-01,payment,2024-03-21
Mieszko,Juszczuk,+48 642 479 167,Warsaw,Krakowskie Przedmiescie 66/78,77031785606,2022-04-16,payment,2020-08-30
Iwo,Bzymek,+48 853 120 236,Gdansk,Dluga 53/65,95090588033,2024-04-20,contract signing,2021-07-01
Tobiasz,Pawliczek,+48 828 591 854,Gdansk,Podgorna 50/26,76022761126,2020-07-28,contract signing,2021-01-16
Dariusz,Bobel,+48 228 578 196,Warsaw,Lechitow 25/67,57022545211,2023-03-15,payment,2021-06-24
Monika,Krüger,+48 567 771 633,Poznan,Poludniowa 96/52,52030818382,2024-07-09,payment,2022-09-15
Konrad,Gradek,+48 597 838 207,Warsaw,Klopot 59/70,66041921757,2020-12-27,payment,2021-12-08
Maurycy,Szmagaj,+48 903 342 478,Gdansk,Ostroda 56/78,50041298069,2023-12-28,payment,2024-06-25
Sandra,Jarmuż,+48 856 484 836,Krakow,Wandy 61/4,85121661118,2021-01-24,payment,2023-12-31
Sandra,Krzysztofek,+48 432 954 424,Poznan,Tory 94/71,46052674138,2020-09-01,payment,2023-02-23
Marcelina,Sadza,+48 921 646 850,Krakow,Krolowej Jadwigi 25/94,61040387649,2020-01-04,payment,2023-06-07
Marcel,Superson,+48 158 753 234,Krakow,Plac Nowy 84/15,70052143954,2022-09-03,payment,2023-10-28
Monika,Hirsch,+48 854 421 195,Krakow,Jozefa 5/79,79122632248,2020-09-09,payment,2020-05-17
Marcin,Staśko,+48 740 403 656,Wroclaw,Olawka 84/9,72012248161,2022-01-02,payment,2023-03-15
Emil,Ogłaza,+48 678 516 130,Warsaw,Chmielna 38/17,45052617860,2021-08-19,contract signing,2020-01-26
Dariusz,Wołkowicz,+48 478 938 127,Warsaw,Lechitow 28/58,80031787141,2022-01-28,contract signing,2024-01-10
Blanka,Świerad,+48 298 513 342,Gdansk,Dlugi Targ 80/62,54111766627,2024-01-19,payment,2022-12-11
Leon,Klisz,+48 404 158 471,Wroclaw,Trzmielowice 34/96,47060266696,2024-06-23,payment,2021-10-23
Cezary,Węgrzynek,+48 668 213 528,Gdansk,Swietego Ducha 6/15,40110317308,2020-06-30,payment,2024-05-20
Tobiasz,Broś,+48 624 243 608,Warsaw,Stalowa 89/28,87081782898,2021-11-20,payment,2020-12-14
Nela,Bystroń,+48 375 663 922,Wroclaw,Osobowicka 75/54,53110492021,2024-11-16,contract signing,2024-04-18
Jakub,Rabiej,+48 806 702 809,Gdansk,Alei Grunwaldzka 12/6,49121371372,2020-12-21,payment,2024-10-07
Maks,Jarema,+48 254 472 716,Poznan,Wiosna 88/71,42062783529,2021-06-15,payment,2023-08-22
Sylwia,Waloszczyk,+48 759 925 764,Warsaw,Zabkowska 27/52,61022497461,2020-07-18,payment,2024-08-16
Róża,Perlik,+48 444 987 894,Poznan,Poludniowa 25/72,00052299164,2021-05-21,payment,2023-02-02
Kornelia,Krzosek,+48 260 182 343,Wroclaw,Polan 30/83,57120444652,2024-04-16,payment,2021-10-28
Ada,Mueller,+48 901 914 546,Wroclaw,Grabiszynska 66/44,90010526146,2020-03-24,payment,2023-10-19
Dagmara,Wasil,+48 320 525 237,Wroclaw,Ziebicka 15/23,49020931707,2020-06-19,payment,2023-02-10
Olaf,Sporek,+48 576 620 149,Poznan,Kraszewskiego 10/6,72122649423,2024-12-02,payment,2021-08-07
Marika,Szram,+48 115 702 266,Gdansk,Podgorna 72/39,74011716429,2023-11-01,payment,2020-08-10
Patryk,Makurat,+48 214 769 362,Krakow,Jozefa 9/7,57042571447,2022-12-06,payment,2020-06-09
Roksana,Chylak,+48 787 315 554,Krakow,Dluga 73/20,45021674177,2023-12-29,payment,2021-11-05
Liwia,Ogonek,+48 221 475 791,Poznan,Polwiejska 66/1,61062558973,2023-08-09,payment,2021-08-17
Róża,Zagożdżon,+48 142 276 798,Wroclaw,Obornicka 19/4,58030270207,2023-08-10,payment,2022-10-07
Sebastian,Konrad,+48 340 901 334,Wroclaw,Obornicka 38/60,51011545165,2022-11-09,payment,2020-06-18
Mikołaj,Madzia,+48 289 659 993,Warsaw,Narbutta 53/8,85070671749,2024-02-16,payment,2023-08-11
Tola,Raczkiewicz,+48 918 787 719,Wroclaw,Biskupin 53/14,45090652603,2022-10-16,contract signing,2022-09-19
Sebastian,Cyrek,+48 540 571 914,Wroclaw,Biskupin 26/51,75062092209,2020-06-30,payment,2022-12-16
Igor,Klyta,+48 154 120 348,Krakow,Wiosny Ludow 17/25,98021530958,2023-06-21,payment,2024-04-26
Wojciech,Lesner,+48 460 352 739,Krakow,Krolowej Jadwigi 4/60,69062872390,2024-08-17,payment,2020-08-03
Róża,Piekacz,+48 699 627 541,Warsaw,Woronicza 27/86,94041033950,2023-06-01,payment,2023-10-23
Ada,Wlaźlak,+48 942 643 675,Warsaw,Swietokrzyska 25/44,62011400150,2024-08-21,payment,2021-05-23
Jan,Jas,+48 915 638 330,Krakow,Pieciomorgowa 84/66,84021922415,2023-09-13,contract signing,2020-05-17
Krystian,Lenda,+48 986 148 318,Gdansk,Swinoujscie 45/96,62110421632,2020-11-30,payment,2020-09-11
Mieszko,Patoka,+48 945 933 342,Warsaw,Nowy Swiat 11/43,63090478377,2023-02-14,contract signing,2020-06-26
Ignacy,Pochroń,+48 314 904 284,Poznan,Kroniki 3/85,60051296463,2020-04-08,payment,2023-12-22
Krzysztof,Kustosz,+48 504 185 725,Poznan,Dabrowa 14/52,66071826819,2023-03-12,payment,2020-10-16
Józef,Kryk,+48 524 865 382,Poznan,Staroleka 5/29,00102472316,2021-08-11,payment,2022-08-01
Artur,Tymczyszyn,+48 572 931 566,Poznan,Staroleka 36/24,71061850082,2020-07-17,payment,2020-10-23
Miłosz,Kolber,+48 811 812 850,Poznan,Kroniki 14/10,92022026335,2020-07-25,payment,2020-09-01
Tola,Przekop,+48 277 551 641,Warsaw,Zabkowska 57/28,98071318838,2021-05-02,contract signing,2023-06-18
Ada,Krata,+48 492 340 512,Krakow,Grodzka 5/81,85040224616,2021-06-05,payment,2022-09-30
Borys,Preuss,+48 988 887 366,Krakow,Pieciomorgowa 91/90,59122661101,2022-08-17,contract signing,2020-04-03
Anna Maria,Wiercigroch,+48 420 854 149,Warsaw,Limanowskiego 27/100,49020845554,2023-09-08,payment,2020-03-10
Błażej,Marosz,+48 146 420 975,Wroclaw,Sudecka 40/81,87070948414,2021-06-02,payment,2020-03-16
Dawid,Miśkowiec,+48 129 367 255,Gdansk,Gdanska 26/76,80082586027,2023-06-17,payment,2020-01-04
Apolonia,Augustynek,+48 137 151 912,Gdansk,Polski Czerwony Krzyz 41/23,58090729967,2022-01-04,payment,2024-01-01
Angelika,Kosz,+48 613 276 131,Poznan,Staroleka 17/9,05102219347,2023-09-13,payment,2024-08-14
Marcelina,Karpeta,+48 741 794 771,Wroclaw,Olawka 90/77,41070435309,2023-11-04,payment,2021-01-09
Urszula,Gumieniak,+48 968 391 197,Wroclaw,Olawka 44/56,81080783843,2020-04-18,payment,2021-09-14
Ada,Elias,+48 665 742 400,Poznan,Sienkiewicza 4/36,04012351660,2023-02-09,payment,2024-01-26
Kaja,Skowyra,+48 179 400 149,Gdansk,Dluga 7/85,43100170244,2021-11-29,payment,2024-04-03
Tymon,Lisik,+48 396 479 195,Warsaw,Krakowskie Przedmiescie 58/11,61072452445,2023-11-26,payment,2024-10-05
Anastazja,Walkusz,+48 933 440 403,Gdansk,Rynkowska 43/24,94051810613,2021-06-25,payment,2022-10-22
Aniela,Kurzyna,+48 657 650 861,Gdansk,Al. Grunwaldzka 79/61,03121606652,2024-12-28,payment,2021-11-20
Urszula,Świątkiewicz,+48 585 420 779,Wroclaw,Aleja 1 Maja 58/6,41061124258,2021-10-02,payment,2020-06-16
Kornel,Słyk,+48 972 562 830,Krakow,Krolowej Jadwigi 66/19,83061066934,2020-07-30,payment,2024-04-02
Tola,Wałdoch,+48 800 748 152,Poznan,Polwiejska 58/26,01042124099,2020-09-16,payment,2022-10-23
Przemysław,Zacharewicz,+48 393 234 111,Krakow,Mysliwska 46/82,81110315538,2020-06-14,payment,2022-06-27
Mikołaj,Dacko,+48 287 399 825,Poznan,Grunwaldzka 7/43,40122227631,2023-04-19,payment,2022-03-20
Aleks,Samul,+48 812 191 597,Wroclaw,Piekarska 60/85,68022835543,2021-11-06,payment,2023-09-24
Kaja,Miętus,+48 359 431 467,Warsaw,Stalowa 77/25,78100238935,2024-10-02,payment,2022-02-15
Fryderyk,Zdobylak,+48 633 916 756,Poznan,Wlasnosciowa 81/91,02101319306,2024-01-18,payment,2020-05-09
Marcel,Deluga,+48 142 543 452,Gdansk,Podgorna 16/63,56071205408,2020-09-19,contract signing,2021-06-01
Inga,Karyś,+48 867 779 883,Wroclaw,Mokotowska 98/77,77020774763,2022-06-23,payment,2023-06-22
Błażej,Kaletka,+48 484 995 809,Gdansk,Gdanska 77/20,97030944521,2024-07-12,payment,2023-03-23
Kazimierz,Pioch,+48 117 415 322,Krakow,Grodzka 20/25,59121817138,2021-03-25,payment,2021-01-19
Tadeusz,Skolik,+48 705 477 675,Poznan,Opolska 41/71,71112733447,2022-05-30,payment,2023-12-29
Miłosz,Dacko,+48 586 174 271,Wroclaw,Grabiszynska 96/49,79070962945,2022-03-17,payment,2022-05-28
Adrianna,Szlachcic,+48 645 717 794,Krakow,Rzeszowska 58/72,50011645493,2024-03-24,payment,2022-05-11
Cyprian,Kazimierczuk,+48 817 184 385,Krakow,Grodzka 3/77,53091966445,2024-07-14,payment,2024-03-12
Maks,Waraksa,+48 619 720 265,Wroclaw,Trzmielowice 10/99,80082447197,2023-05-12,contract signing,2021-11-07
Alex,Gryga,+48 979 285 661,Krakow,Kasprowicza 38/18,66121023979,2020-07-14,payment,2022-01-23
Nicole,Piesik,+48 484 670 374,Wroclaw,Legnicka 65/58,73052084036,2020-10-07,payment,2023-09-18
Tobiasz,Bilik,+48 375 144 785,Krakow,Karmelicka 37/66,80022847038,2024-06-14,payment,2021-08-02
Olaf,Giersz,+48 760 762 589,Gdansk,Piastowska 96/2,82090647549,2023-12-25,payment,2020-11-20
Maurycy,Frankowicz,+48 827 685 768,Gdansk,Alei Grunwaldzka 96/9,89090632069,2020-07-31,payment,2024-07-07
Jędrzej,Piszcz,+48 545 770 378,Gdansk,Karpacka 65/16,85042359592,2022-06-03,contract signing,2022-03-29
Julianna,Drynda,+48 199 339 737,Gdansk,Dlugi Targ 13/78,55012759316,2021-08-11,contract signing,2020-11-08
Janina,Basak,+48 405 681 577,Wroclaw,Mokotowska 46/11,00051285762,2022-12-28,payment,2021-03-17
Urszula,Gwardiak,+48 584 685 752,Warsaw,Inzynierska 88/34,06010495522,2021-03-27,payment,2021-05-19
Jan,Skotarczak,+48 908 992 192,Poznan,Zernickie 73/84,44062381509,2024-01-30,payment,2021-09-27
Szymon,Juras,+48 744 348 357,Gdansk,Targ Weglowy 100/78,42032122952,2020-12-19,contract signing,2021-08-17
Sonia,Kościk,+48 729 305 405,Wroclaw,Obornicka 83/39,59092245693,2023-04-17,payment,2023-08-04
Kazimierz,Przewoźniak,+48 512 357 640,Warsaw,Krakowskie Przedmiescie 78/69,55012014655,2021-10-24,payment,2022-07-04
Bartek,Parkitny,+48 926 285 531,Krakow,Lipowa 19/7,87110130872,2022-06-12,payment,2020-12-19
Julianna,Karol,+48 421 330 776,Wroclaw,Swietego Mikolaja 39/51,41080114166,2023-09-20,payment,2024-10-10
Krystyna,Konsek,+48 376 858 305,Warsaw,Bialostocka 5/45,80051356565,2020-07-22,payment,2021-11-15
Julianna,Andrearczyk,+48 982 508 225,Gdansk,Podgorna 94/85,47101140761,2023-08-31,payment,2023-08-12
Urszula,Tlałka,+48 724 601 196,Wroclaw,Aleja 1 Maja 19/46,61080818433,2020-01-28,payment,2020-08-02
Róża,Woszczyna,+48 708 557 191,Poznan,Przybyszowska 14/38,03092577995,2021-09-10,payment,2023-10-19
Kornel,Jurczuk,+48 580 303 311,Poznan,Staroleka 78/27,98092726449,2024-03-29,payment,2024-04-23
Sonia,Krzosek,+48 570 699 969,Warsaw,Stalowa 33/14,68060837718,2020-02-21,payment,2023-01-25
Ignacy,Kuza,+48 792 411 330,Poznan,Mikolajewska 72/8,82101544108,2022-01-31,payment,2023-08-23
Iwo,Gonet,+48 312 793 622,Krakow,Chorazowka 44/97,98030613763,2022-11-25,payment,2023-06-13
Dagmara,Wyciszkiewicz,+48 797 841 540,Wroclaw,Legnicka 53/73,45110233926,2020-08-06,contract signing,2024-02-08
Artur,Burza,+48 607 631 329,Poznan,Gorzyslawa 47/41,99090393127,2024-07-11,payment,2024-07-22
Jan,Zimniak,+48 357 645 515,Gdansk,Alei Grunwaldzka 35/65,63060361360,2021-12-16,contract signing,2024-02-20
Antoni,Pierchała,+48 913 637 751,Gdansk,Targ Weglowy 76/98,97060785165,2024-01-18,payment,2023-11-19
Sara,Czuryło,+48 939 903 247,Poznan,Blazenkowska 80/94,77012302486,2021-02-06,payment,2024-03-15
Apolonia,Szulist,+48 180 625 415,Warsaw,Stalowa 67/61,41091065356,2021-06-09,payment,2021-08-17
Sylwia,Karkocha,+48 194 707 750,Gdansk,Swietego Ducha 15/74,61101508297,2024-01-04,payment,2022-12-13
Olga,Kotala,+48 292 853 887,Warsaw,Nowy Swiat 65/100,52081582632,2024-10-11,payment,2022-11-12
Julita,Micał,+48 310 325 954,Krakow,Odrzanska 65/6,54072486891,2022-03-04,payment,2020-10-26
Klara,Chodak,+48 166 665 710,Warsaw,Woronicza 76/54,54112474480,2020-05-12,payment,2024-12-12
Adrian,Trybus,+48 238 269 350,Wroclaw,Rynkowska 55/19,59051587848,2021-05-18,payment,2024-10-28
Eliza,Drabczyk,+48 199 864 280,Krakow,Florianska 9/3,72010618339,2023-07-26,payment,2020-06-30
Sonia,Soroko,+48 685 601 874,Krakow,Podgorki 92/70,56021727994,2022-12-31,payment,2024-07-31
Dariusz,Solis,+48 161 819 805,Poznan,Poludniowa 90/15,71082794440,2023-05-30,payment,2020-03-11
Ida,Orwat,+48 318 122 455,Wroclaw,Aleja 1 Maja 15/47,89102100669,2021-05-20,payment,2020-09-01
Bartek,Toś,+48 241 592 395,Poznan,Blazenkowska 11/86,63120772699,2023-10-30,payment,2023-03-22
Cezary,Musiolik,+48 216 161 574,Poznan,Grunwaldzka 7/55,94060197464,2020-07-04,payment,2022-11-13
Aurelia,Ludwiniak,+48 153 203 516,Poznan,Zernickie 43/80,44061896954,2024-09-04,contract signing,2024-02-17
Sylwia,Myrcik,+48 547 803 443,Gdansk,Alei Grunwaldzka 14/20,03061022653,2021-08-21,payment,2022-04-29
Kacper,Browarczyk,+48 657 624 651,Krakow,Odrzanska 58/37,96041258171,2021-10-05,contract signing,2024-05-25
Paweł,Wasil,+48 725 771 502,Poznan,Opolska 99/100,72111542689,2024-05-24,contract signing,2023-06-14
Janina,Wojtarowicz,+48 186 733 579,Poznan,Sienkiewicza 99/86,84031575294,2024-01-10,payment,2020-04-04
Borys,Nytko,+48 809 248 896,Poznan,Wiosna 13/60,47032170349,2021-09-27,payment,2022-10-22
Maks,Stanuch,+48 652 149 117,Wroclaw,Katedralna 39/26,93091084008,2022-02-07,payment,2021-01-07
Dawid,Sobiło,+48 402 396 865,Poznan,Staroleka 56/36,81062502833,2022-10-16,payment,2021-12-26
Kajetan,Fac,+48 456 107 883,Gdansk,Al. Grunwaldzka 12/47,53061268643,2024-01-28,payment,2022-03-17
Aleksander,Kik,+48 849 956 969,Warsaw,Narbutta 55/93,03022817519,2020-12-26,contract signing,2023-11-28
Dagmara,Szajda,+48 870 142 903,Warsaw,Sowinskiego 33/79,95072745045,2020-04-12,payment,2021-03-07
Sylwia,Smykla,+48 849 902 267,Gdansk,Morska 42/33,57101929646,2023-08-29,contract signing,2024-04-01
Angelika,Parafiniuk,+48 388 577 149,Gdansk,Gdanska 37/5,05032323617,2020-12-05,payment,2022-11-19
Kalina,Gryska,+48 720 336 273,Warsaw,Krakowskie Przedmiescie 66/12,89121236879,2022-04-28,payment,2022-06-05
Ada,Owsiak,+48 602 241 158,Poznan,Blazenkowska 85/77,64111367278,2020-08-24,payment,2022-06-28
Arkadiusz,Sulich,+48 714 460 624,Poznan,Mikolajewska 78/93,43052886693,2023-01-08,payment,2020-04-11
Sandra,Hanus,+48 925 974 705,Wroclaw,Swidnicka 67/63,51111352553,2024-06-20,payment,2021-05-04
Kornelia,Pawliszyn,+48 133 655 787,Poznan,Polwiejska 45/62,81110315538,2020-04-20,payment,2024-07-30
Alex,Bogusiewicz,+48 112 823 453,Poznan,Strzeszynska 69/52,60111825066,2023-07-26,payment,2023-01-31
Klara,Dąbkiewicz,+48 466 416 117,Gdansk,Gdanska 28/10,67091940921,2022-05-30,payment,2021-02-14
Konrad,Gęgotek,+48 144 535 144,Gdansk,Zaspa 87/82,57010839764,2020-09-09,payment,2024-03-18
Aleks,Guściora,+48 638 690 274,Warsaw,Chmielna 39/55,94062039827,2024-01-17,payment,2024-10-05
Łukasz,Drobek,+48 881 524 205,Poznan,Grunwaldzka 48/43,69120997665,2023-01-15,payment,2023-12-20
Tola,Wojtaszak,+48 191 699 357,Warsaw,Wilenska 85/25,56060489271,2020-05-02,payment,2024-12-06
Filip,Mendak,+48 752 173 675,Gdansk,Podgorna 27/12,58081430418,2023-06-17,payment,2023-08-24
Krystyna,Zawal,+48 356 893 238,Poznan,Blazenkowska 30/18,97060423324,2021-09-01,payment,2023-10-14
Maurycy,Świerkosz,+48 776 223 326,Gdansk,Swietego Ducha 84/12,64020620842,2021-08-05,payment,2023-06-26
Konstanty,Wujec,+48 837 120 485,Warsaw,Marszalkowska 8/7,64080268390,2023-03-18,payment,2023-12-15
Ernest,Krokosz,+48 378 672 792,Poznan,Grunwaldzka 84/17,42091398547,2024-04-20,payment,2021-12-19
Kamila,Ropiak,+48 324 225 947,Gdansk,Jaskowa Dolina 93/37,00101555243,2021-05-13,payment,2020-05-23
Aniela,Sajda,+48 830 146 444,Poznan,Dabrowa 54/67,79110337953,2022-08-06,payment,2023-05-02
Krystyna,Cichos,+48 655 411 245,Wroclaw,Miejska 77/90,94101122396,2020-08-16,contract signing,2020-08-29
Julianna,Kijas,+48 791 300 607,Poznan,Pieciomorgowa 85/1,58090324971,2022-08-08,payment,2023-02-07
Iwo,Kłosowicz,+48 692 543 976,Wroclaw,Polan 33/6,48020810270,2021-05-30,payment,2021-08-09
Fryderyk,Zębik,+48 789 762 863,Wroclaw,Katedralna 86/23,51012665006,2022-08-19,payment,2020-04-24
Aleksander,Murach,+48 424 941 267,Wroclaw,Czarnowiejska 96/76,82021625338,2021-07-15,contract signing,2020-08-09
Marcelina,Dzidek,+48 182 194 753,Krakow,Chorazowka 27/59,52110283875,2020-08-21,payment,2023-07-23
Marika,Kurczab,+48 847 579 606,Wroclaw,Zaodrze 88/50,91080579292,2020-03-21,payment,2024-11-13
Nataniel,Chwalisz,+48 922 352 253,Gdansk,Al. Grunwaldzka 92/15,59040760788,2022-03-16,contract signing,2021-07-10
Mateusz,Frączkiewicz,+48 930 772 639,Gdansk,Alei Grunwaldzka 66/5,52012663865,2020-12-10,payment,2020-07-28
Natan,Pęciak,+48 151 502 148,Gdansk,Bociania 26/71,71051601281,2020-12-06,payment,2024-09-19
Leonard,Golonko,+48 121 817 769,Poznan,Strzeszynska 59/36,97092150696,2022-04-08,payment,2023-06-17
Jakub,Stempin,+48 216 604 732,Krakow,Centralna 37/90,02062551375,2020-04-24,payment,2020-11-24
Olaf,Miękus,+48 720 843 257,Krakow,Podgorki 35/76,42092823965,2023-10-03,payment,2021-03-12
Apolonia,Lamch,+48 154 254 883,Wroclaw,Swidnicka 55/59,40092052505,2022-01-07,payment,2024-04-26
Dariusz,Kozubal,+48 921 288 858,Warsaw,Rakowiecka 86/64,76030715715,2023-08-20,payment,2023-06-30
Marcin,Mazan,+48 364 868 727,Gdansk,Al. Grunwaldzka 65/62,57061679971,2020-08-11,payment,2023-09-06
Elżbieta,Kycia,+48 911 230 971,Krakow,Wielopole 48/6,41081653697,2021-12-26,payment,2021-02-18
Nikodem,Wielądek,+48 897 106 438,Wroclaw,Piekarska 42/43,85102740276,2022-09-07,payment,2021-02-12
Przemysław,Barczuk,+48 880 744 665,Krakow,Aleja Roz 64/66,79120228641,2022-09-29,payment,2024-03-11
Nikodem,Piekara,+48 317 524 550,Warsaw,Targowa 66/79,58080334393,2022-05-24,contract signing,2023-11-08
Tadeusz,Jonczyk,+48 554 762 429,Warsaw,Sowinskiego 79/94,73022348302,2021-06-21,payment,2022-03-07
Karol,Lukas,+48 304 562 219,Krakow,Plac Nowy 54/98,55030580606,2020-07-04,payment,2023-01-21
Roksana,Gerlach,+48 678 922 349,Gdansk,Podgorna 88/96,87081923604,2023-12-28,payment,2020-01-27
Oskar,Mosiołek,+48 247 379 971,Warsaw,Batory 61/61,64032234222,2023-04-01,payment,2020-02-20
Marcelina,Gietka,+48 181 788 952,Warsaw,Krakowskie Przedmiescie 78/46,75050307575,2024-02-27,payment,2024-11-28
Tobiasz,Mysior,+48 512 631 719,Krakow,Lipowa 89/48,48051185514,2020-02-15,payment,2024-08-11
Marcelina,Kuczak,+48 768 956 778,Warsaw,Chmielna 73/18,92102661090,2020-04-13,payment,2022-09-03
Krystyna,Neska,+48 589 768 559,Wroclaw,Zaodrze 4/59,70091861211,2024-03-06,payment,2023-03-04
Damian,Dorynek,+48 443 611 859,Wroclaw,Olawska 34/21,94030357845,2022-05-09,contract signing,2022-10-08
Rafał,Szczesiak,+48 449 586 717,Poznan,Poludniowa 34/100,60031260053,2020-09-27,payment,2021-09-12
Marika,Nurek,+48 483 259 824,Krakow,Florianska 8/75,05030427931,2020-06-26,payment,2021-04-06
Konrad,Gajowiak,+48 847 131 457,Warsaw,Ludwika Rydygiera 45/12,66101660626,2024-04-09,payment,2023-09-30
Karol,Kryk,+48 256 242 979,Krakow,Szeroka 30/82,86091139076,2020-01-03,payment,2022-08-16
Ernest,Starzak,+48 174 225 830,Gdansk,Ostroda 63/35,66071116596,2024-04-28,payment,2020-06-13
Andrzej,Goral,+48 806 960 818,Poznan,Laskotelna 10/79,57081210466,2023-03-30,payment,2024-10-14
Angelika,Margas,+48 669 649 222,Wroclaw,Piekarska 4/95,61020332920,2024-05-28,contract signing,2024-12-11
Ada,Hamrol,+48 800 372 401,Poznan,Kraszewskiego 19/92,91010551871,2024-05-20,payment,2023-04-19
Maurycy,Andruszko,+48 633 819 621,Poznan,Przybyszowska 31/93,06030327146,2023-10-31,payment,2020-11-10
Sylwia,Sieg,+48 236 464 289,Wroclaw,Zaodrze 50/36,77122169580,2021-07-06,payment,2023-07-18
Sonia,Pietryga,+48 403 837 359,Gdansk,Karpacka 69/10,95040987165,2023-08-10,payment,2024-08-07
Ksawery,Kunert,+48 782 818 872,Gdansk,Rynkowska 32/23,99121510136,2023-05-18,payment,2024-03-11
Szymon,Pajda,+48 230 212 506,Poznan,Zernickie 96/25,52081433327,2021-08-10,payment,2023-08-11
Mieszko,Stark,+48 802 815 687,Poznan,Opolska 18/29,82100985902,2020-05-04,payment,2022-01-05
Daniel,Orszulik,+48 979 465 491,Wroclaw,Miejska 46/75,95052825464,2020-06-22,payment,2022-10-09
Roksana,Kryza,+48 532 839 858,Gdansk,Zaspa 64/82,06041791071,2021-05-02,payment,2023-08-05
Sara,Łukowiak,+48 781 887 722,Gdansk,Swietego Ducha 61/65,50081749453,2023-03-25,payment,2022-02-03
Iwo,Malecha,+48 704 942 970,Wroclaw,Aleja 1 Maja 56/21,73021669684,2022-10-05,payment,2020-04-21
Oliwier,Kawulok,+48 954 487 127,Wroclaw,Swietego Mikolaja 90/68,48050596210,2022-09-27,payment,2023-03-07
Kamila,Fugiel,+48 870 362 765,Warsaw,Targowa 67/16,78120503897,2024-03-06,contract signing,2023-07-29
Kaja,Ceran,+48 105 985 624,Wroclaw,Olawka 88/22,63082537712,2021-03-09,contract signing,2023-02-17
Filip,Tomaszkiewicz,+48 408 558 769,Wroclaw,Ziebicka 53/38,92112035728,2020-03-19,contract signing,2022-03-31
Tymoteusz,Małocha,+48 677 437 685,Krakow,Dluga 73/4,58071048007,2023-10-26,payment,2021-04-15
Sara,Walus,+48 918 693 519,Poznan,Poludniowa 74/95,98120722870,2023-09-19,payment,2023-02-20
Marianna,Szok,+48 773 908 665,Gdansk,Morska 46/51,57061036516,2020-10-22,payment,2021-10-05
Kajetan,Stachewicz,+48 585 105 352,Krakow,Plac Nowy 8/52,02092248760,2020-05-31,payment,2020-01-14
Lidia,Kasper,+48 738 665 325,Krakow,Lipowa 84/36,46030349485,2022-06-12,payment,2021-09-23
Ewelina,Starzak,+48 454 201 946,Warsaw,Nowy Swiat 20/57,75062394059,2024-03-27,payment,2022-06-14
Łukasz,Puto,+48 196 290 887,Wroclaw,Swidnicka 85/45,41121034000,2021-11-06,payment,2020-07-30
Julianna,Gołota,+48 331 922 480,Gdansk,Targ Weglowy 39/85,06092770931,2020-12-31,payment,2022-09-23
Bartek,Grzywnowicz,+48 150 339 996,Krakow,Swietokrzyska 55/12,65042567049,2022-12-26,payment,2023-01-17
Natasza,Torbus,+48 669 709 691,Gdansk,Aleja Jana Pawla II 6/5,49062789265,2020-01-29,contract signing,2020-06-27
Nela,Manista,+48 933 461 543,Krakow,Aleja Roz 56/26,41032678357,2022-04-01,payment,2020-08-20
Ada,Mordak,+48 217 881 470,Gdansk,Rynkowska 29/45,73021801576,2020-02-02,contract signing,2022-05-14
Robert,Mazan,+48 625 212 213,Warsaw,Zabkowska 41/61,84102611786,2021-07-23,payment,2024-01-03
Krystyna,Gomuła,+48 729 618 484,Poznan,Czajkowska 75/80,63011287758,2022-07-13,payment,2022-01-21
Oliwier,Minta,+48 300 325 596,Wroclaw,Trzmielowice 64/52,99110184782,2024-10-01,payment,2021-03-31
Hubert,Dunal,+48 863 649 528,Wroclaw,Hutnicza 82/37,65061605001,2023-11-14,payment,2023-02-23
Konrad,Starościak,+48 726 393 412,Warsaw,Krakowskie Przedmiescie 39/43,74031522136,2021-06-01,payment,2020-04-19
Ada,Strug,+48 202 507 173,Wroclaw,Trzmielowice 40/84,90031385225,2021-07-15,payment,2024-09-19
Julianna,Rembisz,+48 357 708 667,Wroclaw,Hutnicza 49/83,89120818571,2024-09-06,payment,2022-09-21
Gaja,Soliwoda,+48 962 934 240,Gdansk,Targ Weglowy 7/56,48120375028,2022-09-03,payment,2024-06-22
Ada,Łyskawa,+48 507 497 591,Krakow,Karmelicka 24/46,97010984880,2024-06-21,payment,2023-03-08
Filip,Klinkosz,+48 138 271 687,Krakow,Centralna 74/12,84090670996,2022-09-12,payment,2022-02-05
Gustaw,Gromala,+48 856 715 671,Wroclaw,Polan 33/20,85110359570,2020-05-20,payment,2021-11-20
Monika,Kozok,+48 433 963 379,Poznan,Staroleka 36/75,96061113025,2023-02-17,payment,2020-02-21
Jerzy,Woźniczko,+48 703 236 873,Krakow,Szeroka 99/46,59081127517,2022-10-11,payment,2022-08-24
Anna Maria,Kycia,+48 379 107 818,Krakow,Centralna 67/5,71092431203,2021-05-23,contract signing,2020-10-07
Dawid,Kapera,+48 601 238 855,Wroclaw,Miejska 66/6,65012796093,2020-01-14,payment,2021-06-25
Justyna,Jaśko,+48 992 828 546,Poznan,Polwiejska 5/22,70022844166,2020-09-19,payment,2021-01-29
Bruno,Bubak,+48 433 965 780,Gdansk,Alei Grunwaldzka 51/59,77090937840,2023-06-27,payment,2021-08-12
Nikodem,Kamieniarz,+48 103 501 368,Poznan,Sienkiewicza 66/95,52030818382,2022-01-02,payment,2024-11-19
Inga,Dębniak,+48 355 323 468,Warsaw,Chmielna 38/44,90061430362,2024-03-25,payment,2021-08-17
Olaf,Jędrusiak,+48 616 114 655,Gdansk,Podwale Staromiejskie 77/34,87110762257,2022-11-02,payment,2020-09-19
Tola,Cal,+48 198 555 118,Krakow,Aleja Roz 21/38,06060678641,2023-01-09,payment,2023-04-08
Kaja,Sady,+48 103 351 239,Warsaw,Targowa 56/16,58081835053,2024-10-09,payment,2024-07-18
Marcelina,Rurka,+48 577 608 113,Gdansk,Piastowska 73/16,92061067555,2023-11-26,payment,2022-01-27
Melania,Mortka,+48 716 704 880,Wroclaw,Polan 65/6,76081396563,2020-01-29,contract signing,2021-09-10
Piotr,Gonsior,+48 125 442 493,Poznan,Tory 72/18,99120622443,2020-01-09,payment,2020-09-08
Jeremi,Patyna,+48 943 346 749,Krakow,Rzeszowska 75/56,49042816785,2021-09-26,contract signing,2024-01-14
Radosław,Nalewajek,+48 738 160 495,Warsaw,Inzynierska 74/99,56031680845,2022-12-14,payment,2021-07-22
Iwo,Czuryło,+48 438 664 857,Krakow,Aleja Roz 33/45,66101970668,2020-06-10,contract signing,2021-07-12
Łukasz,Burnat,+48 960 550 448,Krakow,Plac Nowy 80/19,03110429299,2020-04-26,payment,2021-03-03
Antoni,Pierzak,+48 590 348 385,Poznan,Przybyszowska 90/92,76121272150,2020-10-25,payment,2023-05-31
Mikołaj,Włodarz,+48 930 472 819,Warsaw,Stalowa 72/22,58080583704,2021-07-27,payment,2021-05-24
Anastazja,Konrad,+48 302 455 593,Wroclaw,Polan 20/38,73072142550,2020-04-28,payment,2022-06-25
Oliwier,Małyszek,+48 580 455 398,Wroclaw,Katedralna 65/89,49062262984,2023-02-26,payment,2023-04-01
Miłosz,Nazimek,+48 328 183 892,Krakow,Jozefa 15/86,64122583137,2020-09-23,payment,2023-10-21